sm19466301	【初音ミク】「独りんぼエンヴィー」【オリジナル】	2012-11-29T21:04:20+09:00	865371		https://nicovideo.cdn.nimg.jp/thumbnails/19466301/19466301	5405735	67011	8717	31358	202	VOCALOID	電ポルP	koyori	初音ミク	独りんぼエンヴィー	ミクオリジナル曲	VOCALOID伝説入り	初音ミク名曲リンク	DAM&JOY配信中	VOCALOID実写PV	『Youthfull』収録曲
sm14330479	初音ミク　オリジナル曲　「アンハッピーリフレイン」	2011-05-02T19:00:40+09:00	11912389		https://nicovideo.cdn.nimg.jp/thumbnails/14330479/14330479	7349595	111202	12376	208613	225	VOCALOID	wowaka	アンハッピーリフレイン	「アンハッピーリフレイン」収録曲	初音ミク	ミクオリジナル曲	VOCAROCK	VOCALOID伝説入り	初音ミク名曲リンク	DAM&JOY配信中	永遠に評価されるべき
sm38151837	◈*_回生	2021-01-22T19:00:00+09:00	93563471		https://nicovideo.cdn.nimg.jp/thumbnails/38151837/38151837.30421485	958357	4664	4960	1114	158	VOCALOID	UTAU	UTAUオリジナル曲	健音テイ	暗鳴ニュイ	湯鬱声からす	マイリス巡回推奨	回生（◈*）	ゆくえわっと	UTAU殿堂入り	UTAU伝説入り直前
sm42587352	【けん玉で】ネ⠀土⠀会⠀ェ⠀貝⠀南⠀犬⠀☆⠀カ⠀ゞ⠀ん⠀I⠀よ⠀″⠀る⠀ノ⠀D⠀A⠀!!｡演奏してみた【ボカコレ2023夏】	2023-08-06T19:07:03+09:00	62761706		https://nicovideo.cdn.nimg.jp/thumbnails/42587352/42587352.25021910	1438	6	60	101	263	演奏してみた	ボカコレ2023夏演奏してみた参加曲	異色演奏シリーズ	けん玉	ボカコレ2023夏	ネ土会ェ貝南犬☆カゞんIよ″るノDA!!｡	社会貢献☆がんばるノDA!!。				
sm41803605	匿名M / 初音ミク・ARuFa	2023-02-17T19:00:00+09:00	865591		https://nicovideo.cdn.nimg.jp/thumbnails/41803605/41803605.11363833	2367822	10882	30700	10204	159	VOCALOID	初音ミク	ピノキオピー	ARuFa	あるし	VOCALOIDと歌ってみた	VOCALOID伝説入り	VOCALOIDイメージソング	匿名M	「META」収録曲	
sm36036629	幽霊東京 / 初音ミク	2019-12-03T20:00:00+09:00	86488427		https://nicovideo.cdn.nimg.jp/thumbnails/36036629/36036629.66720257	2247574	16096	7465	4527	204	VOCALOID	初音ミク	ボカロ	Ayase	幽霊東京	VOCALOIDオリジナル曲	VOCALOID伝説入り	DAM&JOY配信中	初音ミク名曲リンク	ミクオリジナル曲	マイリス巡回推奨
sm27061830	ハウトゥワープ / 初音ミク	2015-09-01T19:19:00+09:00	49716308		https://nicovideo.cdn.nimg.jp/thumbnails/27061830/27061830.29492257	1725070	13134	998	7402	184	VOCALOID	初音ミク	ミクオリジナル曲	ナユタン星人	ハウトゥワープ	VOCALOID伝説入り	初音ミク名曲リンク	VOCALOID宇宙派	アンドロメダ子	DAM&JOY配信中	『ナユタン星からの物体X』収録曲
sm24536934	【初音ミク】ヒビカセ【オリジナル】	2014-09-24T00:00:00+09:00	4845576		https://nicovideo.cdn.nimg.jp/thumbnails/24536934/24536934	6119952	70706	10437	32601	256	VOCALOID	初音ミク	ヒビカセ	ギガP	れをる	お菊	ミクオリジナル曲	VOCALOIDイメージソング	VOCALOID伝説入り	初音ミク名曲リンク	DAM&JOY配信中
sm20423253	【GUMI・鏡音リン】 リンカーネイション 【オリジナル曲・PV付】	2013-03-24T20:00:20+09:00	24550889		https://nicovideo.cdn.nimg.jp/thumbnails/20423253/20423253	3040510	50857	1649	62863	218	VOCALOID	kemu	リンカーネイション（kemu）	GUMI	鏡音リン	ハツ子	ke-sanβ	KEMU_VOXX	リン&GUMIリンク	VOCALOID伝説入り	DAM&JOY配信中
sm14387746	【初音ミク】戯言スピーカー【オリジナル曲】	2011-05-07T23:27:19+09:00	111429		https://nicovideo.cdn.nimg.jp/thumbnails/14387746/14387746	1675981	29138	2292	18267	253	VOCALOID	ねこぼーろ	戯言スピーカー	初音ミク	VOCALOID伝説入り	初音ミク名曲リンク	ミクオリジナル曲	DAM&JOY配信中	ききいるミクうた		
sm24555945	┗|∵|┓金曜日のおはよう-another story-／HoneyWorks feat.初音ミク	2014-09-26T20:01:15+09:00	59387		https://nicovideo.cdn.nimg.jp/thumbnails/24555945/24555945	1385180	27063	1108	34140	243	VOCALOID	HoneyWorks	金曜日のおはよう-another_story-	初音ミク	告白実行委員会	初音ミク名曲リンク	ミクオリジナル曲	DAM&JOY配信中	VOCALOID伝説入り	ヤマコ(絵師)	
sm6119955	巡音ルカ「ルカルカ★ナイトフィーバー」【オリジナル曲】	2009-02-12T01:46:25+09:00	2476652		https://nicovideo.cdn.nimg.jp/thumbnails/6119955/6119955	6550584	108047	17593	135053	239	音楽	巡音ルカ	samfree	VOCALOID	ルカルカ★ナイトフィーバー	ルカオリジナル曲	VOCALOIDイメージソング	SAMナイトシリーズ	VOCALOID伝説入り	巡音ルカ名曲リンク	DAM&JOY配信中
nm6971638	【おどP】1/6 -out of the gravity-【初音ミク】	2009-05-07T00:37:30+09:00	2811152		https://nicovideo.cdn.nimg.jp/thumbnails/6971638/6971638	1807833	44329	2571	23808	267	初音ミク	ぼーかりおどP	1/6	VOCALOID	VOCALOID伝説入り	初音ミク名曲リンク	ミクオリジナル曲	DAM&JOY配信中	VOCAROCK	VOCALOID宇宙派	VOCALOID月曲
sm13560654	【初音ミク】BadBye【オリジナル曲PV付き】	2011-02-11T07:58:31+09:00	9514005		https://nicovideo.cdn.nimg.jp/thumbnails/13560654/13560654	1542671	40130	1090	17591	178	VOCALOID	軌跡＠CAxis	BadBye	厨二	koma’n	初音ミク	DAM&JOY配信中	VOCALOID伝説入り	VOCAROCK	初音ミク名曲リンク	ミクオリジナル曲
sm44397533	み　む　かｩ　わ　ナ　イ　ス　ト　ラ　イ	2024-12-06T19:19:00+09:00	120822636		https://nicovideo.cdn.nimg.jp/thumbnails/44397533/44397533.98839564	1638188	6474	25580	12882	219	VOCALOID	vocaloidオリジナル曲	初音ミク	モミアゲヲ投稿祭2024	みむかｩわナイストライ	ミクオリジナル曲	音楽	ボカロP自作アニメーションMVリンク	VOCALOID伝説入り	JOYSOUND性交渉中	なんでや！阪神関係ないやろ！
sm40354298	可不ちゃんのカレーうどん狂騒曲	2022-04-23T00:00:00+09:00	24780222		https://nicovideo.cdn.nimg.jp/thumbnails/40354298/40354298.81538690	1393480	8777	25261	33255	191	cevio_ai	VOCALOID	ボカコレ2022春TOP100参加作品	はゆ茶	ずんだもん	ネタ曲投稿祭ボカコレ出張組	cevioオリジナル曲	CeVIO殿堂入り	可不	可不ちゃんのカレーうどん狂騒曲	CeVIO伝説入り
sm3133304	【鏡音レン】悪ノ召使【中世物語風オリジナル】	2008-04-29T01:43:00+09:00	907343		https://nicovideo.cdn.nimg.jp/thumbnails/3133304/3133304	5152974	99782	6807	263556	310	VOCALOID	鏡音レン	レンオリジナル曲	悪ノＰ	悪ノ召使	鏡音レン名曲リンク	DAM&JOY配信中	VOCALOID伝説入り	鏡音三大悲劇	七つの大罪シリーズ関連曲	目からブリオッシュ
sm38333228	泡沫未来 / 初音ミク	2021-02-26T20:00:00+09:00	54491385		https://nicovideo.cdn.nimg.jp/thumbnails/38333228/38333228.29091096	568877	3370	3188	939	172	VOCALOID	初音ミク	ミクオリジナル曲	ネギシャワーP	MikuPOP	#プロセカNEXT	泡沫未来	お洒落なミクうた	VOCALOID殿堂入り	プロジェクトセカイ収録曲	VOCALOID水槽入り
sm27332594	プリズマ☆イリヤ ツヴァイ ヘルツ！ OP  「ワンダーステラ」 歌詞付き	2015-10-09T20:03:26+09:00	43509412		https://nicovideo.cdn.nimg.jp/thumbnails/27332594/27332594	2355934	11605	312	1410	296	音楽	fhána	プリズマ☆イリヤ	ワンダーステラ	ニコニコカラオケDB	アニソンカラオケDB	fate/kaleidliner	風教被害BGM	type-moon音楽関連リンク	on_vocal	
sm40160903	かめりあ - ヒアソビ (feat. 初音ミク)	2022-03-13T00:00:00+09:00	425677		https://nicovideo.cdn.nimg.jp/thumbnails/40160903/40160903.74398847	2452959	10823	11754	2559	247	VOCALOID	かめりあ	初音ミク	ミクオリジナル曲	プロセカNEXT	#プロセカNEXT	ヒアソビ（かめりあ）	VOCALOID伝説入り	musicdiver収録曲	エレクトロスウィング	マジカルミライ2025
so32698016	【#コンパス 】Let Me Take You【アダム＝ユーリエフ】	2018-02-10T18:00:00+09:00		2626010	https://nicovideo.cdn.nimg.jp/thumbnails/32698016/32698016	2013517	13881	1733	7850	184	VOCALOID	＃コンパス	banvox	狂zip	VOCALOID伝説入り	ミクオリジナル曲	Let_Me_Take_You	VOCALOIDと歌ってみた	初音ミク	#コンパスキャラソンリンク	ボカムンベース
sm2057168	M.C.ドナルドはダンスに夢中なのか？最終鬼畜道化師ドナルド・Ｍ	2008-01-17T02:37:09+09:00	921777		https://nicovideo.cdn.nimg.jp/thumbnails/2057168/2057168	23212832	186621	33628	23828482	318	ドナルド	U.N.オーエンは彼女なのか？	最終鬼畜妹フランドール・Ｓ	エンターテイメント	東方乱々流	音MAD	重要ニコニコ文化財	ドナルド教総本山	国宝「リグル観音」	東方紅毛郷	弾幕動画
sm16110005	【GUMI】 人生リセットボタン 【オリジナル曲・PV付】	2011-11-07T23:33:22+09:00	24550889		https://nicovideo.cdn.nimg.jp/thumbnails/16110005/16110005	4729520	93652	4100	85751	233	VOCALOID	人生リセットボタン	ハツ子	kemu	ke-sanβ	GUMI	GUMIオリジナル曲	VOCALOID処女作	VOCALOID伝説入り	GUMI名曲リンク	DAM&JOY配信中
sm25645403	【miki】 劇場愛歌 【オリジナル曲】	2015-02-23T19:04:10+09:00	26225387		https://nicovideo.cdn.nimg.jp/thumbnails/25645403/25645403	1669110	24673	1952	8558	261	VOCALOID	ナブナ	あわしま	mikiオリジナル曲	開発コードmiki	劇場愛歌	VOCAROCK	VOCALOID伝説入り	クールなmikiうた	DAM&JOY配信中	vocaloid劇場入り
sm5483070	〔手書き〕絵本『人柱アリス』のPVらしきもの（完成）	2008-12-08T18:47:56+09:00	8045626		https://nicovideo.cdn.nimg.jp/thumbnails/5483070/5483070	1028428	33602	300	33528	218	アニメ	VOCALOID-PV	VOCALOID-PV殿堂入り	人柱アリス	VOCALOID	人柱アリスPVリンク	pvつけてみた	歪P	ボカロ5兄弟		
sm22879165	【GUMI】「スキスキ絶頂症」【オリジナル】	2014-02-13T20:01:00+09:00	865371		https://nicovideo.cdn.nimg.jp/thumbnails/22879165/22879165	2496635	17485	3157	5907	214	VOCALOID	電ポルP	スキスキ絶頂症	GUMIオリジナル曲	koyori	GUMI	VOCALOID伝説入り	DAM&JOY配信中	GUMI名曲リンク	VOCAROCK	『Youthfull』収録曲
sm32537029	ターミナル / GUMI - ぬゆり	2018-01-07T19:00:00+09:00	10917285		https://nicovideo.cdn.nimg.jp/thumbnails/32537029/32537029	722470	5448	848	1527	260	VOCALOID	GUMI	ぬゆり	ターミナル(ぬゆり)	GUMIオリジナル曲	VOCALOID殿堂入り	mao_sasagawa	廣田痛	GUMI名曲リンク	DAM&JOY配信中	
so40968862	88☆彡 / ワンダーランズ×ショウタイム × KAITO	2022-08-24T20:30:00+09:00		2646600	https://nicovideo.cdn.nimg.jp/thumbnails/40968862/40968862.38474847	941149	6726	7592	2530	127	プロセカ公式	音楽	プロジェクトセカイ	ワンダーランズ×ショウタイム	KAITO	88☆彡	まらしぃ	kemu	VOCALOIDと歌ってみた	スオウ	プロセカ殿堂入り
sm18396337	ミクさんの誕生日をリンレン達5人が歌って祝う曲『Birthday Song for ミク』	2012-07-20T13:01:48+09:00	22580750		https://nicovideo.cdn.nimg.jp/thumbnails/18396337/18396337.47444356	641140	24982	889	20031	190	VOCALOID	Mitchie_M	llcheesell	Birthday_Song_for_ミク	加速サトウ	初音ミク誕生祭2012	VOCALOID殿堂入り	クリプトンオールスターズ	VOCALOIDイメージソング	vocaloidオリジナル曲	ニコニコdaily_topics
sm17211747	【初音ミク】 ろりこんでよかった～ 【フルver.PV】おじりなる(*´ω｀*)	2012-03-10T21:38:43+09:00	8843101		https://nicovideo.cdn.nimg.jp/thumbnails/17211747/17211747	1305572	43600	724	61739	208	VOCALOID	初音ミク	Takebo3	猫飴	してくべ	ろりこんでよかった~	ミクオリジナル曲	VOCALOID伝説入り	もきゅもきゅ		
sm31807833	死ぬにはいい日だった ft. 初音ミク	2017-08-25T20:00:00+09:00	2786131		https://nicovideo.cdn.nimg.jp/thumbnails/31807833/31807833	511549	4633	1140	8573	273	VOCALOID	初音ミク	ミクオリジナル曲	ピコン	死ぬにはいい日だった	マイリス巡回推奨	VOCALOID殿堂入り	ききいるミクうた	vocaloid実写pv	vocaloid夏曲	ボカロバラード
sm28751658	[MV] 脱獄 ／ Neru feat. 鏡音リン	2016-05-01T19:00:10+09:00	112798		https://nicovideo.cdn.nimg.jp/thumbnails/28751658/28751658	2261958	25341	2168	20939	226	VOCALOID	Neru	しづ	脱獄（Neru）	鏡音リン	リンオリジナル曲	VOCALOID伝説入り	鏡音リン名曲リンク	DAM&JOY配信中	マイリス巡回推奨	良調教
sm26253362	言葉のいらない約束 / sana	2015-05-14T20:00:00+09:00	14581957		https://nicovideo.cdn.nimg.jp/thumbnails/26253362/26253362	2356277	33810	509	33005	254	音楽	言葉のいらない約束	HoneyWorks	sana[さな]	NARUTO	無限月読	マダラのテーマ	うちはサナ	アニソンfull	風評被害	うちはマダラ
sm33721009	閻魔さまのいうとおり / 初音ミク	2018-08-20T19:00:00+09:00	865591		https://nicovideo.cdn.nimg.jp/thumbnails/33721009/33721009	1174986	12233	1695	3261	239	VOCALOID	初音ミク	ピノキオピー	ミクオリジナル曲	閻魔さまのいうとおり	DAM&JOY配信中	VOCALOID伝説入り	VOCALOIDと歌ってみた	初音ミク名曲リンク	VOCALOID地獄入り	
sm29238961	飛行少女 / 初音ミク	2016-07-13T19:19:54+09:00	49716308		https://nicovideo.cdn.nimg.jp/thumbnails/29238961/29238961.21873879	2098599	16040	1690	11378	193	VOCALOID	初音ミク	ミクオリジナル曲	ナユタン星人	飛行少女	VOCALOID伝説入り	アンドロメダ子	VOCAROCK	『ナユタン星からの物体X』収録曲		
sm3945173	初音ミク　オリジナル曲　「驫麤～とりぷるばか～」fullver.	2008-07-13T06:49:19+09:00	2523470		https://nicovideo.cdn.nimg.jp/thumbnails/3945173/3945173	1311765	23582	4457	57632	245	音楽	初音ミク	とりぷるばか	VOCALOID	ラマーズP	重音テト	亞北ネル	VOCALOID伝説入り	UTAU伝説入り	おっおっ	
sm39875801	【GUMI×初音ミク】アイデンティティ【Kanaria】	2022-01-09T19:06:02+09:00	95303437		https://nicovideo.cdn.nimg.jp/thumbnails/39875801/39875801.31395219	5123286	23705	31487	5731	155	VOCALOID	Kanaria	アイデンティティ(Kanaria)	LAM	雷雷公社	GUMI	初音ミク	プロジェクトセカイ収録曲	カップヌードルのセカイ	ミク＆GUMIリンク	VOCALOID伝説入り
sm16915126	【GUMI】 イカサマライフゲイム 【オリジナル・PV付】	2012-02-08T22:37:02+09:00	24550889		https://nicovideo.cdn.nimg.jp/thumbnails/16915126/16915126	4716641	91499	2684	93483	250	VOCALOID	イカサマライフゲイム（kemu）	kemu	ハツ子	Ke-sanβ	GUMI	KEMU_VOXX	GUMIオリジナル曲	VOCALOID伝説入り	GUMI名曲リンク	DAM&JOY配信中
sm18511216	【GUMI】 カミサマネジマキ 【オリジナル・PV付】	2012-08-02T19:00:00+09:00	24550889		https://nicovideo.cdn.nimg.jp/thumbnails/18511216/18511216	3344314	62734	1913	74510	225	VOCALOID	カミサマネジマキ（kemu）	kemu	ハツ子	ke-sanβ	KEMU_VOXX	GUMI	GUMIオリジナル曲	VOCALOID伝説入り	GUMI名曲リンク	DAM&JOY配信中
sm27304884	パーフェクト生命 / 初音ミク	2015-10-06T19:03:00+09:00	49716308		https://nicovideo.cdn.nimg.jp/thumbnails/27304884/27304884.83714074	2310842	16984	1422	10046	183	VOCALOID	初音ミク	ミクオリジナル曲	ナユタン星人	パーフェクト生命	アンドロメダ子	VOCALOID伝説入り	DAM&JOY配信中	初音ミク名曲リンク	maimai収録曲	『ナユタン星からの物体X』収録曲
sm30681505	【結月ゆかり】フリィダム ロリィタ【オリジナル】	2017-02-21T20:00:00+09:00	35275687		https://nicovideo.cdn.nimg.jp/thumbnails/30681505/30681505	2259286	13654	2122	6213	222	VOCALOID	結月ゆかり	ゆかりオリジナル曲	ねじ式(火曜日P)	檀上大空	フリィダムロリィタ	VOCALOID伝説入り	結月ゆかり名曲リンク	maimai収録曲	DAM&JOY配信中	うp主誕生祭2017
sm14595248	【初音ミク】メカクシコード【オリジナル】	2011-05-29T20:10:03+09:00	15872264		https://nicovideo.cdn.nimg.jp/thumbnails/14595248/14595248	2883052	44121	2573	62092	227	VOCALOID	あの、どこでこのパーカー売ってますか？	しづ	自然の敵Ｐ	ちゅうた	メカクシコード	初音ミク	じん(自然の敵P)	ミクオリジナル曲	カゲロウプロジェクト	VOCALOID伝説入り
sm13612500	【鏡音リンレン】リモコン【オリジナル/ワンオポ】	2011-02-16T01:43:11+09:00	13893300		https://nicovideo.cdn.nimg.jp/thumbnails/13612500/13612500	3404963	70873	3754	163248	311	VOCALOID	鏡音リン	鏡音レン	ワンダフル☆オポチュニティ！	noarchive	グライダー絵師	リモコン（じーざすP）	鏡音オリジナル曲	鏡音リン・レン	VOCALOID伝説入り	DAM&JOY配信中
sm20238667	Angel Beats! キャラコメ 第八話 「Dancer in the Dark」	2013-03-03T23:07:47+09:00	21941764		https://nicovideo.cdn.nimg.jp/thumbnails/20238667/20238667	371965	3612	129	6283	1471	Angelbeats!	キャラコメ	神回	マーキー（CIA)	U-3	察すBGM	日向さ～ん！！	ゆさっぺ	ゆささぁぁん！！	Hinatar_in_the_Dark	08:16
sm23053733	LUVORATORRRRRY! ver れをる feat.nqrse	2014-03-09T18:00:00+09:00	16253346		https://nicovideo.cdn.nimg.jp/thumbnails/23053733/23053733	4634381	39278	1355	10539	205	歌ってみた	LUVORATORRRRRY!	れをる	nqrse	ギガP	真琴	お菊				
sm18684672	【GUMI】Masked bitcH【オリジナル】	2012-08-22T19:30:00+09:00	4845576		https://nicovideo.cdn.nimg.jp/thumbnails/18684672/18684672	1798043	27295	1282	6828	223	VOCALOID	Masked_bitcH	ギガP	梅太郎	q*Left	VOCALOID伝説入り	GUMIオリジナル曲	GUMI	GUMI名曲リンク	DAM&JOY配信中	「ボカ☆フレ!2」収録曲
sm35277963	【人力刀剣乱舞】怪盗Fの台本～消えたダイヤの謎～	2019-06-17T21:28:06+09:00	28877047		https://nicovideo.cdn.nimg.jp/thumbnails/35277963/35277963.39048559	13973	192	72	87	248	刀剣乱舞	人力刀剣乱舞	黒田組	多キャラ刀剣乱舞							
so12844624	DECO*27 - 愛迷エレジー feat. marina	2010-12-01T00:00:00+09:00		171	https://nicovideo.cdn.nimg.jp/thumbnails/12844624/12844624	3170239	91849	381	51060	196	音楽	DECO*27	akka	mirto	marina	オリジナル曲	愛迷エレジー	NNIオリジナル曲	ニコニコインディーズ伝説入り		
sm24237168	【flower】「曖昧劣情Lover」【オリジナル】	2014-08-14T20:01:00+09:00	865371		https://nicovideo.cdn.nimg.jp/thumbnails/24237168/24237168	2059030	25742	2606	7166	216	VOCALOID	電ポルP	koyori	v_flower	v_flowerオリジナル曲	曖昧劣情Lover	flowerデビューアルバム「debut」収録曲	『FOLK』収録曲	VOCAROCK	v_flower名曲リンク	VOCALOID伝説入り
sm26776262	┗|∵|┓東京サマーセッション ／ HoneyWorks （sana×CHiCO）	2015-07-24T17:55:00+09:00	59387		https://nicovideo.cdn.nimg.jp/thumbnails/26776262/26776262	5261136	71025	1046	169134	227	音楽	HoneyWorks	sana	CHiCO	東京サマーセッション	ニコニコインディーズ					
sm10289400	【オリジナル曲】演劇テレプシコーラ【初音ミク】	2010-04-05T18:37:03+09:00	380847		https://nicovideo.cdn.nimg.jp/thumbnails/10289400/10289400	797367	16666	681	9961	210	VOCALOID	演劇テレプシコーラ	米津玄師	ハチ	初音ミク	ミクオリジナル曲	VOCALOID殿堂入り	初音ミク名曲リンク	DAM&JOY配信中	衝撃のラスト	
sm26610255	アンドロメダアンドロメダ / 初音ミク	2015-07-01T19:03:00+09:00	49716308		https://nicovideo.cdn.nimg.jp/thumbnails/26610255/26610255.90922837	2880049	20881	2344	14527	183	VOCALOID	初音ミク	ミクオリジナル曲	ナユタン星人	アンドロメダ子	アンドロメダアンドロメダ	VOCALOID処女作	VOCALOID伝説入り	初音ミク名曲リンク	『ナユタン星からの物体X』収録曲	DAM&JOY配信中
sm24024502	【IA】イヤホンと蝉時雨【オリジナル】	2014-07-17T21:09:19+09:00	32260190		https://nicovideo.cdn.nimg.jp/thumbnails/24024502/24024502	3044596	31085	2689	18496	258	VOCALOID	Orangestar	イヤホンと蝉時雨	IA_-ARIA_ON_THE_PLANETES-	IAオリジナル曲	蜜柑星P	M.B	VOCALOID伝説入り	VOCALOID夏曲	DAM&JOY配信中	イヤホン推奨
sm35584107	【初音ミク】　ゴキブリの味　【オリジナル】	2019-08-24T20:00:00+09:00	15918028		https://nicovideo.cdn.nimg.jp/thumbnails/35584107/35584107.44343432	1428506	6433	5237	59837	269	VOCALOID	初音ミク	みんなのうつ	ゴキブリの味	ミクオリジナル曲	初音ミク名曲リンク	MARETU	VOCALOID伝説入り	元気が減るミクうた	青春ソング	なにわろてんねん
sm2540481	【鏡音リン・レン】ジェミニ【オリジナル】	2008-03-07T02:01:14+09:00	1169727		https://nicovideo.cdn.nimg.jp/thumbnails/2540481/2540481	760117	18600	708	19742	311	音楽	鏡音リン	鏡音レン	Vocaloid	DixieFlatline	鏡音リン・レン名曲リンク	鏡音オリジナル曲	初音ミク-ProjectDIVA-2nd収録曲	VOCALOID殿堂入り	マジカルミライ2018	マジカルミライ2025
sm10331306	エイプリルフールに数学教師がやったジョーク	2010-04-09T13:22:47+09:00	15742279		https://nicovideo.cdn.nimg.jp/thumbnails/10331306/10331306	1535430	22927	391	23595	138	エンターテイメント	4月1日	世界一受けたい授業	エイプリルフール	謎の技術	WindowsXP	なぜベストを尽くしたのか	バイオラ大学	先生何やってんすかシリーズ	イタズラ	影
sm31677384	[初音ミク] ハングリーモンスター / TOKOTOKO（西沢さんP）	2017-08-02T19:00:00+09:00	11450042		https://nicovideo.cdn.nimg.jp/thumbnails/31677384/31677384	493502	5144	510	1401	181	VOCALOID	西沢さんP	べて(絵師)	初音ミク	ハングリーモンスター	友達募集P	VOCALOID殿堂入り	ミクオリジナル曲	VOCAROCK	7@	初音ミク誕生祭2017
sm11302054	【初音ミク・GUMI(40㍍)】 フタリボシ 【オリジナル曲PV付】	2010-07-07T00:00:42+09:00	3343223		https://nicovideo.cdn.nimg.jp/thumbnails/11302054/11302054	825374	26020	679	42688	299	VOCALOID	40㍍P	たまよ	フタリボシ	EXIT_TUNES_PRESENTS_Supernova3	初音ミク	GUMI	VOCALOID殿堂入り	ミク＆GUMIリンク	VOCALOIDデュエット曲	vocaloid七夕曲
sm29194168	ラプンツェル / 初音ミクDark	2016-07-06T21:00:13+09:00	26225387		https://nicovideo.cdn.nimg.jp/thumbnails/29194168/29194168	1117579	11119	1394	5597	268	VOCALOID	ナブナ	No.734	あわしま	初音ミク	ラプンツェル(ナブナ)	n-buna	ミクオリジナル曲	VOCALOID伝説入り	初音ミク名曲リンク	DAM＆JOY配信中
sm11264170	【オリジナル曲PV】ワンダーランドと羊の歌【初音ミク】	2010-07-03T18:06:24+09:00	380847		https://nicovideo.cdn.nimg.jp/thumbnails/11264170/11264170	2094816	52654	1513	35966	288	VOCALOID	ハチ	南方研究所	ワンダーランドと羊の歌	初音ミク	米津玄師	ミクオリジナル曲	VOCALOID伝説入り	初音ミク名曲リンク	DAM&JOY配信中	マイリス巡回推奨
sm5752170	【 ALiCE'S EMOTiON × 少女さとり～3rd eye 】 〃Tag〃	2009-01-04T22:56:43+09:00	9651917		https://nicovideo.cdn.nimg.jp/thumbnails/5752170/5752170	1753680	14071	109	10838	220	東方地霊殿	ALiCE'S_EMOTiON	スキマツアー	REDALiCE							
sm29674067	【鏡音リンレン】KSGR地獄の刑【オリジナルMV/ワンオポ】	2016-09-19T18:00:00+09:00	13893300		https://nicovideo.cdn.nimg.jp/thumbnails/29674067/29674067	503912	5418	899	4692	209	VOCALOID	鏡音リン	鏡音レン	ワンダフル☆オポチュニティ！	じーざすP	グライダー絵師	VOCALOID殿堂入り	鏡音オリジナル曲	ワンオポ	良調教	
sm26940699	【第15回MMD杯本選】　東方のかわいいLap Tap Love　【MMD-LIVE】	2015-08-15T23:34:30+09:00	17073066		https://nicovideo.cdn.nimg.jp/thumbnails/26940699/26940699	678556	15036	147	6842	226	東方	MikuMikuDance	第15回MMD杯本選	MMD杯15本-魔法陣	東方MMD	Lap_Tap_Love	MMD杯受賞作品	東方のかわいい担当	MMD-LIVE	アリス・マーガトロイド	歌ってみた
sm2064366	【 SOUND HOLIC × 亡き王女の為のセプテット 】 −No Life Queen−	2008-01-17T23:03:36+09:00	629401		https://nicovideo.cdn.nimg.jp/thumbnails/2064366/2064366	5400226	51699	928	74930	240	東方	東方ヴォーカル	SOUNDHOLIC	No_Life_Queen	亡き王女の為のセプテット						
sm4408384	【初音ミク】Sweetiex2【ハスキー＆メドレーPV】	2008-08-25T15:46:22+09:00	1169727		https://nicovideo.cdn.nimg.jp/thumbnails/4408384/4408384	788965	23975	237	23618	296	音楽	Vocaloid	初音ミク	DixieFlatline	ちほP	Sweetiex2	VOCALOID殿堂入り	DAM&JOY配信中	ミクオリジナル曲	ハスキー＆メドレー	ボカロハウス
sm40850481	What's up? Pop! / Capchii feat. 初音ミク【プロセカULTIMATE / Selfies】	2022-07-31T15:00:00+09:00	22491488		https://nicovideo.cdn.nimg.jp/thumbnails/40850481/40850481.1603745	607948	4320	6598	1209	165	VOCALOID	#プロセカULTIMATE	初音ミクオリジナル曲	future_core	Capchii	初音ミク	What's_up?_Pop!	VOCALOID殿堂入り	歌踊コレOK	ミクオリジナル曲	親指殺し
sm32338124	お気に召すまま / 初音ミク	2017-11-28T19:00:21+09:00	10103681		https://nicovideo.cdn.nimg.jp/thumbnails/32338124/32338124	2835329	22625	4761	9158	248	VOCALOID	お気に召すまま	Eve	Waboku	初音ミク	Numa	『Eve_Vocaloid_01』収録曲	お気に召すまま(Eve)	ミクオリジナル曲	VOCALOID伝説入り	初音ミク名曲リンク
sm32498233	[MV] くたばろうぜ / Neru feat. 鏡音リン &amp; 鏡音レン	2017-12-29T19:00:00+09:00	112798		https://nicovideo.cdn.nimg.jp/thumbnails/32498233/32498233	1498635	8721	2072	6085	204	VOCALOID	Neru	寺田てら	こんにちは谷田さん	くたばろうぜ	鏡音リン	鏡音レン	鏡音オリジナル曲	VOCALOID伝説入り	鏡音リン・レン名曲リンク	DAM&JOY配信中
so23306244	メカクシティアクターズ act01「人造エネミー」	2014-04-13T00:30:00+09:00		2587663	https://nicovideo.cdn.nimg.jp/thumbnails/23349226/23349226	785727	37645	651	77079	1435	アニメ	メカクシティアクターズ	じん（自然の敵P）	カゲロウプロジェクト	カゲロウデイズ	寺島拓篤	第1話リンク				
sm5117285	【鏡音レン】囚人　オリジナル　【コラボPV.ver】　前後史曲リンク有	2008-11-01T22:57:38+09:00	8049125		https://nicovideo.cdn.nimg.jp/thumbnails/5117285/5117285	1010177	20725	560	35715	365	VOCAROCK	囚人P	Vocaloid-PV	VOCALOID殿堂入り	VOCALOID	鏡音レン	レンオリジナル曲	鏡音三大悲劇	VOCALOID牢獄入り	VOCALOID伝説入り	囚人(囚人P)
sm36010222	心象カスケード / flower	2019-11-27T19:00:00+09:00	865371		https://nicovideo.cdn.nimg.jp/thumbnails/36010222/36010222.902708	592799	5721	1403	1532	227	VOCALOID	VOCALOIDオリジナル曲	flower	電ポルP	koyori	心象カスケード	v_flower	v_flowerオリジナル曲	VOCALOID殿堂入り	VOCAROCK	驚異的な中毒性
sm2916956	【鏡音リン】 悪ノ娘 【中世物語風オリジナル】	2008-04-06T20:26:45+09:00	907343		https://nicovideo.cdn.nimg.jp/thumbnails/2916956/2916956	3512645	62992	5056	83334	276	VOCALOID	鏡音リン	リンオリジナル曲	悪ノP	壱加	悪ノ娘	VOCALOID伝説入り	DAM&JOY配信中	七つの大罪シリーズ	鏡音三大悲劇	
sm40318498	撫でんな / 柊マグネタイト feat.可不	2022-04-15T21:00:00+09:00	99293918		https://nicovideo.cdn.nimg.jp/thumbnails/40318498/40318498.38634970	461641	2477	3503	1375	187	VOCALOID	柊マグネタイト	可不オリジナル曲	可不	CeVIO殿堂入り	ぴえん系ソングリンク	あさ(絵師)	C'Na	歌踊コレok	撫でんな(柊マグネタイト)	ごめんて
sm35163704	┗|∵|┓生意気ハニー／HoneyWorks feat.GUMI	2019-05-23T18:00:00+09:00	1646151		https://nicovideo.cdn.nimg.jp/thumbnails/35163704/35163704.12437215	469026	5360	325	7647	238	VOCALOID	HoneyWorks	生意気ハニー	GUMI	GUMIオリジナル曲	告白実行委員会	おればななP	VOCALOID殿堂入り	GUMI名曲リンク	ヤマコ(絵師)	DAM&JOY配信中
sm33575428	終末じゃない / Flower･心華 - ぬゆり	2018-07-27T19:00:00+09:00	10917285		https://nicovideo.cdn.nimg.jp/thumbnails/33575428/33575428	823269	5210	1185	1003	270	VOCALOID	ぬゆり	廣田痛	みず希	中村リョーマ	v_flower	心華	VOCALOID殿堂入り	終末じゃない	VOCALOIDオリジナル曲	SIX_SICKS
sm22793581	赤心性：カマトト荒療治／スズム feat.鏡音リン・レン	2014-02-01T20:31:19+09:00	8904219		https://nicovideo.cdn.nimg.jp/thumbnails/22793581/22793581	946051	13621	512	10471	230	VOCALOID	赤心性：カマトト荒療治(スズム)	スズム	鏡音リン	鏡音レン	VOCALOID殿堂入り	おればななP	鏡音オリジナル曲	VOCALOID伝説入り直前	鏡音リン・レン	驚異的な中毒性
sm24143312	【初音ミク】黎明ワンダーレジスト【オリジナル】	2014-08-02T18:00:00+09:00	1561183		https://nicovideo.cdn.nimg.jp/thumbnails/24143312/24143312	111955	2933	43	1264	213	VOCALOID	PolyphonicBranch	hie	初音ミク	ミクオリジナル曲	黎明ワンダーレジスト	コメ<マイリス	初音ミク名曲リンク	驚異的な中毒性	マイリス巡回推奨	VOCALOID殿堂入り
sm34595420	∴煮ル果実「ヲズワルド」with Flower	2019-02-10T20:10:00+09:00	32646403		https://nicovideo.cdn.nimg.jp/thumbnails/34595420/34595420.89734153	1167175	7208	3105	3694	292	VOCALOID	v_flower	煮ル果実	WOOMA	ヲズワルド	v_flowerオリジナル曲	v_flower名曲リンク	ダークなぼかうた	VOCALOID伝説入り	DAM&JOY配信中	さらに評価されるべき
sm42962559	アイサイト･ラブ / v flower	2023-10-31T18:00:00+09:00	126196693		https://nicovideo.cdn.nimg.jp/thumbnails/42962559/42962559.81504017	215161	1825	6379	1242	118	VOCALOID	v_flower	v_flowerオリジナル曲	ァネイロ	melonade	xANADE	VOCALOID殿堂入り	ボカムンベース	VOCALOID変拍子曲	アイサイト･ラブ	
so42210417	キティ / 25時、ナイトコードで。 × 鏡音レン	2023-05-12T15:00:00+09:00		2646600	https://nicovideo.cdn.nimg.jp/thumbnails/42210417/42210417.69143013	2013551	8271	13971	1279	210	プロセカ公式	音楽	プロジェクトセカイ	25時、ナイトコードで。	鏡音レン	VOCALOIDと歌ってみた	ツミキ	omu	キティ(ツミキ)	プロセカ伝説入り	
sm30476309	『チット・チャット・マーチ！』 / 初音ミク - Omoi	2017-01-21T21:05:00+09:00	33110496		https://nicovideo.cdn.nimg.jp/thumbnails/30476309/30476309	555298	6779	616	2888	146	VOCALOID	初音ミク	Omoi	なじょ	かわいいミクうた	VOCALOID殿堂入り	ミクオリジナル曲	チット・チャット・マーチ！	元気が出るミクうた	殺戮の歌	ハーフミリオン
sm21443197	初音ミクが声優のようにしゃべってラップして歌った！『ビバハピ』PV付	2013-07-26T16:23:00+09:00	22580750		https://nicovideo.cdn.nimg.jp/thumbnails/21443197/21443197.57360564	5048273	96026	4488	104539	215	VOCALOID	Mitchie_M	cort	TOHRU_MiTSUHASHi	Lat式ミク	ミクオリジナル曲	ビバハピ	初音ミク	神調教	VOCALOID伝説入り	歌いたいけど歌痛い
sm3095883	【MHP2G】第１回 モンハンどうでしょう ～地獄のメリーゴーラウンド～	2008-04-25T18:04:32+09:00	1732786		https://nicovideo.cdn.nimg.jp/thumbnails/3095883/3095883	1381926	12639	132	49719	1283	ゲーム	MHP2G	モンスターハンター	モンハンどうでしょう	投稿者コメント	ヤマツカミ	Nobutuna	Falt	jack	Billy	肉シー
sm11884641	Lily「リリリリ★バーニングナイト」【オリジナル曲】	2010-08-26T06:49:03+09:00	2476652		https://nicovideo.cdn.nimg.jp/thumbnails/11884641/11884641	1885324	32962	2063	32680	240	VOCALOID	samfree	Lily	リリリリ★バーニングナイト	Lilyオリジナル曲	SAMナイトシリーズ	VOCALOID伝説入り	VOCALOID-EUROBEAT	マイリス巡回推奨	VOCALOIDイメージソング	ラウンジLily
sm30156654	DAYBREAK FRONTLINE / feat.IA	2016-12-03T06:02:13+09:00	32260190		https://nicovideo.cdn.nimg.jp/thumbnails/30156654/30156654	7847932	66422	18772	77395	217	VOCALOID	Orangestar	DAYBREAK_FRONTLINE	IAオリジナル曲	IA_-ARIA_ON_THE_PLANETES-	VOCALOID伝説入り	蜜柑星P	M.B	DAM&JOY配信中	『SEASIDE_SOLILOQUIES』収録曲	『IA_SUPER_BEST』収録曲
sm24438970	【ボカロ8人】EveR ∞ LastinG ∞ NighT 【オリジナル】	2014-09-11T20:00:00+09:00	3397653		https://nicovideo.cdn.nimg.jp/thumbnails/24438970/24438970	2825379	32167	2982	42811	328	VOCALOID	ひとしずくP	やま△	鈴ノ助	TSO(とさお)	VAVA(ヴァヴァ)	EveR_∞_LastinG_∞_NighT	VOCALOIDオールスター	VOCALOIDオリジナル曲	VOCALOID伝説入り	ハロウィン曲
sm4153727	【鏡音レン】Fire◎Flower【オリジナル曲】	2008-08-02T02:04:37+09:00	1101042		https://nicovideo.cdn.nimg.jp/thumbnails/4153727/4153727	3506051	75048	4153	65605	260	VOCALOID	鏡音レン	Fire◎Flower	Vocalonation収録曲リンク	初音ミク-ProjectDIVA-f_収録曲	レンオリジナル曲	VOCALOID花火曲	VOCALOID夏曲	VOCALOID伝説入り	DAM&JOY配信中	鏡音レン名曲リンク
nm20435632	digital maze（リーチ時）【SE無しBGM】	2013-03-26T00:44:15+09:00	276181		https://nicovideo.cdn.nimg.jp/thumbnails/20435632/20435632	101732	2321	28	1566	260	ゲーム	MJ5EVO	MJSE無しBGMリンク	麻雀	digitalmaze	迫真ヤンキー部	探してたあの曲				
sm38408292	【小春六花】MIRA【Kanaria】	2021-03-12T18:00:00+09:00	95303437		https://nicovideo.cdn.nimg.jp/thumbnails/38408292/38408292.59647004	1290703	5811	6442	3694	136	VOCALOID	Kanaria	LAM	小春六花	SynthesizerV	MIRA(Kanaria)	小春六花オリジナル曲	VOCALOIDデモソング	SynthesizerV伝説入り	SynthesizerVオリジナル曲	
sm17103353	【GUMI】My Colorful Confuse【オリジナル曲】	2012-02-28T20:01:39+09:00	372592		https://nicovideo.cdn.nimg.jp/thumbnails/17103353/17103353	1267136	34443	416	54926	263	VOCALOID	家の裏でマンボウが死んでるP	タカハシヨウ	竜宮ツカサ	マンボウの姉	My_Colorful_Confuse	GUMI	GUMIオリジナル曲	VOCALOID伝説入り	DAM&JOY配信中	VOCALOID卒業曲集
sm11509720	【初音ミク】Nyanyanyanyanyanyanya!【オリジナループ】	2010-07-25T15:47:42+09:00	989911		https://nicovideo.cdn.nimg.jp/thumbnails/11509720/11509720	3860929	62357	5232	41126	227	VOCALOID	初音ミク	ミクオリジナル曲	Nyanyanyanyanyanyanya!	VOCALOID伝説入り	全ての元凶の元凶	VOCALOIDにゃんこ入り	初音ミク名曲リンク	daniwellP	Nyan_Cat	歌ってみろ
sm33304576	『WAA!!!!』 / 初音ミク, 鏡音リン - Omoi	2018-06-02T20:02:16+09:00	33110496		https://nicovideo.cdn.nimg.jp/thumbnails/33304576/33304576	630147	6275	794	3392	194	VOCALOID	初音ミク	鏡音リン	Omoi	VOCAROCK	WAA!!!!	ニコニコ超パーティー2018	DAM&JOY配信中	VOCALOID殿堂入り	ミク×リンリンク	VOCALOIDデュエット曲
sm24582707	【初音ミク】 ていていしんじゃえ 【オリジナル】	2014-09-30T00:24:47+09:00	27261916		https://nicovideo.cdn.nimg.jp/thumbnails/24582707/24582707	1012209	8298	1087	3674	221	VOCALOID	初音ミク	ただのCo	KTKT	ミクオリジナル曲	ていていしんじゃえ	VOCALOID伝説入り				
sm30964600	ぼくらはみんな意味不明 / 初音ミク	2017-04-04T19:00:00+09:00	865591		https://nicovideo.cdn.nimg.jp/thumbnails/30964600/30964600	2231707	20225	3392	15294	230	VOCALOID	音楽	初音ミク	ピノキオピー	Yuma_Saito	ミクオリジナル曲	VOCALOID伝説入り	DAM&JOY配信中	初音ミク名曲リンク	ぼくらはみんな意味不明	VOCALOIDと歌ってみた
sm25232616	┗|∵|┓今好きになる。-triangle story- feat.GUMI	2014-12-29T21:03:40+09:00	1646151		https://nicovideo.cdn.nimg.jp/thumbnails/25232616/25232616	563048	12493	147	17102	313	VOCALOID	HoneyWorks	GUMI	今好きになる。-triangle_story-	涙腺崩壊	VOCALOID殿堂入り	GUMI名曲リンク	榎本虎太朗	告白実行委員会	GUMIオリジナル曲	
sm1639267	「卑怯戦隊うろたんだー」をKAITO,MEIKO,初音ミクにry【オリジナル】修正版	2007-11-28T06:09:37+09:00	2197196		https://nicovideo.cdn.nimg.jp/thumbnails/1639267/1639267	6246653	41651	4209	16008110	267	音楽	KAITO	MEIKO	初音ミク	うろたんだー	VOCALOID	VOCALOID伝説入り	シンP	フィルター:a0～a9、b0～b9	VOCALOIDオリジナル曲	重要ニコニコ文化財
sm11480547	【初音ミク】家に帰ると妻が必ず死んだふりをしています。	2010-07-23T01:56:03+09:00	3236137		https://nicovideo.cdn.nimg.jp/thumbnails/11480547/11480547	2628873	53296	1761	39793	165	描いてみた	VOCALOID	ほぼ日P	初音ミク	家に帰ると妻が必ず死んだふりをしています	死ンデレ	Yahoo!知恵袋	ミクオリジナル曲	VOCALOID伝説入り	初音ミク名曲リンク	謎の感動
sm16773398	【初音ミク】　心臓デモクラシー　【オリジナル】	2012-01-23T20:59:54+09:00	276638		https://nicovideo.cdn.nimg.jp/thumbnails/16773398/16773398	1106731	26147	735	11244	234	VOCALOID	初音ミク	心臓デモクラシー	みきとP	夢野翼	友達募集P	ミクオリジナル曲	「僕は初音ミクとキスをした」収録曲	VOCALOID伝説入り	初音ミク名曲リンク	DAM&JOY配信中
sm29910955	惑星ループ / 初音ミク	2016-10-26T19:16:00+09:00	49716308		https://nicovideo.cdn.nimg.jp/thumbnails/29910955/29910955.73100538	4750102	35194	8045	29853	195	VOCALOID	初音ミク	ミクオリジナル曲	ナユタン星人	惑星ループ	VOCALOID伝説入り	初音ミク名曲リンク	DAM&JOY配信中	VOCALOID宇宙派	星のうた	『ナユタン星からの物体Y』収録曲
sm29272726	[MV] 捨て子のステラ ／ Neru &amp; z'5 feat. 鏡音リン	2016-07-18T19:00:00+09:00	112798		https://nicovideo.cdn.nimg.jp/thumbnails/29272726/29272726	705303	6583	551	4097	202	VOCALOID	Neru	飴屋エマ	捨て子のステラ	VOCALOID殿堂入り	『CYNICISM』収録曲	鏡音リン	リンオリジナル曲	VOCALOID宇宙派	VOCAROCK	mid2D#
sm26591681	【オリジナル】 『明日世界が滅ぶなら』	2015-06-29T20:00:00+09:00	22584283		https://nicovideo.cdn.nimg.jp/thumbnails/26591681/26591681	377850	7302	477	2890	211	VOCALOID	明日世界が滅ぶなら	いすぼくろ	街屋	紺色。	プロペリン	VY1V4	VY1オリジナル曲	VOCALOID殿堂入り	VOCALOID夏曲	
sm26471600	梅雨明けの／初音ミク	2015-06-12T20:12:18+09:00	10019421		https://nicovideo.cdn.nimg.jp/thumbnails/26471600/26471600	457500	10716	259	4780	173	VOCALOID	梅雨明けの	No.734	初音ミク	ぷす	じっぷす	ミクオリジナル曲	VOCALOID梅雨入り	VOCALOID雨上がり	VOCALOID殿堂入り	最後まで聴くべき
sm42570686	百花繚乱☆スターマイン / 雪乃イト feat. 小春六花×夏色花梨×花隈千冬	2023-08-04T19:00:00+09:00	119841573		https://nicovideo.cdn.nimg.jp/thumbnails/42570686/42570686.18770447	177389	1789	4052	5086	240	VOCALOID	音楽	ボカコレ2023夏ルーキー参加曲	歌踊コレok	synthesizervオリジナル曲	SynthesizerV殿堂入り	小春六花	夏色花梨	花隈千冬	百花繚乱☆スターマイン	雪乃イト
sm44679628	ボカぁコレで  -僕はこれで- /初音ミク〈うたのはっぱ=百葉箱P〉	2025-02-21T19:49:06+09:00	24918994		https://nicovideo.cdn.nimg.jp/thumbnails/44679628/44679628.32168263	1015	51	169	333	199	ボカコレ2025冬ルーキー参加曲	ボカコレ2025冬	ボカコレ	僕はこれで	オリジナル曲	歌踊コレok	VOCALOID				
sm21638600	【初音ミク】 背景、夏に溺れる 【オリジナル】	2013-08-20T19:12:55+09:00	26225387		https://nicovideo.cdn.nimg.jp/thumbnails/21638600/21638600	1071590	15334	1611	6828	311	VOCALOID	初音ミク	ナブナ	白露	ミクオリジナル曲	背景、夏に溺れる	VOCALOID夏曲	初音ミク名曲リンク	DAM&JOY配信中	VOCALOID伝説入り	VOCAROCK
sm8532252	初音ミクのちょっとアレな曲14 脱げばいいってモンじゃない！ -Full ver.-	2009-10-16T23:57:49+09:00	1075175		https://nicovideo.cdn.nimg.jp/thumbnails/8532252/8532252	1256914	32155	906	25776	261	デッドボールＰ	EXIT_TUNES_PRESENTS_Supernova	VOCALOID	VOCALOID伝説入り	ミクオリジナル曲	仕事を選べないミク	初音ミク	屈辱のランクイン	初音ミク迷曲リンク	脱げばいいってモンじゃない!	
sm38898377	∴煮ル果実「アイロニーナ」with Flower	2021-06-18T20:10:00+09:00	32646403		https://nicovideo.cdn.nimg.jp/thumbnails/38898377/38898377.72645808	768773	3217	4384	1725	232	VOCALOID	v_flower	v_flowerオリジナル曲	煮ル果実	明石	アイロニーナ	vocaloidオリジナル曲	かわいいハナうた	VOCALOID殿堂入り	DAM&JOY配信中	
sm23820438	アンデッドエネミー／ギガ&amp;スズム feat.鏡音リン	2014-06-20T20:02:15+09:00	8904219		https://nicovideo.cdn.nimg.jp/thumbnails/23820438/23820438	1682447	18776	1312	7524	190	VOCALOID	アンデッドエネミー	鏡音リン	ギガP	△○□×	スズム	VOCALOID伝説入り	リンオリジナル曲	鏡音リン名曲リンク		
sm19532707	【鏡音レン様】ギガンティックO.T.N【オリジナル】	2012-12-08T19:00:00+09:00	4845576		https://nicovideo.cdn.nimg.jp/thumbnails/19532707/19532707	5211943	65943	6252	112845	201	VOCALOID	ギガンティックO.T.N	ギガP	れをる	△○□×	鏡音レン	レンオリジナル曲	レンの将来が不安になる動画	VOCALOID伝説入り	鏡音レン名曲リンク	
sm19883376	「シティライツ」椎名もた feat.鏡音リン	2013-01-21T17:51:48+09:00	5619789		https://nicovideo.cdn.nimg.jp/thumbnails/19883376/19883376	1139356	13688	2328	8461	165	VOCALOID	椎名もた	鏡音リン	シティライツ	リンオリジナル曲	VOCALOID伝説入り	永遠に評価されるべき	ぽわぽわｐ	かわいいリンうた		
sm34932948	Original, v flower／ ノイローゼ	2019-04-08T20:00:00+09:00	8211134		https://nicovideo.cdn.nimg.jp/thumbnails/34932948/34932948.19688	1237868	7882	1512	2331	204	VOCALOID	蜂屋ななし	ノイローゼ(蜂屋ななし)	v_flowerオリジナル曲	dam&joy配信中	v_flower	VOCALOID伝説入り	v_flower名曲リンク			
sm423338	おもいではおっくせんまん(Versionｺﾞﾑ)	2007-06-09T02:59:29+09:00	169046		https://nicovideo.cdn.nimg.jp/thumbnails/423338/423338	2040039	46600	1747	70536	175	音楽	おっくせんまん	ロックマン	ゴム	弾幕動画	重要ニコニコ文化財	HoneyWorks	ゴム(歌い手)	歌ってみた	思い出は億千万	
sm33260180	ハローディストピア／まふまふ feat. 鏡音リン・レン	2018-05-25T18:00:00+09:00	18874531		https://nicovideo.cdn.nimg.jp/thumbnails/33260180/33260180	2272824	19379	2705	21242	206	VOCALOID	ハローディストピア	まふまふ	鏡音リン	鏡音レン	寺田てら	りゅうせー	鏡音オリジナル曲	VOCALOID伝説入り	鏡音リン・レン名曲リンク	DAM&JOY配信中
sm21660475	【GUMI】マネマネサイコトロピック【オリジナルPV】	2013-08-23T19:00:00+09:00	21990565		https://nicovideo.cdn.nimg.jp/thumbnails/21660475/21660475	981452	15950	1365	9549	205	VOCALOID	GUMI	GUMIオリジナル曲	マネマネサイコトロピック	かいりきベア	しおみづ	Not-116	VOCAROCK	VOCALOID殿堂入り	VOCALOID伝説入り直前	DAM&JOY配信中
sm30256642	メーベル／バルーン	2016-12-19T20:00:00+09:00	14203891		https://nicovideo.cdn.nimg.jp/thumbnails/30256642/30256642	4980613	29685	2407	6727	192	ニコニコインディーズ	バルーン	アボガド6	メーベル	セルフカバー						
sm7452616	メグッポイド「メグメグ☆ファイアーエンドレスナイト」【オリジナル】	2009-06-26T12:53:03+09:00	2476652		https://nicovideo.cdn.nimg.jp/thumbnails/7452616/7452616	2069448	38119	2270	43608	236	音楽	VOCALOID	GUMI	samfree	メグメグ☆ファイアーエンドレスナイト	GUMIオリジナル曲	VOCALOIDイメージソング	SAMナイトシリーズ	VOCALOID伝説入り	GUMI名曲リンク	DAM&JOY配信中
sm43150136	モ　ミ　ア　ゲ　ヲ　シ　ャ　カ　ア　ゲ　ヲ	2023-12-25T08:10:00+09:00	120822636		https://nicovideo.cdn.nimg.jp/thumbnails/43150136/43150136.41996437	466276	2478	10611	7432	207	vocaloid	ソフトウェアトーク劇場	トークロイド	ずんだもん	初音ミク	歌愛ユキ	可不	モミアゲヲシャカアゲヲ	栗田まろん	voiceroid	
sm32798041	ロキ／鏡音リン・みきとP	2018-02-27T20:00:00+09:00	276638		https://nicovideo.cdn.nimg.jp/thumbnails/32798041/32798041	10715984	85827	21881	207024	230	VOCALOID	リンオリジナル曲	鏡音リン	みきとP	ロキ(みきとP)	VOCAROCK	VOCALOIDと歌ってみた	VOCALOID神話入り	鏡音リン名曲リンク	DAM&JOY配信中	マイリス巡回推奨
sm34583356	ロジカ / flower	2019-02-08T20:00:00+09:00	21990565		https://nicovideo.cdn.nimg.jp/thumbnails/34583356/34583356.91287	1026452	11774	1874	4290	238	VOCALOID	かいりきベア	v_flower	のう	ロジカ	SIX_SICKS	DAM&JOY配信中	v_flowerオリジナル曲	ロジカ(かいりきベア)	VOCALOID伝説入り	
sm24365207	『＋♂』をウザさＭＡＸでコラボってみたったwwwwwwwwwwwwwwwwwwwwwwwwwwwwww	2014-08-31T18:00:00+09:00	32091755		https://nicovideo.cdn.nimg.jp/thumbnails/24365207/24365207	4557677	49603	2055	109566	217	歌ってみた	＋♂	あるふぁきゅん。	クプラ	藤	クプラきゅん。	田中×清水＝結婚！！				
sm15356096	【第7回MMD杯本選】Sweet Magicを魔法使い　が踊ってくれました	2011-08-19T21:00:32+09:00	80051		https://nicovideo.cdn.nimg.jp/thumbnails/15356096/15356096	5627880	136809	2196	206551	216	東方	第7回MMD杯本選	MikuMikuDance	スイートマジック	アリス・マーガトロイド	霧雨魔理沙	東方MMD	重要ニコニコ文化財	原宿時代の精鋭		
sm22757927	ELECT を歌ってみました＋	2014-01-27T12:56:00+09:00	3537176		https://nicovideo.cdn.nimg.jp/thumbnails/22757927/22757927	4137250	32868	2800	6172	193	歌ってみた	ELECT(niki)	EVO+	ギガP	歌ってみた伝説入り						
sm3771514	「letter song」　オリジナル曲　vo.初音ミク	2008-06-26T06:25:55+09:00	655340		https://nicovideo.cdn.nimg.jp/thumbnails/3771514/3771514	913773	28708	1189	23508	335	ミクオリジナル曲	VOCALOID	「letter_song」	VOCALOID殿堂入り	初音ミク名曲リンク	ボカロバラード	ききいるミクうた	初音ミク	doriko(きりたんP)	マジカルミライ2024	VOCALOID伝説入り直前
sm22857280	【VOCALOIDミュージカル】Music Wizard of OZ【オリジナル曲】	2014-02-10T18:20:27+09:00	308936		https://nicovideo.cdn.nimg.jp/thumbnails/22857280/22857280	675687	22959	495	30608	1223	VOCALOID	初音ミク	鏡音リン・レン	巡音ルカ	GUMI	KAITO	Music_Wizard_of_OZ	VOCALOIDミュージカル	VOCALOID殿堂入り	MEIKO	クリプトンオールスターズ
sm28221195	【手書きMV】ONE OFF MIND【初音ミク・GUMI】	2016-02-14T19:51:28+09:00	8211134		https://nicovideo.cdn.nimg.jp/thumbnails/28221195/28221195	1024354	10161	1756	2997	223	VOCALOID	投稿者コメント	ONE_OFF_MIND	蜂屋ななし	ドッシー	アミメキリン	初音ミク	GUMI	VAN_DE_SHOP	VOCALOID伝説入り	
sm7706816	【神威がくぽ】「Paranoid Doll」オリジナル曲【PV付】	2009-07-22T05:07:15+09:00	2393707		https://nicovideo.cdn.nimg.jp/thumbnails/7706816/7706816	1141795	32896	659	22318	248	音楽	SCL_Project	黒糖ポッキーP	がくっぽいどコンテスト	がくっぽいど誕生祭2012	VOCALOID	Paranoid_Doll	がくぽオリジナル曲	VOCALOID伝説入り	神威がくぽ	VOCAROCK
sm14065801	『ミク×リン×レン』　ReAct　『オリジナル曲PV』	2011-04-04T23:02:03+09:00	449061		https://nicovideo.cdn.nimg.jp/thumbnails/14065801/14065801	1020550	25552	796	22615	292	VOCALOID	三重の人	黒うさP	ﾏｸｰ	ReAct	初音ミク	鏡音リン・レン	一葉モカ	年少組	VOCALOID伝説入り	
sm4977896	【鏡音レン】soundless voice 【オリジナル】	2008-10-19T02:56:44+09:00	3397653		https://nicovideo.cdn.nimg.jp/thumbnails/4977896/4977896	888481	24646	564	22292	323	鏡音レン	レンオリジナル曲	ひとしずくP	soundless_voice	鏡音三大悲劇	VOCALOID	VOCALOID殿堂入り	鏡音レン名曲リンク	切ないレンうた	VOCALOID冬曲	VOCALOID雪曲
sm5857175	【初音ミク】VOiCE【３DPVっぽい何か】	2009-01-16T15:11:15+09:00	9249430		https://nicovideo.cdn.nimg.jp/thumbnails/5857175/5857175	958255	38218	405	38460	280	エンターテイメント	VOiCE	ラヴリーP	ニョホホ	VOCALOID-PV殿堂入り	VOiCE(ラヴリーP)	VOCALOID-PV	VOCALOID	VOCALOID名PVリンク	PVつけてみた	JOYSOUND本人映像採用
sm16702635	【ボカロ8人】Bad ∞ End ∞ Night【オリジナル】	2012-01-15T18:30:38+09:00	3397653		https://nicovideo.cdn.nimg.jp/thumbnails/16702635/16702635	4825226	91869	5715	71540	252	VOCALOID	ひとしずくP	やま△	鈴ノ助	TSO(とさお)	Bad_∞_End_∞_Night	VOCALOIDオリジナル曲	VOCALOID空想童話曲リンク	VOCALOID伝説入り	DAM&JOY配信中	
sm38914370	あだぽしゃ / いよわ feat.初音ミク	2021-06-20T20:00:00+09:00	78166728		https://nicovideo.cdn.nimg.jp/thumbnails/38914370/38914370.62602955	2061460	7253	11117	1941	206	VOCALOID	初音ミクオリジナル曲	いよわ	あだぽしゃ	初音ミク	ミクオリジナル曲	ボカロワルツ	ボカロP自作アニメーションMVリンク	VOCALOID伝説入り	DAM&JOY配信中	歌ってみろ
sm22349544	【鏡音リン・レン】おこちゃま戦争【オリジナル】	2013-11-29T19:00:00+09:00	4845576		https://nicovideo.cdn.nimg.jp/thumbnails/22349544/22349544	3770798	53189	5685	67078	213	VOCALOID	おこちゃま戦争	ギガＰ	れをる	鏡音リン	鏡音レン	鏡音オリジナル曲	VOCALOID伝説入り	DAM&JOY配信中	マイリス巡回推奨	
sm38500233	たぶん終わり / いよわ feat.初音ミク・flower	2021-03-28T21:00:00+09:00	78166728		https://nicovideo.cdn.nimg.jp/thumbnails/38500233/38500233.17281253	968081	3355	5822	1158	197	VOCALOID	初音ミクオリジナル曲	初音ミク	いよわ	v_flowerオリジナル曲	たぶん終わり	VOCALOIDデュエット曲	VOCALOID殿堂入り	ミク&flowerリンク	ボカロP自作アニメーションMVリンク	VOCALOID伝説入り直前
sm6493884	【鏡音リン】のろいのめか゛ね ～ stray girl in her lenses【オリジナル曲】	2009-03-20T22:55:56+09:00	259018		https://nicovideo.cdn.nimg.jp/thumbnails/6493884/6493884	897281	25517	225	21520	241	鏡音リン	ぶっちぎりP	リンオリジナル曲	神威がくぽ	がくぽ＆リンリンク	VOCALOID	VOCALOID殿堂入り	のろいのめか゛ね	鏡音リン名曲リンク	DAM&JOY配信中	神調教
sm34040571	はらぺこのルベル / 初音ミク	2018-10-19T20:00:00+09:00	865371		https://nicovideo.cdn.nimg.jp/thumbnails/34040571/34040571	407425	3173	502	917	203	VOCALOID	電ポルP	koyori	初音ミク	はらぺこのルベル	ミクオリジナル曲	驚異的な中毒性	初音ミクと世界地図収録曲	ネッツォ	VOCALOID殿堂入り	
sm24909819	【鏡音リンレン】ぼうけんのしょがきえました！【オリジナル/ワンオポ】	2014-11-14T19:01:00+09:00	13893300		https://nicovideo.cdn.nimg.jp/thumbnails/24909819/24909819	1506224	19272	1942	21881	227	VOCALOID	鏡音リン	鏡音レン	ワンダフル☆オポチュニティ！	じーざすP	グライダー絵師	鏡音オリジナル曲	ぼうけんのしょがきえました！	鏡音リン・レン名曲リンク	VOCALOID伝説入り	
sm41945341	よ　う　こ　そ、　シ　チ　ュ　ー　う　ど　ん　銭　湯　へ　!!　	2023-03-18T19:00:00+09:00	120822636		https://nicovideo.cdn.nimg.jp/thumbnails/41945341/41945341.602957	701246	2464	30160	65614	572	voiceroid劇場	ネタ曲投稿祭ボカコレ出張組	vocaloid	ソフトウェアトーク劇場	ずんだもん	可不	初音ミク	cevioオリジナル曲	voiceroid	ボカコレ2023春ルーキー参加曲	モミアゲヲ投稿祭ボカコレ出張組
so43275055	仮死化 / Vivid BAD SQUAD × MEIKO	2024-01-20T18:00:00+09:00		2646600	https://nicovideo.cdn.nimg.jp/thumbnails/43275055/43275055.85665197	523320	3508	3685	214	240	プロセカ公式	音楽	プロジェクトセカイ	VOCALOIDと歌ってみた	MEIKO	仮死化	仮死化(遼遼)	遼遼	Vivid_BAD_SQUAD	プロセカ殿堂入り	
sm27909547	作曲するならいまのうち！-ミクとゆかりとささらとずん子とGUMIとマキ！	2015-12-31T06:00:00+09:00	2523470		https://nicovideo.cdn.nimg.jp/thumbnails/27909547/27909547	311782	4572	706	3439	265	VOCALOID	CeVIO	VOICEROID	初音ミク	結月ゆかり	東北ずん子	弦巻マキ	さとうささら	GUMI	作曲するならいまのうち！	VOCALOID殿堂入り
sm9422444	【神威がくぽ KAITO 鏡音レン】「刹月華」オリジナル曲【PV付】	2010-01-18T05:43:43+09:00	2393707		https://nicovideo.cdn.nimg.jp/thumbnails/9422444/9422444	953221	27658	308	28549	254	VOCALOID	SCL_Project	神威がくぽ	KAITO	鏡音レン	刹月華	VOCALOID殿堂入り	VOCALOID伝説入り直前	ユニット「バナナイス」	VOCALOID和風曲	春アキ
sm17824282	【初音ミク】 刹那プラス 【オリジナルPV】	2012-05-14T20:59:44+09:00	276638		https://nicovideo.cdn.nimg.jp/thumbnails/17824282/17824282	934709	19358	622	8101	240	VOCALOID	初音ミク	みきとP	刹那プラス	△○□×	友達募集P	ミクオリジナル曲	「僕は初音ミクとキスをした」収録曲	VOCAROCK	VOCALOID殿堂入り	VOCALOID伝説入り直前
sm3122624	【KAITO】千年の独奏歌(オリジナル曲)	2008-04-27T23:55:23+09:00	330524		https://nicovideo.cdn.nimg.jp/thumbnails/3122624/3122624	2924214	59064	3693	75145	277	yanagiP	音楽	VOCALOID	千年の独奏歌	KAITO	KAITOオリジナル曲	VOCALOID民族調曲	VOCALOID伝説入り	神調教	伝説のKAITOマスター	VOCALOIDイメージソング
sm8642328	【ミクオリジナル曲】崩壊歌姫 -disruptive diva-【ProjectDIVAac応募曲】	2009-10-28T21:46:48+09:00	14270239		https://nicovideo.cdn.nimg.jp/thumbnails/8642328/8642328	818880	15610	310	12751	210	ProjectDIVA-AC楽曲募集	VOCALOID	たわし	マチゲリータP	ProjectDIVAArcade収録曲	崩壊歌姫－disruptive_diva－	ミクオリジナル曲	初音ミク	VOCALOIDゴシック系曲	ProjectDIVA-ACロケテスト収録曲	VOCALOID殿堂入り
sm25053017	心臓コネクト／スズム feat.GUMI	2014-12-04T20:00:00+09:00	8904219		https://nicovideo.cdn.nimg.jp/thumbnails/25053017/25053017	442557	6552	328	4809	240	VOCALOID	スズム	心臓コネクト（スズム）	GUMI	GUMIオリジナル曲	VOCALOID殿堂入り	VOCAROCK	No.734	ときち	ke-sanβ	ギガP
so38083198	惑星のダンスフロア/初音ミク【#コンパス】	2021-01-07T13:00:00+09:00		2626010	https://nicovideo.cdn.nimg.jp/thumbnails/38083198/38083198.15619929	430701	2917	2055	1295	329	#コンパス	初音ミク	VOCALOID	デルミン							
sm37462050	或世界消失 / 柊マグネタイト feat.初音ミク	2020-09-03T18:15:00+09:00	99293918		https://nicovideo.cdn.nimg.jp/thumbnails/37462050/37462050.78336815	395029	2631	3923	3458	692	柊マグネタイト	VOCALOIDオリジナル曲	VOCALOID	VOCALOID処女作	ミクオリジナル曲	或世界消失	初音ミク	VOCALOID殿堂入り	歌踊コレok	瀬奈悠太	
sm6743291	DECO*27 - 相愛性理論 feat. 初音ミク	2009-04-14T00:36:00+09:00	811012		https://nicovideo.cdn.nimg.jp/thumbnails/6743291/6743291	938163	20022	515	14164	261	DECO*27	A=Lt²(愛=恋×時間の2乗)	相愛性理論	VOCALOID-PV	VOCALOID	初音ミク名曲リンク	ミクオリジナル曲	VOCALOID殿堂入り	VOCALOID伝説入り直前	初音ミク	
sm19870840	【初音ミク】自傷無色【オリジナル曲/MV】	2013-01-20T04:30:02+09:00	111429		https://nicovideo.cdn.nimg.jp/thumbnails/19870840/19870840	3399867	36674	8100	40993	218	VOCALOID	初音ミク	ねこぼーろ	ミクオリジナル曲	自傷無色	VOCALOID伝説入り	初音ミク名曲リンク	涙腺崩壊	DAM&JOY配信中	VOCALOID実写PV	VOCALOID視覚芸術展
sm30990093	【初音ミク】　アイムハイ　【オリジナル】	2017-04-08T20:17:00+09:00	15918028		https://nicovideo.cdn.nimg.jp/thumbnails/30990093/30990093	2169055	9617	3814	10138	253	VOCALOID	初音ミク	MARETU	アイムハイ	ミクオリジナル曲	初音ミク名曲リンク	VOCALOID伝説入り	訓練されたコメント欄	ダークなぼかうた	I'm(≧A≦)HIGH!!!	
sm26624229	┗|∵|┓イジワルな出会い／HoneyWorks feat.初音ミク	2015-07-03T18:00:00+09:00	1646151		https://nicovideo.cdn.nimg.jp/thumbnails/26624229/26624229	624069	13848	187	11139	228	VOCALOID	初音ミク	HoneyWorks	イジワルな出会い	VOCALOID殿堂入り	告白実行委員会	ミクオリジナル曲	高見沢アリサ	柴崎健	4年半後→sm36299766	初音ミク名曲リンク
sm29049033	【刀剣54振】おかえりからいってらっしゃいまで【音MAD】	2016-06-14T17:14:14+09:00	12387400		https://nicovideo.cdn.nimg.jp/thumbnails/29049033/29049033	206974	10070	763	1962	306	刀剣乱舞	刀剣乱舞音MAD	多キャラ刀剣乱舞	今日も本丸は平和です	本丸ドラマ	審神者用手入部屋	本丸に帰りたくなる動画	刀剣乱舞殿堂入り	愛しかない		
sm5253195	変態スネークの「オペレーターズサイド」実況　その1	2008-11-15T19:32:01+09:00	9955824		https://nicovideo.cdn.nimg.jp/thumbnails/5253195/5253195	1602444	20408	47	242203	1848	変態スネーク	病院が来い	←医師達が持て余す	ゲーム	実況プレイ動画	オペレーターズサイド	性欲を持て余す	嘘八百			
sm35456133	キラークイーン / 初音ミク	2019-07-27T19:00:00+09:00	86488427		https://nicovideo.cdn.nimg.jp/thumbnails/35456133/35456133.80468793	455840	2645	777	784	180	VOCALOID	Ayase	初音ミク	キラークイーン	VOCAROCK	VOCALOID殿堂入り	初音ミク名曲リンク	DAM&JOY配信中	ミクオリジナル曲	キラークイーン(Ayase)	ラーメンタイマー
sm35808124	Original, 初音ミク・MEIKO／ ジターバグ	2019-10-13T19:00:00+09:00	8211134		https://nicovideo.cdn.nimg.jp/thumbnails/35808124/35808124.33167148	715402	6146	1613	2375	209	VOCALOID	初音ミク	MEIKO	ジターバグ(蜂屋ななし)	蜂屋ななし	はるもつ(頃之介)	アミメキリン	MEIKOオリジナル曲	MEIKO生誕祭2019	VOCALOID殿堂入り	
sm43661268	チェリーコークにペパーミント	2024-04-25T17:00:00+09:00	54191697		https://nicovideo.cdn.nimg.jp/thumbnails/43661268/43661268.91919420	149470	1304	3495	533	113	茜・葵オリジナル曲	歌うボイスロイド	音楽	VOICEROID	kevin(synthv)	琴葉茜・葵誕生祭2024	vocajazz	ボカロP自作アニメーションMVリンク	VOICEROID殿堂入り	VOCALOID	レトロなボカうた
sm12825985	ハッピーシンセサイザ / 巡音ルカ GUMI	2010-11-22T20:10:37+09:00	2423537		https://nicovideo.cdn.nimg.jp/thumbnails/12825985/12825985	7957241	155103	11203	143376	236	VOCALOID	EasyPop	キキ（絵師）	GUMI	ハッピーシンセサイザ	巡音ルカ	VOCALOIDオリジナル曲	ルカ&GUMIリンク	VOCALOID伝説入り	VOCALOID名曲リンク	DAM&JOY配信中
sm37003817	Original , v flower／ バイタルサイン	2020-06-09T19:00:00+09:00	8211134		https://nicovideo.cdn.nimg.jp/thumbnails/37003817/37003817.86420878	253818	3296	425	746	208	VOCALOID	蜂屋ななし	v_flower	v_flowerオリジナル曲	tmsw	sakiyama	バイタルサイン(蜂屋ななし)	VOCAROCK	驚異的な中毒性	VOCALOID殿堂入り	神調教
sm8359269	【初音ミク】バイビーベイビーサヨウナラ【オリジナル曲】	2009-09-28T05:45:47+09:00	1668185		https://nicovideo.cdn.nimg.jp/thumbnails/8359269/8359269	987895	21112	821	5733	190	音楽	初音ミク	VOCALOID	ミクオリジナル曲	VOCAROCK	バイビーベイビーサヨウナラ	saiB	DAM&JOY配信中	VOCALOID殿堂入り	ボカログランジ	VOCALOID伝説入り直前
sm29189206	【初音ミク】パイロキネシス【オリジナル曲】	2016-07-05T23:02:47+09:00	1668185		https://nicovideo.cdn.nimg.jp/thumbnails/29189206/29189206	342612	4966	511	1738	281	VOCALOID	初音ミク	ミクオリジナル曲	VOCAROCK	saiB	パイロキネシス(saiB)	VOCALOID殿堂入り	初音ミク名曲リンク	omiso	プログロイド	DAM＆JOY配信中
so42899713	ホン・デ・ジュ / Mai	2023-11-02T22:00:00+09:00		2648319	https://nicovideo.cdn.nimg.jp/thumbnails/42899713/42899713.32203335	177280	2304	6627	2015	136	音楽	VOCALOID	無色透名祭Ⅱ	無色透名祭Ⅱ参加曲	synthesizerv	mai(synthv)	synthesizervオリジナル曲	VOCALOIDネタ曲リンク	無色透名祭iiネタ曲	SynthesizerV殿堂入り	ホン・デ・ジュ
sm27993787	ミラーリング／初音ミク	2016-01-12T20:00:00+09:00	14203891		https://nicovideo.cdn.nimg.jp/thumbnails/27993787/27993787	1511591	5705	537	1996	222	VOCALOID	バルーン	からむし	さくらば	ミラーリング	初音ミク	初音ミクオリジナル	ミクオリジナル曲	VOCALOID伝説入り	初音ミク名曲リンク	DAM&JOY配信中
sm22995303	結月ゆかり「ユカユカ☆ヘヴンリーナイト」【オリジナル曲】	2014-03-01T19:00:00+09:00	2476652		https://nicovideo.cdn.nimg.jp/thumbnails/22995303/22995303	560828	11243	706	7842	213	VOCALOID	samfree	結月ゆかり	ゆかりオリジナル曲	VOCALOID殿堂入り	SAMナイトシリーズ	結月ゆかり名曲リンク	VOCALOIDイメージソング	VOCALOID-EUROBEAT	月の響-ツキノヒビキ-収録曲リンク	永遠に評価されるべき
sm34877912	MV - ラズライト / *Luna feat.VY1	2019-03-30T21:00:00+09:00	25646141		https://nicovideo.cdn.nimg.jp/thumbnails/34877912/34877912.88240	413365	2704	612	670	284	VOCALOID	VY1	*Luna	ラズライト	VY1オリジナル曲	びび	神調教	VOCALOID殿堂入り	さらに評価されるべき	爽やかなぼかうた	vocaloidオリジナル曲
sm3440324	【鏡音リン】リグレットメッセージ【オリジナル】	2008-05-25T20:53:20+09:00	907343		https://nicovideo.cdn.nimg.jp/thumbnails/3440324/3440324	1583600	30693	1384	31103	204	VOCALOID	鏡音リン	悪ノＰ	リンオリジナル曲	鏡音リン名曲リンク	リグレットメッセージ	VOCALOID伝説入り	七つの大罪シリーズ関連曲	老後→sm38023660	元凶→sm2916956	目からブリオッシュ
sm39771984	ワールドワイドワンダー / 初音ミク	2021-12-18T22:20:00+09:00	11450042		https://nicovideo.cdn.nimg.jp/thumbnails/39771984/39771984.9853067	441913	3207	3326	1194	225	VOCALOID	西沢さんP	ワールドワイドワンダー	プロジェクトセカイ収録曲	more_more_jump!	初音ミク	ミクオリジナル曲	さいね(絵師)	べて	VOCALOID殿堂入り	「zawaso_deri」収録曲
sm15108950	【VOCALOIDミュージカル】Alice in Musicland【オリジナル曲】 	2011-07-24T20:20:51+09:00	308936		https://nicovideo.cdn.nimg.jp/thumbnails/15108950/15108950	2124278	102550	1740	163376	718	VOCALOID	初音ミク	MEIKO	KAITO	鏡音リン・レン	巡音ルカ	クリプトンオールスターズ	Alice_in_Musicland	VOCALOIDミュージカル	VOCALOID伝説入り	DAM&JOY配信中
sm9692478	【第4回MMD杯本選】Chaining Intention【PV】	2010-02-13T01:42:55+09:00	6795814		https://nicovideo.cdn.nimg.jp/thumbnails/9692478/9692478	1426090	48691	476	22260	281	VOCALOID	MMD杯4本-3	第4回MMD杯本選	Treow(逆衝動P)	初音ミク	lat式ミク	@まさたかP	Chaining_Intention	MMD杯優勝作品リンク	VOCALOID視覚芸術展	MMD
sm18382294	【ボカロ8人】Crazy ∞ nighT【オリジナル】	2012-07-18T19:17:43+09:00	3397653		https://nicovideo.cdn.nimg.jp/thumbnails/18382294/18382294	3473182	56146	2680	44748	207	VOCALOID	ひとしずくP	やま△	鈴ノ助	TSO(とさお)	VOCALOIDオールスター	Crazy_∞_nighT	VOCALOID伝説入り	DAM&JOY配信中		
sm8824425	巡音ルカ「Gravity=Reality」【オリジナル曲】	2009-11-16T13:04:51+09:00	2476652		https://nicovideo.cdn.nimg.jp/thumbnails/8824425/8824425	468103	14245	367	4000	229	VOCALOID	Gravity=Reality	samfree	巡音ルカ	VOCALOID電波ソング	ルカオリジナル曲	かわいいルカうた	VOCALOID殿堂入り			
sm29997715	【MMD刀剣乱舞】　 LaLaL危　【MMDモーション配布あり】	2016-11-07T19:55:15+09:00	811799		https://nicovideo.cdn.nimg.jp/thumbnails/29997715/29997715	1076199	20739	1459	3307	198	その他	MMD刀剣乱舞	MMDモーション配布あり	太鼓鐘貞宗(刀剣乱舞)	大倶利伽羅(刀剣乱舞)	燭台切光忠(刀剣乱舞)	鶴丸国永(刀剣乱舞)	伊達組	刀剣乱舞殿堂入り	MMDミリオン達成作品	多人数モーション
sm19251235	【初音ミク】Party Junkie【ビッチ化】	2012-11-01T00:55:58+09:00	120867		https://nicovideo.cdn.nimg.jp/thumbnails/19251235/19251235	611220	14987	294	5918	267	VOCALOID	初音ミク	さつきがてんこもり	小玉有起	黒井_心	ミクオリジナル曲	お洒落なミクうた	Party_Junkie	VOCALOID殿堂入り	ボカロパリピソング	VOCALOEDM
so40968872	てらてら / Leo_need × 初音ミク	2022-08-24T20:30:00+09:00		2646600	https://nicovideo.cdn.nimg.jp/thumbnails/40968872/40968872.36238992	1386136	8571	8662	1099	198	プロセカ公式	音楽	プロジェクトセカイ	Leo/need	初音ミク	てらてら	和田たけあき(くらげP)	VOCALOIDと歌ってみた	プロセカ伝説入り	omu	
sm19069321	【初音ミク】みんなみくみくにしてあげる♪【してやんよ】	2012-10-08T05:30:00+09:00	70391		https://nicovideo.cdn.nimg.jp/thumbnails/19069321/19069321	2222155	85779	2439	146273	308	音楽	みくみくにしてあげる♪	みんなみくみくにしてあげる♪	VOCALOID	ika	初音ミク	ミクオリジナル曲	VOCALOIDイメージソング	MOSAIC.TUNE	VOCALOID伝説入り	
sm31812792	【イケボラップ､和楽器あり】初音ミク KAITO『大江戸ジュリアナイト』MV	2017-09-01T18:30:00+09:00	22580750		https://nicovideo.cdn.nimg.jp/thumbnails/31812792/31812792.97114334	514372	6780	1495	4389	229	VOCALOID	初音ミク	Mitchie_M	竜宮ツカサ	大江戸ジュリアナイト	VOCALOID殿堂入り	KAITO	Not-116	KAITO&ミクリンク	ミクオリジナル曲	KAITOオリジナル曲
sm36310619	対象x ／ GUMI	2020-02-02T20:00:00+09:00	53435803		https://nicovideo.cdn.nimg.jp/thumbnails/36310619/36310619.81817609	505533	3429	803	2586	240	VOCALOID	GUMI	GUMIオリジナル曲	VOCAROCK	ユリイ・カノン	片井雨司	対象x	VOCALOID殿堂入り			
sm23964020	【初音ミク】「従属ふりったー」【オリジナル】	2014-07-09T20:00:00+09:00	865371		https://nicovideo.cdn.nimg.jp/thumbnails/23964020/23964020	1107144	15161	1347	5315	217	VOCALOID	電ポルP	ミクオリジナル曲	初音ミク	従属ふりったー	koyori	DAM&JOY配信中	『FOLK』収録曲	VOCALOID伝説入り	初音ミク名曲リンク	
sm35340226	恋の恋による恋のための恋 / 初音ミク	2019-07-01T19:00:00+09:00	865591		https://nicovideo.cdn.nimg.jp/thumbnails/35340226/35340226.16122979	456718	4182	771	3035	235	VOCALOID	音楽	初音ミク	ピノキオピー	恋の恋による恋のための恋	アイマイナちゃん	ボカロP自作アニメーションMVリンク	VOCALOID殿堂入り	切ないミクうた		
sm32688081	懺悔参り / flower	2018-02-04T19:02:36+09:00	53052370		https://nicovideo.cdn.nimg.jp/thumbnails/32688081/32688081	2062634	11437	3556	4701	202	VOCALOID	羽生まゐご	v_flower	瀬川あをじ	懺悔参り	v_flowerオリジナル曲	VOCALOID和風曲	VOCALOID伝説入り	ききいる花うた		
sm38735257	◈*_我が儘賛歌	2021-05-14T19:01:02+09:00	93563471		https://nicovideo.cdn.nimg.jp/thumbnails/38735257/38735257.49644752	984294	3894	4076	686	149	VOCALOID	UTAU	UTAUオリジナル曲	暗鳴ニュイ	重音テト	ゆくえわっと	我が儘賛歌	UTAU和風曲	◈*	UTAU殿堂入り	UTAU伝説入り直前
sm20797677	【GUMI】敗北の少年【オリジナル曲】	2013-05-06T22:38:14+09:00	24550889		https://nicovideo.cdn.nimg.jp/thumbnails/20797677/20797677	2887350	42261	2371	57223	227	VOCALOID	kemu	敗北の少年(kemu)	KEMU_VOXX	GUMI	ハツ子	ke-sanβ	GUMIオリジナル曲	VOCALOID伝説入り	GUMI名曲リンク	DAM&JOY配信中
sm24905365	【初音ミク】「未来景イノセンス」【オリジナル】	2014-11-13T20:01:00+09:00	865371		https://nicovideo.cdn.nimg.jp/thumbnails/24905365/24905365	721550	12995	820	3798	270	VOCALOID	電ポルP	初音ミク	koyori	未来景イノセンス	VOCALOID殿堂入り	DAM&JOY配信中	初音ミク名曲リンク	ミクオリジナル曲	ききいるミクうた	
sm24626484	【IA】雨き声残響【オリジナル】	2014-10-05T22:59:56+09:00	32260190		https://nicovideo.cdn.nimg.jp/thumbnails/24626484/24626484	2322258	23734	2252	15513	171	VOCALOID	Orangestar	蜜柑星P	雨き声残響	IAオリジナル曲	IA_-ARIA_ON_THE_PLANETES-	VOCALOID伝説入り	VOCALOID梅雨入り	DAM&JOY配信中	巨大ねこ(絵師)	『未完成エイトビーツ』収録曲
sm23253153	【IA】空想世界とオモチャの心臓【オリジナル曲】	2014-04-04T18:00:00+09:00	18874531		https://nicovideo.cdn.nimg.jp/thumbnails/23253153/23253153	546548	8536	640	15719	224	VOCALOID	まふまふ	そらる	IA_-ARIA_ON_THE_PLANETES-	空想世界とオモチャの心臓	まふてる	IAオリジナル曲	かわいいIAうた	VOCALOID殿堂入り	DAM&JOY配信中	
sm36675694	豚になってyeah yeah / Neru feat. 鏡音レン	2020-04-15T18:00:00+09:00	112798		https://nicovideo.cdn.nimg.jp/thumbnails/36675694/36675694.13543540	435764	2985	1794	2391	189	Neru	りゅうせー	VOCALOID	豚になってyeah_yeah	鏡音レン	レンオリジナル曲	VOCALOID殿堂入り	こっち見んな	｢終｣詐欺	驚異的な中毒性	マイリス巡回推奨
sm20350758	【IA】負け犬至上主義【オリジナル曲・PV付】	2013-03-16T20:02:50+09:00	13279836		https://nicovideo.cdn.nimg.jp/thumbnails/20350758/20350758	1086353	21321	554	27630	208	VOCALOID	150P	IA_-ARIA_ON_THE_PLANETES-	負け犬至上主義(150P)	終焉ノ栞プロジェクト	IAオリジナル曲	A弥	C太	VOCALOID伝説入り	IA名曲リンク	スズム
sm33481720	金星のダンス / 初音ミク	2018-07-06T20:50:02+09:00	49716308		https://nicovideo.cdn.nimg.jp/thumbnails/33481720/33481720	1527500	13897	2032	13230	209	VOCALOID	初音ミク	ミクオリジナル曲	ナユタン星人	金星のダンス	VOCALOID宇宙派	DAM&JOY配信中	『ナユタン星からの物体Z』収録曲	太陽系シリーズ	VOCALOID伝説入り	
sm6206647	初音ミク「闇色アリス」【オリジナル曲】	2009-02-20T07:16:54+09:00	2476652		https://nicovideo.cdn.nimg.jp/thumbnails/6206647/6206647	1145512	35521	887	21395	236	音楽	samfree	初音ミク	闇色アリス	ミクオリジナル曲	田村ヒロ	VOCALOID	VOCALOID伝説入り	NEGI	初音ミク名曲リンク	ボカロアリス曲リンク
sm43802548	頭ン痛 / 重音テトSV	2024-05-18T19:00:00+09:00	130914440		https://nicovideo.cdn.nimg.jp/thumbnails/43802548/43802548.94638862	235556	1694	3648	758	176	重音テトsv	重音テト	SynthesizerV	読谷あかね	synthesizervオリジナル曲	頭ン痛	VOCALOID	歌詞に共感した	一度は聴くべき	なんでや!阪神関係ないやろ!	ニコニコ本社爆破シリーズ
sm28312508	忍たま馬鹿野郎	2016-02-28T00:00:00+09:00	55895489		https://nicovideo.cdn.nimg.jp/thumbnails/28312508/28312508	1927826	21059	7187	44429	82	エンターテイメント	バカヤロイド	音MAD	夜神月聖誕祭'16	勇気100%	夜神月	96%狂気	忍たま乱太郎	生レバー	神歌詞	重要ニコニコ文化財
sm20388234	【初音ミク】インターネットカラオケマン【ほぼ日P】	2013-03-20T21:29:51+09:00	3236137		https://nicovideo.cdn.nimg.jp/thumbnails/20388234/20388234	487314	9023	163	13494	181	VOCALOID	ほぼ日P	インターネットカラオケマン	初音ミク	ミクオリジナル曲	社会派VOCALOID	またお前か	VOCALOID殿堂入り	社会風刺	インターネットカラオケp	VOCAROCK
sm12234304	初音ミク - エレクトリック・ラブ MMDPV	2010-09-26T10:43:03+09:00	1274133		https://nicovideo.cdn.nimg.jp/thumbnails/12234304/12234304	441992	17218	59	5176	142	VOCALOID	わかむらP	八王子P	MikuMikuDance	壁紙配布中！	エレクトリック・ラブ	MikuMikuDance殿堂入り	Lat式ミク	VOCALOID名PVリンク	VOCALOID-PV殿堂入り	あざといなさすがLat式あざとい
sm21436114	【鏡音リン】エンゼルフィッシュ【オリジナルＰＶ】	2013-07-25T19:00:00+09:00	437194		https://nicovideo.cdn.nimg.jp/thumbnails/21436114/21436114	854356	12215	1834	2485	239	VOCALOID	VOCALOID殿堂入り	パトリチェフ	鏡音リン	エンゼルフィッシュ(パトリチェフ)	吉田省吾	VOCAR&B	VOCALOID水槽入り	お洒落なリンうた	鏡音リン名曲リンク	ボカロ渋谷系
sm30334052	カフネ／flower・初音ミク	2016-12-30T22:00:00+09:00	19820059		https://nicovideo.cdn.nimg.jp/thumbnails/30334052/30334052	624846	4412	435	1526	220	VOCALOID	v_flower	初音ミク	有機酸	東洋医学	v_flowerオリジナル曲	カフネ	VOCALOID殿堂入り	ミクオリジナル曲	ミク&flowerリンク	ミクトロニカ
sm25034487	【鉛姫シリーズ】クラブ＝マジェスティ／nyanyannya feat.鏡音レン	2014-12-03T20:03:00+09:00	787823		https://nicovideo.cdn.nimg.jp/thumbnails/25034487/25034487	1025983	9833	1049	2933	217	VOCALOID	鏡音レン	nyanyannya	予感子	レンオリジナル曲	鏡音レン名曲リンク	クラブ=マジェスティ	VOCALOID伝説入り	大天才P		
sm27758211	ストラトステラ / 初音ミク	2015-12-09T19:07:00+09:00	49716308		https://nicovideo.cdn.nimg.jp/thumbnails/27758211/27758211.8446653	1648863	11402	1321	7286	187	VOCALOID	初音ミク	ミクオリジナル曲	ナユタン星人	ストラトステラ	VOCALOID宇宙派	VOCALOID伝説入り	初音ミク名曲リンク	切ないミクうた	DAM&JOY配信中	『ナユタン星からの物体X』収録曲
sm12252387	【初音ミク】オレンジゾートロープ【PVつきオリジナル曲】	2010-09-27T23:12:38+09:00	334039		https://nicovideo.cdn.nimg.jp/thumbnails/12252387/12252387	54398	2557	29	844	246	VOCALOID	ミックスモダン	はんにゃG	麺類子	cosmic_remix_Gate.4課題曲	ミクオリジナル曲	みんなのミクうた	ボカロワルツ	初音ミク	VOCAJAZZ	オレンジゾートロープ
sm11641089	sasakure. UK - タイガーランペイジ  feat.鏡音リン	2010-08-05T18:16:23+09:00	461870		https://nicovideo.cdn.nimg.jp/thumbnails/11641089/11641089	1621232	33446	1126	15836	308	VOCALOID	sasakure.UK	sta	鏡音リン	タイガーランペイジ	リンオリジナル曲	VOCALOID小説派生曲	VOCALOID変拍子曲	VOCALOID伝説入り	鏡音リン名曲リンク	DAM＆JOY配信中
sm32352242	トーデス・トリープ ／ GUMI	2017-12-01T19:01:00+09:00	53435803		https://nicovideo.cdn.nimg.jp/thumbnails/32352242/32352242.80962	743772	4875	708	2017	209	VOCALOID	GUMI	ユリイ・カノン	片井雨司	VOCAROCK	トーデス・トリープ	VOCALOID殿堂入り	GUMIオリジナル曲	ハーフミリオン	ラブソング	
sm41869371	かめりあ - ドクヘビ (feat. 初音ミク) 【ElectroSwing】	2023-03-02T00:34:03+09:00	425677		https://nicovideo.cdn.nimg.jp/thumbnails/41869371/41869371.1163278	370442	1442	2459	334	228	VOCALOID	初音ミク	かめりあ	プロセカnext	#プロセカnext	りゅうら	ミクオリジナル曲	VOCAJAZZ	お洒落なミクうた	ドクヘビ	VOCALOID殿堂入り
sm19535017	ポケモンが超エキサイティングな3Dアクションゲームになってる件	2012-12-08T22:20:13+09:00	2010519		https://nicovideo.cdn.nimg.jp/thumbnails/19535017/19535017	4231032	92712	5073	161986	340	バトルドーム	バトルドーム発売祭2012冬	ゲーム	えなり	ポケットモンスター	深刻な素材不足	Q時代の賢者	見る抗うつ剤	ツクットモンスター	音MAD	重要ニコニコ文化財
sm12540473	ハイタッチする猫	2010-10-25T01:19:53+09:00	78583		https://nicovideo.cdn.nimg.jp/thumbnails/12540473/12540473	407813	16102	17	4800	98	動物	猫	AV（アニマルビデオ）	右のやらされてる感	こっちみんな	ぬこぬこ動画	吹いたら負け	さらに評価されるべき	アルプス一万尺	ネコパンチ	
sm30535720	【ミクウナ】　ファミレスいこうよ　【オリジナル曲ゥ】	2017-01-30T21:00:00+09:00	656109		https://nicovideo.cdn.nimg.jp/thumbnails/30535720/30535720	544826	4418	506	2265	254	VOCALOID	初音ミク	音街ウナ	初音ミクとダイナミック自演ズ	カルロス袴田(サイゼP)	VOCALOID殿堂入り	VOCALOID食堂入り	ファミレスいこうよ	ミク&ウナリンク	VOCALOIDデュエット曲	
sm35618829	フィクションブルー / 初音ミク	2019-08-31T20:16:02+09:00	86488427		https://nicovideo.cdn.nimg.jp/thumbnails/35618829/35618829.28386080	560524	3357	1381	758	214	VOCALOID	ボーカロイド	初音ミク	ボカロ	Ayase	フィクションブルー	VOCALOID殿堂入り	DAM&JOY配信中	VOCALOID夏曲	ミクオリジナル曲	エモい曲
sm31007626	簡単にキーフレームアニメーション作れるツール作ってみた	2017-04-11T17:00:00+09:00	65105044		https://nicovideo.cdn.nimg.jp/thumbnails/31007626/31007626	557272	23591	388	4937	383	ニコニコ技術部	作ってみた	ツール	けものフレンズ	サーバルちゃん	けもフレ技術部	信頼のマイリス率	AnimeEffects	今週の技術革新		
sm32258994	Original, 初音ミク・GUMI／ ライムライト	2017-11-12T21:18:42+09:00	8211134		https://nicovideo.cdn.nimg.jp/thumbnails/32258994/32258994	1480727	8894	1998	2575	213	VOCALOID	GUMI	初音ミク	ライムライト(蜂屋ななし)	蜂屋ななし	はるもつ(頃之介)	VOCAJAZZ	GUMIオリジナル曲	ミク＆GUMIリンク	VOCALOID伝説入り	
sm39223345	【Fate/MMD】ルーセ【LB6】	2021-08-22T20:00:00+09:00	85579540		https://nicovideo.cdn.nimg.jp/thumbnails/39223345/39223345.60400205	363993	3478	4213	432	201	MMD	Fate/MMD	妖精円卓領域アヴァロン・ル・フェ	ルーセ(ine(伊根))	封印指定	MikuMikuDance	MikuMikuDance殿堂入り	Fate/Grand_Order			
sm17969073	【波音リツキレ音源】-ERROR 【UTAUカバー】	2012-05-31T16:47:43+09:00	14043659		https://nicovideo.cdn.nimg.jp/thumbnails/17969073/17969073	1826177	34546	1219	15481	242	VOCALOID→UTAUカバー曲	波音リツキレ音源	ERROR(niki)	波音リツ	VOCALOID	cillia	UTAU伝説入り	UTAU	伝説のリツマスター	UTAU名カバー曲リンク	
sm33250247	「ANIMAる」 ver. EVO+ Mes	2018-05-23T19:30:00+09:00	3537176		https://nicovideo.cdn.nimg.jp/thumbnails/33250247/33250247	2024769	9205	1142	1283	194	歌ってみた	ANIMAる	EVO+	Mes(歌い手)	梅とら	ギガP					
sm44664536	BLUE BACK / じん【Official MV】	2025-02-19T19:00:00+09:00	15872264		https://nicovideo.cdn.nimg.jp/thumbnails/44664536/44664536.25310356	1526228	1431	3444	645	188	VOCALOID	初音ミク	音楽	じん（自然の敵P）	ミクオリジナル曲	びび	VOCAROCK	VOCALOID夏曲	BLUE_BACK(じん)	VOCALOID伝説入り	
sm27973209	劇場版ガールズ＆パンツァーSäkkijärven Polkka【Deep House Remix】	2016-01-09T19:27:26+09:00	50136314		https://nicovideo.cdn.nimg.jp/thumbnails/27973209/27973209	1115655	15785	657	5243	210	音楽	ガールズ＆パンツァー	Remix	Säkkijärven_Polkka	継続高校	人生に必要なBGM	天下のクリスティー式BGM	ミカ（ガールズ&パンツァー）	イラスト→im5481440	ガルパンはいいぞ	ミリオン動画
sm24029695	drop pop candy ver れをるとギガ	2014-07-18T18:00:00+09:00	16253346		https://nicovideo.cdn.nimg.jp/thumbnails/24029695/24029695	2704634	29421	1031	11329	227	歌ってみた	drop_pop_candy	れをる	ギガP	歌ってみた伝説入り						
sm14376144	初音ミク「Euthanasia」【オリジナル曲】	2011-05-06T22:43:43+09:00	2476652		https://nicovideo.cdn.nimg.jp/thumbnails/14376144/14376144	271590	12922	201	4366	260	VOCALOID	ミクオリジナル曲	Euthanasia(samfree)	samfree	VOCALOID殿堂入り	VOCALO_SMILE_feat.初音ミク収録曲	ポップ・レクイエム	初音ミク名曲リンク	DAM配信中	魂実装済み	初音ミク
sm1783839	【初音ミク】melody...3D PV ver1.50	2007-12-15T22:50:13+09:00	1293397		https://nicovideo.cdn.nimg.jp/thumbnails/1783839/1783839	1475202	44368	271	120560	294	初音ミク	キオ式３Ｄ作品集	VOCALOID-PV	VOCALOID	VOCALOID名PVリンク	VOCALOID3D化計画	六角大王	melody...	VOCALOID-PV殿堂入り	mikuru396	PVつけてみた
so40968857	Peaky Peaky_Leo_need × KAITO	2022-08-24T20:30:00+09:00		2646600	https://nicovideo.cdn.nimg.jp/thumbnails/40968857/40968857.22294983	432744	3229	2609	215	187	プロセカ公式	音楽	プロジェクトセカイ	Leo/need	KAITO	Peaky_Peaky	みきとP	のう	VOCALOIDと歌ってみた	プロセカ殿堂入り	omu
sm23427805	【初音ミク】SAYONARA【オリジナルMV】	2014-04-28T19:00:00+09:00	100960		https://nicovideo.cdn.nimg.jp/thumbnails/23427805/23427805	283226	8161	210	3381	280	VOCALOID	てぃあら	AO(絵師)	初音ミク	SAYONARA（てぃあら）	DAM&JOY配信中	初音ミク名曲リンク	VOCALOID殿堂入り	ミクオリジナル曲	ピアノミク	神調教
sm7756597	【初音ミク(とく)】SPiCa【オリジナル曲】	2009-07-27T08:11:33+09:00	161775		https://nicovideo.cdn.nimg.jp/thumbnails/7756597/7756597	2639059	59080	2836	37949	217	Vocaloid	音楽	refeia	とくP	歌踊コレOK	VOCALOID伝説入り	初音ミク	初音ミク名曲リンク	ミクオリジナル曲	星のうた	SPiCa(初音ミクオリジナル曲)
sm6166936	【初音ミク(40㍍)】STEP TO YOU【オリジナル】	2009-02-16T21:16:27+09:00	3343223		https://nicovideo.cdn.nimg.jp/thumbnails/6166936/6166936	940601	27831	373	17093	301	ミクオリジナル曲	40㍍P	STEP_TO_YOU	初音ミク	VOCALOID春曲	DAM&JOY配信中	爽やかなミクうた	VOCALOID殿堂入り	初音ミク名曲リンク	VOCALOID	VOCALOID伝説入り直前
sm20423774	〔れをる〕 Sweet Devil 〔feat.kradness〕	2013-03-24T20:33:32+09:00	16253346		https://nicovideo.cdn.nimg.jp/thumbnails/20423774/20423774	3265669	31571	723	15686	248	歌ってみた	Sweet_Devil	れをる	kradness	ギガP						
sm20081073	【ボカロ8人】Twilight ∞ nighT 【オリジナル】	2013-02-14T00:00:18+09:00	3397653		https://nicovideo.cdn.nimg.jp/thumbnails/20081073/20081073	2776252	43380	1817	34374	227	VOCALOID	ひとしずくP	やま△	鈴ノ助	TSO(とさお)	VAVA(ヴァヴァ)	Twilight_∞_nighT	VOCALOIDオリジナル曲	VOCALOIDオールスター	VOCALOID伝説入り	DAM&JOY配信中
sm34976912	【Fate/MMD】ぐだ子とさよならスーヴェニア	2019-04-16T05:00:00+09:00	4557785		https://nicovideo.cdn.nimg.jp/thumbnails/34976912/34976912.77004577	193062	4385	1234	374	195	MMD	MikuMikuDance	Fate/MMD	Fate/Grand_Order	ぐだ子	色彩の魔術師					
sm27817807	『しんでしまうとはなさけない！』をウザさMAXでコラボってみたったwwwwwww	2015-12-18T18:00:00+09:00	32091755		https://nicovideo.cdn.nimg.jp/thumbnails/27817807/27817807	3696268	40502	1964	89842	250	歌ってみた	しんでしまうとはなさけない！	あるふぁきゅん。	クプラ	藤	ちくわ大明神					
sm25999243	【松岡修造】どんどん熱くなる【だんだん早くなる】	2015-04-11T00:16:00+09:00	431138		https://nicovideo.cdn.nimg.jp/thumbnails/25999243/25999243	875287	26204	405	12076	138	エンターテイメント	松岡修造	だんだん早くなる	音MAD	松岡天満宮	業火ロイド	しじみ殿堂入り	GINZA時代の申し子	元気が出る動画	修造MAD	
sm39919568	【鏡音リンレン】にっこり^^調査隊のテーマ【ワンオポ/オリジナルMV】/ Niccori^^ Survey Team Theme	2022-01-19T22:30:00+09:00	13893300		https://nicovideo.cdn.nimg.jp/thumbnails/39919568/39919568.44999240	1125617	5653	6024	2322	210	VOCALOID	鏡音リン	鏡音レン	じーざすP	ワンダフル☆オポチュニティ！	グライダー絵師	にっこり^^調査隊のテーマ	鏡音オリジナル曲	プロジェクトセカイ収録曲	VOCALOID伝説入り	元気が出るボカうた
sm5993253	【初音ミク】ぽっぴっぽーＰＶ【飲もう！】	2009-01-30T22:22:36+09:00	232646		https://nicovideo.cdn.nimg.jp/thumbnails/5993253/5993253	2430196	51211	2986	59197	105	作者は健康	VOCALOID	ぽっぴっぽー	PVつけてみた	砂吹P	vocaloid食堂入り	初音ミク	野菜ジュース	マクドナルド	ラマーズP	V6(VOCALOID6)
sm27097971	【MMD刀剣乱舞】 一騎当千 【鶴 鶯 獅 一 平】	2015-09-06T15:50:00+09:00	20025647		https://nicovideo.cdn.nimg.jp/thumbnails/27097971/27097971	1193166	30430	770	5596	228	MikuMikuDance	MMD刀剣乱舞	刀剣乱舞	一期一振(刀剣乱舞)	鶯丸(刀剣乱舞)	鶴丸国永(刀剣乱舞)	平野藤四郎(刀剣乱舞)	獅子王(刀剣乱舞)	刀剣乱舞殿堂入り	MMDミリオン達成作品	献上組
sm24085307	世界は恋に落ちている ／ CHiCO with HoneyWorks	2014-07-25T18:38:25+09:00	1646151		https://nicovideo.cdn.nimg.jp/thumbnails/24085307/24085307	5101423	77261	2229	174355	321	音楽	CHiCO_with_HoneyWorks	HoneyWorks	アオハライド	世界は恋に落ちている	ニコニコインディーズ	アニソンfull				
sm41981760	先生あのね / 花隈千冬	2023-03-24T20:00:00+09:00	11450042		https://nicovideo.cdn.nimg.jp/thumbnails/41981760/41981760.72561967	200772	1544	2285	499	190	VOCALOID	SynthesizerV	花隈千冬	西沢さんP	先生あのね	花隈千冬オリジナル曲	べて	SynthesizerV殿堂入り	VOCALOIDデモソング	SynthesizerVオリジナル曲	VOCAROCK
sm32576768	【初音ミク】　再演　【カバー】	2018-01-13T19:59:00+09:00	15918028		https://nicovideo.cdn.nimg.jp/thumbnails/32576768/32576768	2386474	8693	4644	6673	213	VOCALOID	VOCALOID→VOCALOIDカバー	MARETU	初音ミク	再演(ringo)	vocaloidカバー曲	vocaloidアレンジ曲	VOCALOID名カバー曲リンク	VOCALOID伝説入り		
sm30038738	回る空うさぎ / feat.初音ミク MV	2016-11-14T18:00:00+09:00	32260190		https://nicovideo.cdn.nimg.jp/thumbnails/30038738/30038738	3106585	21628	10900	12548	175	VOCALOID	Orangestar	回る空うさぎ	初音ミク	ミクオリジナル曲	蜜柑星P	日外たよた	VOCALOID伝説入り	VOCALOIDおふとん入り	DAM&JOY配信中	『SEASIDE_SOLILOQUIES』収録曲
sm14216225	【GUMI】「夜空にふたつ」【オリジナル】	2011-04-20T23:59:31+09:00	865371		https://nicovideo.cdn.nimg.jp/thumbnails/14216225/14216225	243958	8163	153	4452	220	VOCALOID	電ポルP	夜空にふたつ	VOCALOID殿堂入り	koyori	GUMIオリジナル曲	VOCAROCK	GUMI	ききいるGUMIうた		
sm25182507	【GUMI】 感情泥棒 【オリジナルMV】	2014-12-23T20:01:00+09:00	3343223		https://nicovideo.cdn.nimg.jp/thumbnails/25182507/25182507	452884	9063	172	4995	253	VOCALOID	GUMI	40mP	感情泥棒	たま（絵師）	GUMIオリジナル曲	VOCALOID殿堂入り	DAM&JOY配信中	40㍍P		
sm28421741	朝を呑む／初音ミク	2016-03-18T20:00:00+09:00	14203891		https://nicovideo.cdn.nimg.jp/thumbnails/28421741/28421741	573953	4309	523	1092	286	VOCALOID	バルーン	アボガド６	朝を呑む	初音ミク	初音ミクオリジナル曲	VOCALOID殿堂入り	初音ミク名曲リンク	ミクオリジナル曲	涙腺崩壊	DAM&JOY配信中
sm19729937	【VY2】浮かれバケモノの朗らかな破綻【オリジナル曲】	2013-01-01T19:57:23+09:00	372592		https://nicovideo.cdn.nimg.jp/thumbnails/19729937/19729937	318336	8764	72	12576	346	VOCALOID	家の裏でマンボウが死んでるP	タカハシヨウ	竜宮ツカサ	浮かれバケモノの朗らかな破綻	ｲｲ鼻ｼﾀﾞﾅｰ	不意打ちに定評がある裏マンP	もっと(鼻が）伸びるべき	謎の感動	VOCALOID殿堂入り	VY2オリジナル曲
sm26758712	【miki】 無人駅 【オリジナル】	2015-07-21T22:00:41+09:00	26225387		https://nicovideo.cdn.nimg.jp/thumbnails/26758712/26758712	1091952	9374	889	4790	222	VOCALOID	ナブナ	あわしま	mikiオリジナル曲	開発コードmiki	無人駅(ナブナ)	VOCALOID夏曲	VOCAROCK	VOCALOID鉄道シリーズ	VOCALOID伝説入り	miki名曲リンク
sm35543930	無辜のあなた / 初音ミク・flower	2019-08-16T19:00:00+09:00	78166728		https://nicovideo.cdn.nimg.jp/thumbnails/35543930/35543930.98250086	792408	3244	5105	1496	298	初音ミク	v_flower	VOCALOIDオリジナル曲	VOCALOID	VOCALOID殿堂入り	無辜のあなた	ボカロP自作アニメーションMVリンク	ミク&flowerリンク	安定した不安定	いよわ	
sm36838810	【初音ミク】百鬼祭【Kanaria】	2020-05-10T21:59:03+09:00	95303437		https://nicovideo.cdn.nimg.jp/thumbnails/36838810/36838810.59483407	772477	5975	3511	3940	192	VOCALOID	vocaloidオリジナル曲	百鬼祭	Kanaria	白咲まぐる	初音ミク	VOCALOID処女作	ミクオリジナル曲	VOCALOID殿堂入り	初音ミク名曲リンク	VOCALOID和風曲
sm18508945	脚のはえた紙飛行機の折り方	2012-08-02T12:23:56+09:00	20798376		https://nicovideo.cdn.nimg.jp/thumbnails/18508945/18508945	843533	33632	146	13175	78	作ってみた	折り紙	紙飛行機	ニコニコ手芸部	紙動画	Ju-87	九九艦爆	コメント＜マイリスト	ガウォーク	サムネブラックホール	
sm16346894	【ニコカラ】背徳の記憶～The Lost Memory～/bySCL Project【VanaN`Ice】on	2011-12-05T00:00:30+09:00	3203871		https://nicovideo.cdn.nimg.jp/thumbnails/16346894/16346894	54477	1791	1	290	255	VOCALOID	背徳の記憶〜The_Lost_Memory〜	natsuPカラオケ動画リンク	酸素押し潰され狂ってしまいそう	奪われた酸素もリズムも音程も	ボカロカラオケDB	酸素をもう一度吸いたい	ニコニコカラオケDB	ボカロデュエットカラオケDB		
sm22226143	虎視眈々をうたいました	2013-11-10T17:00:00+09:00	4845576		https://nicovideo.cdn.nimg.jp/thumbnails/22226143/22226143	1847879	22506	823	9632	227	歌ってみた	虎視眈々(梅とら)	歌うpシリーズ	歌い手殺し	ギガ中毒	歌う18禁					
sm19767470	【ボカロ5人で】衝動×パンデモニクス【オリジナル】	2013-01-06T20:03:00+09:00	1561183		https://nicovideo.cdn.nimg.jp/thumbnails/19767470/19767470	335987	9260	131	6576	264	VOCALOID	PolyphonicBranch	hie	MONQ	ティッシュ姫	衝動×パンデモニクス	VOCALOID殿堂入り	VOCALOIDオリジナル曲	VOCAROCK	VOCALOIDオールスター	
sm31923084	超常現象　うたった【SymaG】	2017-09-14T19:01:18+09:00	23420636		https://nicovideo.cdn.nimg.jp/thumbnails/31923084/31923084	1302141	6721	261	1386	225	歌ってみた	超常現象(ろくろ)	島爺	SymaG	82歳の力						
sm6977183	【巡音ルカ】 迷的サイバネティックス 【オリジナル】	2009-05-07T19:08:16+09:00	2566558		https://nicovideo.cdn.nimg.jp/thumbnails/6977183/6977183	518681	16597	230	5427	248	otetsu	巡音ルカ	迷的サイバネティックス	riria009	VOCALOID殿堂入り	DAM&JOY配信中	伝説のルカマスター	ルカオリジナル曲	VOCALOID	Project_DIVA_Arcade収録曲	巡音ルカ名曲リンク
sm4775243	鏡音レンオリジナル曲　「鏡音レンの暴走（LONG VERSION）」	2008-09-29T04:17:42+09:00	1091989		https://nicovideo.cdn.nimg.jp/thumbnails/4775243/4775243	2149120	44907	3333	105266	287	cosMo(暴走P)	鏡音レン	VOCALOID	DAM配信中	鏡音レンの暴走	VOCALOID伝説入り	レンの将来が不安になる動画	レンオリジナル曲	VOCALOID電波ソング	レン廃の聖地	VOCALOIDイメージソング
sm23355708	【GUMI】顔本耽溺ガール【オリジナルPV】	2014-04-18T20:00:00+09:00	24882114		https://nicovideo.cdn.nimg.jp/thumbnails/23355708/23355708	469268	7120	209	5288	208	VOCALOID	レフティモンスター	たるとP	すこっち	ひなのすけ	エンドウ.(GEEKS)	GUMI	GUMIオリジナル曲	「地獄型人間動物園」収録曲	顔本耽溺ガール	VOCALOID殿堂入り
sm32422800	アンビバレンツ【初音ミクオリジナル】	2018-01-05T20:00:00+09:00	912063		https://nicovideo.cdn.nimg.jp/thumbnails/32422800/32422800	349990	4343	248	1576	287	VOCALOID	流星P	アンビバレンツ	花緒ト綸	初音ミク	初音ミク10周年記念盤収録曲	VOCALOID殿堂入り	初音ミク名曲リンク	ミクオリジナル曲	田尻尋一	
sm31015274	【初音ミク】イヤガール【かいりきベア】	2017-04-12T20:00:00+09:00	21990565		https://nicovideo.cdn.nimg.jp/thumbnails/31015274/31015274	1182316	8128	1974	5328	193	VOCALOID	イヤガール	初音ミク	かいりきベア	のう	DAM&JOY配信中	初音ミク名曲リンク	ミクオリジナル曲	VOCALOID伝説入り	ホテル紅葉	
sm1715919	初音ミク　が　オリジナル曲を歌ってくれたよ「メルト」	2007-12-07T20:46:02+09:00	317063		https://nicovideo.cdn.nimg.jp/thumbnails/1715919/1715919	16870167	309650	33236	1052688	256	うｐ者は中二病	初音ミク	㍍⊃	職人の祭典	音楽	投稿者コメント	VOCALOID	VOCALOID神話入り	ミクオリジナル曲	初音ミク名曲リンク	ryo(supercell)
sm34552715	ケモサビ / flower	2019-01-30T20:00:00+09:00	29053926		https://nicovideo.cdn.nimg.jp/thumbnails/34552715/34552715.28718	107308	1112	127	529	246	VOCALOID	しーくん	seeeeecun	みつきさなぎ	ため（叫べP）	v_flower	v_flowerオリジナル曲	ケモサビ	VOCAROCK	驚異的な中毒性	VOCALOID殿堂入り
sm31451442	【ゆっくり解説】世界の奇人・変人・偉人紹介【サルバドール・ダリ】	2017-06-24T19:00:00+09:00	30252018		https://nicovideo.cdn.nimg.jp/thumbnails/31451442/31451442	642429	1858	311	10241	580	歴史	世界の奇人・変人・偉人紹介	ゆっくり解説	ゆっくり	ニコニコ動画講座	ユスタ・ベルサ	残念なイケメン	偉大な変人	味も見ておこう	チュッパチャプス	サルバドール・ダリ
sm7623438	【XBLA版 斑鳩】 通し オンライン2人協力プレイ 【4430万】	2009-07-13T18:36:14+09:00	424811		https://nicovideo.cdn.nimg.jp/thumbnails/7623438/7623438	737426	15200	320	23912	1260	ゲーム	斑鳩	STG	スーパープレイ	人のような物体	ふつくしい	きさまこのゲームやり込んでいるなッ!	瞬間、心、重ねて	ふたりは斑鳩maxchain	シンクロナイズドシューティング	芸術
sm43944868	【重音テトSV】ドリル無双。～異世界転生して神からドリルを授かった私は、王女を助けたりニセ勇者を追放したり魔王を討伐して最強になったのでスローライフを送ります～※これは音楽動画です【オリジナル曲】	2024-08-10T19:35:00+09:00	1653063		https://nicovideo.cdn.nimg.jp/thumbnails/43944868/43944868.83393892	149123	1263	4918	2528	279	VOCALOID	gyari(ココアシガレットp)	synthesizervオリジナル曲	SynthesizerV	重音テト	重音テトSV	テトオリジナル曲	トンファーキック	重音テトオリジナル曲	グレンラガン	重音テトsvオリジナル曲
sm30515185	【IA】 ハートブレイク≒ブルース 【オリジナル曲】	2017-01-27T23:53:13+09:00	4215206		https://nicovideo.cdn.nimg.jp/thumbnails/30515185/30515185	179202	3012	266	889	238	VOCALOID	VOCAROCK	IAオリジナル曲	IA_-ARIA_ON_THE_PLANETES-	ハートブレイク≒ブルース	ケダルイ	信頼のマイリス率	VOCALOID殿堂入り	IA名曲リンク	さらに評価されるべき	DAM配信中
sm28687387	【初音ミク】バベルサーカス【オリジナルMV】	2016-04-22T19:00:00+09:00	22711505		https://nicovideo.cdn.nimg.jp/thumbnails/28687387/28687387	232500	3366	168	1403	214	VOCALOID	Diarays	アボガド6	バベルサーカス	初音ミク	VOCALOID視覚芸術展	VOCALOID-PV	VOCALOID殿堂入り	ミクオリジナル曲	初音ミク名曲リンク	コウ(ボカロp)
sm23904035	【IA ROCKS】 ブラッディ　グラビティ 【オリジナル】	2014-07-01T19:00:00+09:00	35275687		https://nicovideo.cdn.nimg.jp/thumbnails/23904035/23904035	354407	8131	187	4223	221	VOCALOID	IAオリジナル曲	IA_ROCKS	ねじ式(火曜日P)	紺色。	VOCALOID殿堂入り	IA_-ARIA_ON_THE_PLANETES-	DAM&JOY配信中	VOCAROCK	vocaloid-pv	クールなIAうた
sm36503255	ポプリさん / いよわ feat.初音ミク・flower	2020-03-13T20:00:00+09:00	78166728		https://nicovideo.cdn.nimg.jp/thumbnails/36503255/36503255.28573267	615133	2463	3360	909	185	VOCALOID	初音ミク	v_flower	vocaloidオリジナル曲	いよわ	ポプリさん	VOCALOID殿堂入り	VOCALOID変拍子曲	VOCALOID幻想狂気曲リンク	ミク&flowerリンク	
sm2385426	ずっと子猫のターン！　～（ﾉ´・ω・）ﾉ　｛ママ～)	2008-02-20T21:07:29+09:00	562117		https://nicovideo.cdn.nimg.jp/thumbnails/2385426/2385426	2086361	31897	21	37606	113	動物	～（ﾉ´・ω・）ﾉ｛ママ～)	これは足ではない！「あんよ」だ！！	(ﾉ)･ω･(ヾ)ﾑﾆﾑﾆ							
sm11323864	sasakure. UK  -  ロストエンファウンド  feat.初音ミク	2010-07-09T01:13:20+09:00	461870		https://nicovideo.cdn.nimg.jp/thumbnails/11323864/11323864	1404593	34227	1812	22328	301	VOCALOID	初音ミク	ロストエンファウンド	sasakure.UK	初音ミク名曲リンク	ミクオリジナル曲	VOCALOID伝説入り	DAM＆JOY配信中	茶ころ	vocaloid変拍子曲	
sm6886848	バーニングレンジャー　OP　Burning Hearts ～炎のANGEL～	2009-04-29T03:38:29+09:00	10435526		https://nicovideo.cdn.nimg.jp/thumbnails/6886848/6886848	894802	19217	404	1749	237	ゲーム	バーニングレンジャー	ササキトモコ	光吉猛修	全部サビ	幡谷尚史	セガ	ゲーソンfull	1998年		
sm8755207	【巡音ルカ】 Desire 【オリジナル】	2009-11-09T05:13:57+09:00	2566558		https://nicovideo.cdn.nimg.jp/thumbnails/8755207/8755207	231961	10260	65	2914	256	VOCALOID	otetsu	EXIT_TUNES_PRESENTS_Supernova	巡音ルカ	三重の人	VOCALOID殿堂入り	Desire(otetsu)	伝説のルカマスター	ルカオリジナル曲	巡音ルカ名曲リンク	DAM&JOY配信中
sm18034406	【初音ミク】 -  EARTH DAY  - 【オリジナルPV】	2012-06-07T22:40:28+09:00	21788239		https://nicovideo.cdn.nimg.jp/thumbnails/18034406/18034406	344386	13187	239	5572	231	VOCALOID	初音ミク	EARTH_DAY	はりー	さちこ（絵師）	初音ミク名曲リンク	爽やかなミクうた	VOCALOID殿堂入り	ミクオリジナル曲	DAM&JOY配信中	マジカルミライ2014
sm31786371	Original, 初音ミク・GUMI／ HAPPY SHAPE	2017-08-21T19:00:00+09:00	8211134		https://nicovideo.cdn.nimg.jp/thumbnails/31786371/31786371	596860	5555	716	1882	232	VOCALOID	HAPPY_SHAPE	蜂屋ななし	初音ミク	GUMI	ドッシー	NAGASAKI	アミメキリン	古論	VOCALOID殿堂入り	ミク＆GUMIリンク
sm28051380	【flower】「magic city」【オリジナル】	2016-01-21T20:00:00+09:00	865371		https://nicovideo.cdn.nimg.jp/thumbnails/28051380/28051380	639693	7904	524	2059	250	VOCALOID	電ポルP	magic_city	koyori	VOCALOID殿堂入り	v_flower	v_flowerオリジナル曲	DAM&JOY配信中	ハーフミリオン	VOCALOIDデジタルロック	flowerセカンドアルバム「一期一会」収録曲
sm6996407	【初音ミク(40㍍)】Scrap＆Build【オリジナル】	2009-05-11T23:19:58+09:00	3343223		https://nicovideo.cdn.nimg.jp/thumbnails/6996407/6996407	365439	10889	111	5504	297	40㍍P	ミクオリジナル曲	初音ミク	VOCALOID-PV	VOCALOID	Scrap＆Build	DECO*27	初音ミク名曲リンク	VOCALOID殿堂入り	軌道エレベーター	
sm8321015	巡音ルカオリジナル曲 「Toy Box」	2009-09-24T02:53:39+09:00	7032706		https://nicovideo.cdn.nimg.jp/thumbnails/8321015/8321015	292462	9427	219	5140	322	ジミーサムＰ	VOCALOID	巡音ルカ	ルカオリジナル曲	Toy_Box	CDアルバム「Toy_Box」収録曲	VOCALOID殿堂入り	The_200000th	JOYSOUND配信中	巡音ルカ名曲リンク	
sm18065127	【MMD】 WAVEFILE fullver. 【モーション完成】	2012-06-11T00:07:30+09:00	651547		https://nicovideo.cdn.nimg.jp/thumbnails/18065127/18065127.91110867	794048	25903	305	10555	248	Lat式ミク	VOCALOID	MikuMikuDance	WAVEFILE	hinoP	MMDモーション配布あり	MikuMikuDance殿堂入り	初音ミク	MMD	ラマーズp	
sm12976887	【MMD】うちのミクさんも躍ってくれました「Yellow」	2010-12-09T01:42:23+09:00	454965		https://nicovideo.cdn.nimg.jp/thumbnails/12976887/12976887	854076	27682	163	15354	208	VOCALOID	MikuMikuDance	Lat式ミク	kz	Lat	初音ミク	あざといなさすがLat式あざとい	VOCALOID/UTAU-MMD	MMD-PV	2:52の破壊力	Yellow
sm31562175	あの娘シークレット / 初音ミク	2017-07-13T19:00:00+09:00	10103681		https://nicovideo.cdn.nimg.jp/thumbnails/31562175/31562175	1191973	10843	1454	5773	232	VOCALOID	あの娘シークレット	Eve	Numa	Okamoto	『Eve_Vocaloid_01』収録曲	初音ミク	ミクオリジナル曲	VOCALOID伝説入り	初音ミク名曲リンク	DAM&JOY配信中
sm39458494	あの日葬られた君と /Ray feat.初音ミク	2021-10-14T00:00:00+09:00	88404170		https://nicovideo.cdn.nimg.jp/thumbnails/39458494/39458494.79048158	111007	1021	1428	730	192	VOCALOID	初音ミク	ボカコレ2021秋TOP100	ボカコレ2021秋ルーキー	VOCAROCK	vocaloidオリジナル曲	ミクオリジナル曲	あの日葬られた君と	Ray【歌ってみた】	VOCALOID殿堂入り	深海夢望(ミミミミ)
sm32281847	い～やい～やい～や　歌った 【あらき】	2017-11-17T19:00:00+09:00	15635857		https://nicovideo.cdn.nimg.jp/thumbnails/32281847/32281847	1413253	8560	398	4804	203	歌ってみた	い〜やい〜やい〜や	Neru	あらき(歌い手)	青森の最終兵器	顔出し	ボカロオリジナルを歌ってみた	コーラスに定評のあるあらき	ねぇねぇ今どんな気持ち?		
sm36625972	おはよう、僕の歌姫　/  feat. Fukase ( &amp; IA )	2020-04-05T15:07:00+09:00	52158359		https://nicovideo.cdn.nimg.jp/thumbnails/36625972/36625972.29631797	399702	2215	1237	1703	277	VOCALOID	VOCALOIDFukase	IA_-ARIA_ON_THE_PLANETES-	おはよう、僕の歌姫	傘村トータ	ボカロバラード	明けない夜のリリィ	あなたの夜が明けるまで	神調教	VOCALOID殿堂入り	Fukaseオリジナル曲
sm26922761	お茶ガール／コウ feat.初音ミク	2015-08-13T19:00:00+09:00	22711505		https://nicovideo.cdn.nimg.jp/thumbnails/26922761/26922761	180202	3480	129	931	184	VOCALOID	コウ(ボカロP)	街屋	お茶ガール	初音ミク	VOCALOID和風曲	ミクオリジナル曲	かわいいミクうた	初音ミク名曲リンク	VOCALOID殿堂入り	
sm43314241	ごめんねアラビアータ	2024-02-23T00:00:00+09:00	54191697		https://nicovideo.cdn.nimg.jp/thumbnails/43314241/43314241.87791410	151019	1305	3449	861	176	ボカコレ2024冬TOP100ランキング参加曲	歌うボイスロイド	茜・葵オリジナル曲	VOICEROID	音楽	VOICEROIDオリジナル曲	琴葉姉妹	ボカロP自作アニメーションMVリンク	VOICEROID殿堂入り	琴葉茜・葵	VOCALOID
sm21036288	【初音ミク】 さよならワンダーノイズ 【オリジナル曲】	2013-06-04T19:00:20+09:00	26225387		https://nicovideo.cdn.nimg.jp/thumbnails/21036288/21036288	1903439	20534	1566	11493	181	VOCALOID	ミクオリジナル曲	ナブナ	あわしま	友達募集P	さよならワンダーノイズ	初音ミク	VOCALOID伝説入り	初音ミク名曲リンク	DAM&JOY配信中	VOCALOID_Professional_2013_feat.初音ミク
sm36865070	一角獣 / flower	2020-05-15T20:24:03+09:00	5272155		https://nicovideo.cdn.nimg.jp/thumbnails/36865070/36865070.83844606	258159	1855	571	1013	217	VOCALOID	v_flower	てにをは	ねここ	一角獣(てにをは)	v_flowerオリジナル曲	驚異的な中毒性	VOCALOID殿堂入り	クールな花うた		
sm38630371	凹面黙示録 / 柊マグネタイト feat.初音ミク・鏡音リン	2021-04-24T19:00:00+09:00	99293918		https://nicovideo.cdn.nimg.jp/thumbnails/38630371/38630371.48960333	285714	2085	2889	1837	204	VOCALOID	柊マグネタイト	初音ミク	鏡音リン	ボカコレ2021春top30	ボカコレ2021春	ミク×リンリンク	凹面黙示録	VOCALOEDM	VOCALOID殿堂入り	歌踊コレok
sm32647403	君の脈で踊りたかった ft.初音ミク	2018-01-27T20:00:00+09:00	2786131		https://nicovideo.cdn.nimg.jp/thumbnails/32647403/32647403	658084	3883	1612	10341	240	VOCALOID	初音ミク	ミクオリジナル曲	ピコン	君の脈で踊りたかった	VOCALOID実写PV	ボカロバラード	ききいるミクうた	VOCALOID冬曲	VOCALOID殿堂入り	
sm26675046	【初音ミク】「唯々なりレイデエ」【オリジナル】	2015-07-10T19:00:00+09:00	865371		https://nicovideo.cdn.nimg.jp/thumbnails/26675046/26675046	457349	6013	434	1534	211	VOCALOID	電ポルP	koyori	唯々なりレイデエ	SHIN-ICHI_SATAKE	VOCAROCK	初音ミク	ミクオリジナル曲	VOCALOID殿堂入り	『FOLK』収録曲	初音ミク名曲リンク
sm35744556	【鬼滅の刃】唯一、愛ノ詠【踊ってみた】	2019-09-28T23:37:02+09:00	6408169		https://nicovideo.cdn.nimg.jp/thumbnails/35744556/35744556.4183412	500989	10973	861	9817	311	コスプレで踊ってみた	鬼滅の刃	唯一、愛ノ詠	GRLproject	踊ってみた						
sm5598180	初音ミク・鏡音リンオリジナル曲　「園庭想空の女少」	2008-12-20T01:30:14+09:00	1091989		https://nicovideo.cdn.nimg.jp/thumbnails/5598180/5598180	671568	14458	177	10111	262	音楽	cosMo(暴走P)	初音ミク	鏡音リン	JOYSOUND8/29配信	園庭想空の女少	空想庭園シリーズ	ミク×リンリンク	VOCALOID	VOCALOID殿堂入り	Anti_the_fantasic_garden
sm5156246	初音ミクオリジナル曲　「少女の空想庭園」	2008-11-05T18:19:03+09:00	1091989		https://nicovideo.cdn.nimg.jp/thumbnails/5156246/5156246	542750	12004	221	10728	257	cosMo(暴走P)	初音ミク	少女の空想庭園	VOCALOID殿堂入り	空想庭園シリーズ	ミクオリジナル曲	DAM&JOY配信中	VOCALOID	ナナシ	初音ミク名曲リンク	ラノベ化
sm7164046	【初音ミク(40㍍)】 巨大少女 【オリジナル】	2009-05-26T21:51:19+09:00	3343223		https://nicovideo.cdn.nimg.jp/thumbnails/7164046/7164046	514191	12339	257	10041	268	40㍍P	初音ミク	ミクオリジナル曲	巨大少女	DAM&JOY配信中	Project_DIVA_Arcade収録曲	VOCALOID殿堂入り	VOCALOID	初音ミク名曲リンク	これは伸びる。縦に。	プチプチ動画
sm35450338	常世の気まぐれ / 初音ミク	2019-07-26T20:00:00+09:00	865371		https://nicovideo.cdn.nimg.jp/thumbnails/35450338/35450338.7159298	328809	2955	632	1183	213	VOCALOID	初音ミク	電ポルP	koyori	ミクオリジナル曲	VOCALOID夏曲	VOCALOID殿堂入り	7月26日は幽霊の日	初音ミク名曲リンク	ポップ・レクイエム	VOCALOID霊界入り
sm9129998	【オリジナル曲PV】恋人のランジェ【初音ミク】	2009-12-19T02:05:54+09:00	380847		https://nicovideo.cdn.nimg.jp/thumbnails/9129998/9129998	1133341	20697	910	23031	382	vocaloid	初音ミク	恋人のランジェ	ハチ	米津玄師	ミクオリジナル曲	ボカロP自作アニメーションMVリンク	VOCALOID変拍子曲	VOCALOID伝説入り	初音ミク名曲リンク	DAM&JOY配信中
sm20574984	【GUMI】「恋空予報」【オリジナル】	2013-04-10T21:23:14+09:00	865371		https://nicovideo.cdn.nimg.jp/thumbnails/20574984/20574984	433867	11229	385	4899	223	VOCALOID	電ポルP	GUMI	恋空予報	GUMIオリジナル曲	VOCALOID殿堂入り	かわいいgumiうた				
sm18047788	【初音ミクと巡音ルカが人間のように歌う】愛Dee【ルカが英語でラップ】	2012-06-09T14:06:58+09:00	22580750		https://nicovideo.cdn.nimg.jp/thumbnails/18047788/18047788.54590755	1295323	30945	905	18328	287	VOCALOID	Mitchie_M	yama_ko	愛Dee	VOCALOID伝説入り	初音ミク	巡音ルカ	VOCALOID名曲リンク	ミク&ルカリンク	神調教	vocaloidオリジナル曲
sm23977962	【初音ミク・鏡音リン】愛×愛ホイッスル【オリジナル】	2014-07-11T18:29:20+09:00	1561183		https://nicovideo.cdn.nimg.jp/thumbnails/23977962/23977962	708382	10262	521	6386	196	VOCALOID	PolyphonicBranch	鏡音リン	愛×愛ホイッスル	カレーメシ公式曲	初音ミク	ミク×リンリンク	VOCALOIDオリジナル曲	VOCALOID殿堂入り	DAM&JOY配信中	vocarock
sm21491051	【初音ミク】「愛に奇術師」【オリジナル】	2013-08-01T21:02:22+09:00	865371		https://nicovideo.cdn.nimg.jp/thumbnails/21491051/21491051	934515	12826	1287	4334	236	VOCALOID	電ポルP	愛に奇術師	VOCALOID殿堂入り	ミクオリジナル曲	初音ミク	DAM&JOY配信中	初音ミク名曲リンク	VOCAROCK	koyori	VOCALOID伝説入り直前
sm13665074	【Minecraft】 方向音痴のマインクラフト Part1 【ゆっくり実況】	2011-02-21T14:15:29+09:00	5801671		https://nicovideo.cdn.nimg.jp/thumbnails/13665074/13665074	4872138	49140	1407	87649	587	ゲーム	Minecraft	ゆっくり実況プレイ	ゆっくり実況プレイPart1リンク	MinecraftシリーズPart1リンク	マインクラフト	ゆっくり実況part1リンク	迷子の人	ゆっくりMinecraft	伝説の始まり	方向音痴のマインクラフト
sm37744139	旧約汎化街 / 柊マグネタイト feat.初音ミク	2020-10-30T19:00:00+09:00	99293918		https://nicovideo.cdn.nimg.jp/thumbnails/37744139/37744139.29750177	537764	2895	3197	1953	352	VOCALOIDオリジナル曲	VOCALOID	ミクオリジナル曲	柊マグネタイト	旧約汎化街	初音ミク	歌踊コレok	VOCALOID殿堂入り	クールなミクうた	お前らの「あ」で見えない	デジタル念仏
sm30281701	【初音ミク】「月を探して」【オリジナル】	2016-12-23T20:00:00+09:00	865371		https://nicovideo.cdn.nimg.jp/thumbnails/30281701/30281701	520914	6593	580	1796	254	VOCALOID	初音ミク	電ポルP	koyori	月を探して	ミクオリジナル曲	『FOLK』収録曲	VOCALOID殿堂入り	DAM&JOY配信中	VOCALOID月曲	VOCAROCK
sm32327564	【APヘタリアMMD】東京ゾンビランド	2017-11-26T16:18:19+09:00	42369310		https://nicovideo.cdn.nimg.jp/thumbnails/32327564/32327564	187869	4157	1400	1590	269	APヘタリアMMD	AxisPowersヘタリア	MikuMikuDance	APヘタリア枢軸リンク	APヘタリア連合リンク	APヘタリア枢連リンク	APヘタリア殿堂入り	表情の魔術師			
sm39643813	桃源郷へ行こう	2021-11-19T19:42:02+09:00	121685054		https://nicovideo.cdn.nimg.jp/thumbnails/39643813/39643813.15743219	388855	2032	3982	890	207	足立レイ	VOCALOID	UTAU	utauオリジナル曲	ピクド	桃源郷へ行こう	utau無生物シリーズ	足立レイオリジナル曲	世界崩壊曲リンク	UTAU殿堂入り	VOCALOID桃源郷入り
sm1766090	初音ミク「桜のような恋でした」【オリジナル曲】	2007-12-13T19:41:17+09:00	2476652		https://nicovideo.cdn.nimg.jp/thumbnails/1766090/1766090	332897	9781	149	13967	281	音楽	初音ミク	samfree	VOCALOID桜曲	VOCALOID殿堂入り	桜のような恋でした	切ないミクうた	ミクオリジナル曲	初音ミク名曲リンク	VOCALOID春曲	VOCALOID
sm23121446	桜色タイムカプセル／スズム feat.GUMI	2014-03-18T18:12:53+09:00	8904219		https://nicovideo.cdn.nimg.jp/thumbnails/23121446/23121446	305078	7309	234	4785	276	VOCALOID	スズム	桜色タイムカプセル(スズム)	GUMI	GUMIオリジナル曲	VOCALOID卒業曲集	VOCALOID殿堂入り	VOCALOID桜曲			
sm42327904	歌声リフレイン / 雪乃イト feat. 夏色花梨	2023-06-09T00:00:00+09:00	119841573		https://nicovideo.cdn.nimg.jp/thumbnails/42327904/42327904.10653540	253528	986	1943	870	235	VOCALOID	音楽	キラハピ2023参加	キラハピ2023_VoiSona賞	夏色花梨オリジナル曲	2023ボカロック投稿祭	雪乃イト	夏色花梨	歌声リフレイン	SynthesizerV	SynthesizerV殿堂入り
sm15085899	【初音ミク】物をぱらぱら壊す【オリジナル曲PV】	2011-07-22T14:39:11+09:00	432349		https://nicovideo.cdn.nimg.jp/thumbnails/15085899/15085899	1152307	15570	1001	17190	240	VOCALOID	きくお	赤卵	mono-oto	物をぱらぱら壊す	ミクオリジナル曲	VOCALOID幻想狂気曲リンク	DAM&JOY配信中	初音ミク	VOCALOID伝説入り	炒飯
sm35170971	┗|∵|┓生意気ハニー-another story-／HoneyWorks feat.初音ミク	2019-05-26T18:00:00+09:00	1646151		https://nicovideo.cdn.nimg.jp/thumbnails/35170971/35170971.45600972	232280	2594	187	2759	235	VOCALOID	HoneyWorks	生意気ハニー	初音ミク	生意気ハニー-another_story-	ミクオリジナル曲	おればななP	VOCALOID殿堂入り	初音ミク名曲リンク	ヤマコ(絵師)	
sm43429672	盲目の怪物 / ひらぎ feat.初音ミク	2024-02-22T19:00:00+09:00	127591670		https://nicovideo.cdn.nimg.jp/thumbnails/43429672/43429672.53186459	191082	1924	3631	536	144	ボカコレ2024冬ルーキー参加曲	VOCALOID	初音ミク	ミクオリジナル曲	vocaloid新曲リンク	歌踊コレOK	VOCALOIDと歌ってみた	VOCALOID殿堂入り	盲目の怪物	ひらぎ	VOCAROCK
sm39374094	秋の未確認生物(long ver) / 音街ウナ	2021-09-23T20:00:00+09:00	87549428		https://nicovideo.cdn.nimg.jp/thumbnails/39374094/39374094.55958891	528557	2697	7026	4437	162	VOCALOID	vocaloidオリジナル曲	音街ウナ	一筆かもめ	鮭味	Λkiranu	VOCALOID殿堂入り	VOCALOIDネタ曲リンク	秋の未確認生物	子牛(ボカロp)	歌ってみろ
sm25571970	[GUMI] 秘密男女の関係 / TOKOTOKO（西沢さんP）	2015-02-14T19:00:00+09:00	11450042		https://nicovideo.cdn.nimg.jp/thumbnails/25571970/25571970	347864	6743	145	1989	240	VOCALOID	西沢さんP	べて（絵師）	友達募集P	秘密男女の関係	GUMI	GUMIオリジナル曲	7@	VOCAROCK	VOCALOID殿堂入り	DAM&JOY配信中
sm7904669	【鏡音リン】自己嫌悪【オリジナル曲】	2009-08-11T16:03:41+09:00	334794		https://nicovideo.cdn.nimg.jp/thumbnails/7904669/7904669	334143	13893	108	6042	220	自己嫌悪	鏡音リン	VOCALOID	銀サク	riria009	DAM&JOY配信中	リンオリジナル曲	鏡音リン名曲リンク	イケリン	VOCALOID殿堂入り	あちゃ（どあらP）
sm12260746	【MAD】 化物語 ～凛として咲く花の如く～	2010-09-28T21:04:37+09:00	10197909		https://nicovideo.cdn.nimg.jp/thumbnails/12260746/12260746	2160789	49300	531	20992	231	アニメ	MAD	化物語	凛として咲く花の如く							
sm18938918	【IA】「Ib」【オリジナルPV】	2012-09-21T20:00:46+09:00	22711505		https://nicovideo.cdn.nimg.jp/thumbnails/18938918/18938918	1594249	35969	927	58464	238	VOCALOID	Ib	Diarays	Vios	Not-116	コウ(ボカロP)	IA_-ARIA_ON_THE_PLANETES-	IAオリジナル曲	Ib非プレイ動画リンク	VOCALOID伝説入り	IA名曲リンク
sm27373072	【flower】ウッドペッカーは夜泣く【オリジナル】	2015-10-15T00:10:12+09:00	19820059		https://nicovideo.cdn.nimg.jp/thumbnails/27373072/27373072	349250	2219	199	812	209	VOCALOID	v_flower	有機酸	ウッドペッカーは夜泣く	v_flowerオリジナル曲	v_flower名曲リンク	VOCALOID殿堂入り	ミクトロニカ			
sm36933372	オーネヘルツ / 初音ミク - Omoi	2020-05-27T20:06:02+09:00	33110496		https://nicovideo.cdn.nimg.jp/thumbnails/36933372/36933372.93021016	149972	1599	406	624	207	VOCALOID	初音ミク	Omoi	音楽	ミクオリジナル曲	オーネヘルツ	VOCAROCK	驚異的な中毒性	クールなミクうた	VOCALOID殿堂入り	
so14436608	【sasakure.UK】ガラクタ姫とアポストロフ feat. 初音ミク【Music Video】	2011-05-13T17:00:00+09:00		171	https://nicovideo.cdn.nimg.jp/thumbnails/14436608/14436608	796758	26258	278	15391	318	VOCALOID	sasakure.UK	ガラクタ相談室	初音ミク	オリジナル曲	ガラクタ姫とアポストロフ	初音ミク名曲リンク	「ヒトとキジン」シリーズ	ミクオリジナル曲	DAM＆JOY配信中	VOCALOID殿堂入り
sm34860253	【オリジナル曲MV】ゲイムオーバー【flower】	2019-03-27T19:30:00+09:00	88589059		https://nicovideo.cdn.nimg.jp/thumbnails/34860253/34860253.2900	225765	2189	385	2071	213	VOCALOID	Relu	ゲイムオーバー	すずか爆弾	ぱもぎゅ	らふどん	v_flower	VOCALOID処女作	v_flowerオリジナル曲	VOCALOID殿堂入り	
sm13164008	【初音ミク】コトバトラボラト【オリジナル】	2010-12-29T20:11:44+09:00	989911		https://nicovideo.cdn.nimg.jp/thumbnails/13164008/13164008	390836	12995	190	5192	193	VOCALOID	コトバトラボラト	daniwellP	初音ミク	ミクオリジナル曲	12月の精	VOCALOID殿堂入り	驚異的な中毒性	初音ミク名曲リンク	DAM&JOY配信中	VOCALOID視覚芸術展
sm43339305	【リンレンミク】ゴー！ビッパ団【/ワンオポ】 / GO! Team BIPPA	2024-02-02T18:39:00+09:00	13893300		https://nicovideo.cdn.nimg.jp/thumbnails/43339305/43339305.80746463	109188	1650	2007	464	236	VOCALOID	初音ミク	鏡音リン	鏡音レン	ポケミク	Project_VOLTAGE	ワンダフル☆オポチュニティ！	ゴー！ビッパ団	年少組	ポケモン×VOCALOID	VOCALOID殿堂入り
sm19980019	【KAITO】オリジナル曲「しゃぼんのサラマンドラ」【兄さん10人前】	2013-02-02T18:47:56+09:00	259018		https://nicovideo.cdn.nimg.jp/thumbnails/19980019/19980019	235087	7253	492	6705	321	VOCALOID	KAITO	Vocalosensation収録曲	ぶっちぎりP	KAITOオリジナル曲	うむ	VOCALOID殿堂入り	KAITO名曲リンク	しゃぼんのサラマンドラ	神調教	爽やかなぼかうた
sm40881513	【MMDツイステ】シックス・フィート・アンダー【6章】	2022-08-06T20:15:03+09:00	1746410		https://nicovideo.cdn.nimg.jp/thumbnails/40881513/40881513.55730454	239452	4953	6191	971	218	MMDツイステ	MMD	ユニーク魔法「神」	涙腺がオーバーブロット	オバブロ組	冥府の番人	イデア・シュラウド	オルト・シュラウド	イグニハイド寮生の聖地	ツイステ殿堂入り	
sm30324029	スマートを模索する  feat.初音ミク	2016-12-29T16:00:00+09:00	461870		https://nicovideo.cdn.nimg.jp/thumbnails/30324029/30324029	297804	3303	295	1366	206	VOCALOID	sasakure.UK	初音ミク	スマートを模索する	ミクオリジナル曲	VOCALOID殿堂入り	活動9周年	初音ミク名曲リンク	JOYSOUND配信中	主コメ	評価されるべき
sm21442972	【GUMI】ダヴィンチの告白【オリジナルMV】	2013-07-26T18:00:00+09:00	33541085		https://nicovideo.cdn.nimg.jp/thumbnails/21442972/21442972	584186	12432	482	3658	183	VOCALOID	666	もやし(★｀･ω･)ゞ	へびつかい	Mr.Yamaguchi	ダヴィンチの告白	VOCALOID殿堂入り	VOCALOID処女作	GUMIオリジナル曲	GUMI	VOCAROCK
sm24482819	【結月ゆかり】ダチュラと林檎【オリジナル】	2014-09-16T19:00:00+09:00	35275687		https://nicovideo.cdn.nimg.jp/thumbnails/24482819/24482819	440526	6223	352	1960	246	VOCALOID	結月ゆかり	ねじ式(火曜日P)	ミズキヨ	ダチュラと林檎	DAM&JOY配信中	お洒落なゆかりうた	結月ゆかり名曲リンク	VOCALOID殿堂入り	VOCAJAZZ	ゆかりオリジナル曲
sm33770519	ディザーチューン ／ DIVELA feat.初音ミク	2018-08-31T00:00:00+09:00	30201787		https://nicovideo.cdn.nimg.jp/thumbnails/33770519/33770519	1403571	4313	1355	1539	223	VOCALOID	初音ミク	DIVELA	ミクオリジナル曲	VOCALOIDイメージソング	ディザーチューン	初音ミク誕生祭2018	ぬくぬくにぎりめし	工作被害	VOCAROCK	VOCALOID伝説入り
sm37447987	Original, v flower／ ディジーディジー	2020-09-01T00:00:00+09:00	8211134		https://nicovideo.cdn.nimg.jp/thumbnails/37447987/37447987.38063133	512186	3898	3991	1357	213	VOCALOID	vflower	蜂屋ななし	はるもつ(頃之介)	煮ル果実	v_flower	v_flowerオリジナル曲	ディジーディジー	VOCALOID殿堂入り	さらに評価されるべき	
sm7454296	【初音ミク】トウキョウト・ロック・シティ【オリジナル】	2009-06-26T17:46:03+09:00	131368		https://nicovideo.cdn.nimg.jp/thumbnails/7454296/7454296	817350	25516	715	9338	340	初音ミク	ミクオリジナル曲	VOCALOID	VOCALOID殿堂入り	トウキョウト・ロック・シティ	えこまる	初音ミク名曲リンク	JOYSOUND配信中	はいのことん	VOCAROCK	
sm29518960	ネアの幻遊 / 初音ミク	2016-08-26T19:00:00+09:00	22711505		https://nicovideo.cdn.nimg.jp/thumbnails/29518960/29518960	434606	3749	157	1621	233	VOCALOID	コウ(ボカロP)	リウイチ	ネアの幻遊	絶望接種	初音ミク	ミクオリジナル曲	VOCALOID殿堂入り			
sm14917720	「ハッピーエンドグレーテル」【初音ミクオリジナル】	2011-07-03T19:47:20+09:00	7550057		https://nicovideo.cdn.nimg.jp/thumbnails/14917720/14917720	506823	16815	219	6085	185	VOCALOID	KulfiQ	NOCO	干し芋	VOCALOID殿堂入り	初音ミク名曲リンク	ハッピーエンドグレーテル	VOCALOID空想童話曲リンク	ミクオリジナル曲	初音ミク	VOCAROCK
sm33127857	ハナイロ☆シャイガール／キノシタ feat.心華	2018-04-29T19:00:00+09:00	52186396		https://nicovideo.cdn.nimg.jp/thumbnails/33127857/33127857	198639	1820	269	1401	184	VOCALOID	キノシタ	心華	ハナイロ☆シャイガール	心華オリジナル曲	VOCALOID殿堂入り	かわいいぼかうた				
sm37744108	『バラードじゃ物足りないわ』／ 鏡音リン	2020-10-30T19:00:00+09:00	56431939		https://nicovideo.cdn.nimg.jp/thumbnails/37744108/37744108.80325066	308436	2118	1848	628	219	VOCALOID	鏡音リン	Noz.	バラードじゃ物足りないわ(Noz.)	リンオリジナル曲	ボカロファンク	鏡音リン名曲リンク	イケリン	VOCALOID殿堂入り	joysound配信中	
sm33605144	ハイヒール・プリンセス／うらたぬき	2018-07-30T21:00:00+09:00	31774679		https://nicovideo.cdn.nimg.jp/thumbnails/33605144/33605144	524779	7196	615	12815	205	歌ってみた	ハイヒール・プリンセス	うらたぬき	ナナホシ管弦楽団	ニコニコインディーズ	音楽					
sm33557234	ビートシンカー ／ DIVELA feat.初音ミク	2018-07-20T20:00:00+09:00	30201787		https://nicovideo.cdn.nimg.jp/thumbnails/33557234/33557234	388783	3281	955	897	223	VOCALOID	初音ミク	DIVELA	ビートシンカー	ミクオリジナル曲	VOCALOIDイメージソング	雷龍	VOCALOID殿堂入り	初音ミク名曲リンク	DAM&JOY配信中	マイリス巡回推奨
sm31883007	『ファイヴ』 / 初音ミク - Omoi	2017-09-07T19:00:00+09:00	33110496		https://nicovideo.cdn.nimg.jp/thumbnails/31883007/31883007	1069379	4421	567	1875	183	VOCALOID	初音ミク	Omoi	VOCAROCK	ファイヴ(Omoi)	ミクオリジナル曲	初音ミク名曲リンク	VOCALOID伝説入り	DAM&JOY配信中		
sm29886155	フォトンブルー / 初音ミク	2016-10-22T20:11:48+09:00	33802565		https://nicovideo.cdn.nimg.jp/thumbnails/29886155/29886155	381942	4496	580	1419	287	VOCALOID	ミクオリジナル曲	初音ミク	VOCAROCK	はるまきごはん	フォトンブルー	VOCALOID夏曲	VOCALOID殿堂入り	切ないミクうた		
sm5651671	寺田まもとタイツォンが初音ミクと××× 「ブレイクアウト！」	2008-12-25T04:22:20+09:00	3586840		https://nicovideo.cdn.nimg.jp/thumbnails/5651671/5651671	649371	18633	125	17096	425	タイツォン	くろば＠前方不注意	けったろ	VOCALOID	ブレイクアウト！	VOCALOID殿堂入り	VOCALOIDと歌ってみた	ニコラップ	ミクオリジナル曲	初音ミク	寺田まも
sm1951381	電脳コイル OP 「プリズム」 full ver.	2008-01-05T02:29:57+09:00	904709		https://nicovideo.cdn.nimg.jp/thumbnails/1951381/1951381	558446	8680	109	4852	244	電脳コイル	池田綾子	プリズム	電脳コイル_デンノウコイル							
sm14026630	【AVP3】ゆっくりアンvs.プレデター part1【ゆっくり実況プレイ】	2011-04-01T07:53:33+09:00	14570744		https://nicovideo.cdn.nimg.jp/thumbnails/14026630/14026630	364166	5879	57	6859	713	ゲーム	AVP3	ゆっくり実況プレイ	ゆっくり実況プレイpart1リンク	ぬるねず	プレデター	ゆっくりアン	BGMの大切さがわかる動画	違和感なし	出オチ	
sm18487123	【鏡音リン】ポジポジ【PV付オリジナル】	2012-07-30T22:23:23+09:00	812106		https://nicovideo.cdn.nimg.jp/thumbnails/18487123/18487123	485538	24635	127	42072	317	VOCALOID	鏡音リン	VOCALOID-PV	ザク切りポテトP	よし屋P	ポジP	ポジポジ	風評被害シリーズ	ポジ種ヤバ交尾	ドラゴン田中	例のアレ
sm34111863	ミスリード・ミスリード / 初音ミク - Omoi	2018-11-02T20:45:02+09:00	33110496		https://nicovideo.cdn.nimg.jp/thumbnails/34111863/34111863	1292132	4063	684	2023	206	VOCALOID	初音ミク	鏡音リン	Omoi	VOCAROCK	ミスリード・ミスリード	ミクオリジナル曲	VOCALOID伝説入り	星のうた		
sm38022736	リンちゃんリリリリリ	2020-12-27T00:01:02+09:00	9959091		https://nicovideo.cdn.nimg.jp/thumbnails/38022736/38022736.28814327	256578	1436	2286	2345	107	VOCALOID	鏡音リン	リンオリジナル曲	鏡音誕生祭2020	リンちゃんリリリリリ	かわいいリンうた	VOCALOID殿堂入り	ボカロP自作アニメーションMVリンク			
sm20244831	巡音ルカオリジナル曲 「Afterglow」	2013-03-04T20:01:22+09:00	7032706		https://nicovideo.cdn.nimg.jp/thumbnails/20244831/20244831	503539	15729	1389	6798	217	VOCALOID	Afterglow(ジミーサムP)	VOCALOID殿堂入り	ジミーサムP	ルカオリジナル曲	3rdアルバム「Reboot」収録曲	ぽぷりか	巡音ルカ名曲リンク	おはじき	DAM＆JOY配信中	The_500000th
sm7470254	【GUMI(とく)】　blue bird　【s.y.n.】	2009-06-28T04:17:04+09:00	161775		https://nicovideo.cdn.nimg.jp/thumbnails/7470254/7470254	610610	21003	98	10865	237	GUMI	音楽	とくP	ニコニ・コモンズ	blue_bird(とくP)	VOCALOID	GUMI名曲リンク	DAM&JOY配信中	GUMIオリジナル曲	VOCALOID殿堂入り	12STARS
sm24029695	drop pop candy ver れをるとギガ	2014-07-18T18:00:00+09:00	16253346		https://nicovideo.cdn.nimg.jp/thumbnails/24029695/24029695	2704634	29421	1031	11329	227	歌ってみた	drop_pop_candy	れをる	ギガP	歌ってみた伝説入り						
sm32825956	Original, 初音ミク／ Fading ghost	2018-03-03T19:44:09+09:00	8211134		https://nicovideo.cdn.nimg.jp/thumbnails/32825956/32825956	410774	3795	412	1050	231	VOCALOID	初音ミク	Fading_ghost	ミクオリジナル曲	蜂屋ななし	ドッシー	NAGASAKI	アミメキリン	古論	VOCALOID殿堂入り	VOCALOID外国語曲リンク
sm24342470	Blessing ✽ A Gift for You	2014-08-29T19:00:00+09:00	5284195		https://nicovideo.cdn.nimg.jp/thumbnails/24342470/24342470	3207758	40841	1275	29591	271	歌ってみた	Blessing	ニコニコラボ								
sm6233749	東方VocalSelection “Iris Joker” [原曲 死体旅行～Be of good cheer!]	2009-02-22T22:22:55+09:00	1441253		https://nicovideo.cdn.nimg.jp/thumbnails/6233749/6233749	525076	4782	18	2154	253	ブレイジングツアー	死体旅行	C-CLAYS	小峠舞	東方	東方ヴォーカル	JOYSOUND配信中	(‘д‘⊂彡☆))Д´)ﾊﾟｰﾝ	出落ち	奇跡の投稿時間	Iris_joker
sm6026956	巡音ルカのオリジナル曲　Japanese Ninja No.1 -Full ver.-	2009-02-02T21:47:40+09:00	1075175		https://nicovideo.cdn.nimg.jp/thumbnails/6026956/6026956	660065	14901	192	17118	206	デッドボールP	汚いなさすが忍者きたない	VOCALOID	巡音ルカ	ルカオリジナル曲	VOCALOID和風曲	VOCALOID殿堂入り	Japanese_Ninja_No.1			
sm35381554	My Name Is 初音ミク	2019-07-10T19:00:00+09:00	20970403		https://nicovideo.cdn.nimg.jp/thumbnails/35381554/35381554.55289652	188010	2188	2252	985	165	VOCALOID	初音ミク	ミクオリジナル曲	ミックホップ	VOCATRAP	yanagamiyuki	ニコニコオールスター	VOCALOID殿堂入り	インターネット老人会	先生何やってんすかシリーズ	
sm30587751	Original, 初音ミク／ OXYPETALUM	2017-02-07T20:00:00+09:00	8211134		https://nicovideo.cdn.nimg.jp/thumbnails/30587751/30587751	159881	2107	195	895	280	VOCALOID	初音ミク	ミクオリジナル曲	蜂屋ななし	OXYPETALUM	ドッシー	NAGASAKI	アミメキリン	小川悠斗	ちびぎた_古論	VOCALOID殿堂入り
sm11605938	巡音ルカ・鏡音レン「Perfect Crime」【オリジナル曲】	2010-08-02T17:19:52+09:00	2476652		https://nicovideo.cdn.nimg.jp/thumbnails/11605938/11605938	550277	17724	542	13192	227	VOCALOID	samfree	かる	Perfect_Crime	巡音ルカ	鏡音レン	VOCALOID名曲リンク	VOCALOID殿堂入り	VOCALOIDオリジナル曲	永遠に評価されるべき	最高
sm33514857	PLATONIC GIRL　歌った【あらき×ゐづ】	2018-07-13T19:00:00+09:00	15635857		https://nicovideo.cdn.nimg.jp/thumbnails/33514857/33514857	785628	5024	312	3533	241	歌ってみた	みきとP	PLATONIC_GIRL	あらき(歌い手)	ゐづ	ボカロオリジナルを歌ってみた	青森の最終兵器	エッジに定評のあるゐづ	歌ってみた殿堂入り		
sm1961633	初音ミク・鏡音リン「Promise」【オリジナル曲】	2008-01-06T06:08:49+09:00	2476652		https://nicovideo.cdn.nimg.jp/thumbnails/1961633/1961633	595392	16752	762	7801	261	音楽	初音ミク	鏡音リン	Promise(samfree)	samfree	VOCALOIDオリジナル曲	機動歌姫ヴォーカリオン	Project_DIVA_Arcade収録曲	ミク×リンリンク	VOCALOID	VOCALOID殿堂入り
sm5671863	【鏡音レン】Re_birthday【ぜんまい仕掛けの子守唄3】	2008-12-27T09:09:32+09:00	907343		https://nicovideo.cdn.nimg.jp/thumbnails/5671863/5671863	797717	17642	416	22981	294	VOCALOID	鏡音レン	レンオリジナル曲	悪ノP	Re_birthday	七つの大罪シリーズ関連曲	VOCALOID殿堂入り	鏡音レン名曲リンク	ぜんまい仕掛けの子守唄	DAM&JOY配信中	
sm35237884	Original, 初音ミク／ Secret Sleuth	2019-06-27T18:00:00+09:00	8211134		https://nicovideo.cdn.nimg.jp/thumbnails/35237884/35237884.93320153	311558	3963	367	971	205	VOCALOID	言ノ葉Project	言ノ葉Project_2ndシーズン	BLACK_ROSE	蜂屋ななし	Secret_Sleuth	初音ミク	ドッシー	NAGASAKI	VOCALOID殿堂入り	VOCAJAZZ
so19560247	sasakure.UK×DECO*27 - Snow Song Show feat. 初音ミク	2012-12-12T20:00:00+09:00		171	https://nicovideo.cdn.nimg.jp/thumbnails/19560247/19560247	654810	21614	830	14341	265	VOCALOID	初音ミク	sasakure.UK	DECO*27	akka	mirto	ソウノ	hie	Snow_Song_Show	VOCALOID殿堂入り	VOCALOIDクリスマス曲
sm10684009	鏡音リン / S・K・Y	2010-05-11T06:38:36+09:00	6025804		https://nicovideo.cdn.nimg.jp/thumbnails/10684009/10684009.15892305	276426	11318	263	3764	321	VOCALOID	ライブP	りょーの	リンオリジナル曲	S・K・Y	鏡音リン	VOCALOID殿堂入り	ききいるリンうた	S・K・Y(すき家)		
sm19856000	【初音ミク】THE WORLDS【オリジナルジェットコースターPV】	2013-01-18T15:16:37+09:00	13983983		https://nicovideo.cdn.nimg.jp/thumbnails/19856000/19856000	3126811	46336	1628	34031	292	VOCALOID	初音ミク	ミクオリジナル曲	M.S.SProject	Minecraft	THE_WORLDS	FB777	VOCALOID伝説入り	初音ミク名曲リンク	DAM&JOY配信中	実況界からの刺客
nm5991698	【巡音ルカ】 transient future 【オリジナル】	2009-01-30T19:47:33+09:00	2566558		https://nicovideo.cdn.nimg.jp/thumbnails/5991698/5991698	547081	16666	116	10871	258	otetsu	ルカオリジナル曲	巡音ルカ	VOCALOID	VOCALOID殿堂入り						
sm4596128	【鏡音リン】Transmit【オリジナル曲】	2008-09-12T06:18:12+09:00	4632758		https://nicovideo.cdn.nimg.jp/thumbnails/4596128/4596128	630931	18742	210	17680	274	鏡音リン	リンオリジナル曲	Dios/シグナルP	鏡音リン名曲リンク	Transmit	田村ヒロ	VOCALOID	神調教	VOCALOID殿堂入り	機動歌姫ヴォーカリオン	
sm21161849	【初音ミク】「World on Color」【オリジナル】	2013-06-20T21:01:44+09:00	865371		https://nicovideo.cdn.nimg.jp/thumbnails/21161849/21161849	522796	13413	360	6270	278	VOCALOID	電ポルP	World_on_Color	初音ミク	ミクオリジナル曲	VOCALOID殿堂入り	初音ミク名曲リンク	VOCAROCK	爽やかなミクうた	koyori	DAM&JOY配信中
sm5474655	【初音ミクの本気オリジナル曲】 いつか笑顔、いつも笑顔	2008-12-07T17:40:36+09:00	781719		https://nicovideo.cdn.nimg.jp/thumbnails/5474655/5474655	351982	13123	135	10176	287	ミクオリジナル曲	たまぁ～ずP	いつか笑顔、いつも笑顔	VOCALOID	ピアノミク	初音ミク名曲リンク	初音ミク	神調教	JOYSOUND配信中	VOCALOID殿堂入り	
sm7095753	【オリジナル曲】お姫様は電子音で眠る【初音ミク】	2009-05-20T03:41:02+09:00	380847		https://nicovideo.cdn.nimg.jp/thumbnails/7095753/7095753	1009795	9040	2861	13938	368	初音ミク	ミクオリジナル曲	VOCALOID	ハチ	米津玄師	7:24(絵師)	お姫様は電子音で眠る	VOCALOID伝説入り	DAM&JOY配信中		
sm30683008	このとくべつな音色が素晴らしい／音街ウナより	2017-02-21T19:00:00+09:00	52186396		https://nicovideo.cdn.nimg.jp/thumbnails/30683008/30683008	364953	3810	390	1875	191	VOCALOID	音街ウナ	キノシタ	このとくべつな音色が素晴らしい	ウナオリジナル曲	VOCALOID殿堂入り	鉄壁スカート	かわいいウナうた	元気が出るボカうた		
sm37239551	ごーまいうぇい！／音街ウナより	2020-07-24T19:10:02+09:00	52186396		https://nicovideo.cdn.nimg.jp/thumbnails/37239551/37239551.7502865	176571	1102	523	1050	210	VOCALOID	キノシタ	音街ウナ	ごーまいうぇい！	ウナオリジナル曲	かわいいウナうた	Leapingdestiny収録曲	元気が出るボカうた	伝説のウナマスター	VOCALOID殿堂入り	
sm5937205	【勝手にPV】しねばいいのに【っぽいもの】	2009-01-25T00:41:57+09:00	1598501		https://nicovideo.cdn.nimg.jp/thumbnails/5937205/5937205	1940029	41395	4847	263140	332	Vocaloid	しねばいいのに	逃げ切れなかったミリオン	VOCALOID-PV伝説入り	自殺防止ソング	VOCALOID-PV	どぶウサギ	俺ミク	大事なことなので39回言いました	KAITO	PVつけてみた
sm18991041	┗|∵|┓竹取オーバーナイトセンセーション／HoneyWorks feat.鏡音リン、レン	2012-09-28T01:21:26+09:00	59387		https://nicovideo.cdn.nimg.jp/thumbnails/18991041/18991041	1346230	27484	711	34410	252	VOCALOID	鏡音リン	鏡音レン	HoneyWorks	竹取オーバーナイトセンセーション	モゲラッタ	鏡音オリジナル曲	VOCALOID和風曲	VOCALOID伝説入り	鏡音リン・レン名曲リンク	DAM&JOY配信中
sm15454243	【2ch】咲いたっ…！咲いたっ…！まさにっ！圧倒的開花っ……！【vip】	2011-08-29T17:44:12+09:00	8173946		https://nicovideo.cdn.nimg.jp/thumbnails/15454243/15454243	241141	3688	33	5618	420	エンターテイメント	MJC	2ch	文字を読む動画	童謡黙示録カイジ	アカギ	福本伸行	吹いたら焼き土下座	タイトルホイホイ	vip	カイジ
sm43436583	◈*_まちのこひとり	2024-02-23T19:00:00+09:00	93563471		https://nicovideo.cdn.nimg.jp/thumbnails/43436583/43436583.60848234	56780	646	1508	285	125	VOCALOID	UTAU	UTAUオリジナル曲	ボカコレ2024冬TOP100ランキング参加曲	まやかし(UTAU)	暗鳴ニュイ	湯鬱声からす	ゆくえわっと	◈*	伝説のUTAUマスター	
sm34575721	【#コンパス】やどりぎ／Eve ソーン=ユーリエフ テーマ曲 【FANMADE MV】	2019-02-03T22:02:03+09:00	87703609		https://nicovideo.cdn.nimg.jp/thumbnails/34575721/34575721.6544	337406	2873	415	1860	98	VOCALOID	#コンパス	PVつけてみた	すたじお：ほねかるば→	リボルバー(歌い手)	骨かるた	手描きコンパス	やどりぎ(Eve)	ソーン=ユーリエフ	VOCALOID-PV殿堂入り	
sm10359628	【初音ミク(40㍍)】 三日月ライダー 【オリジナル】	2010-04-11T21:00:32+09:00	3343223		https://nicovideo.cdn.nimg.jp/thumbnails/10359628/10359628	471265	14240	222	7109	264	VOCALOID	VL-SCRAMBLE	40㍍P	三日月ライダー	初音ミク	VOCALOID殿堂入り	初音ミク名曲リンク	ミクオリジナル曲	DAM&JOY配信中	40㍍離れて見てね	
sm21360174	『KAITO v3』上弦の月『オリジナル曲PV』	2013-07-15T18:01:13+09:00	449061		https://nicovideo.cdn.nimg.jp/thumbnails/21360174/21360174	1529027	30368	2360	21707	240	VOCALOID	黒うさＰ	一斗まる	gram6design	KAITO_V3	上弦の月（黒うさＰ）	KAITO	KAITO名曲リンク	VOCALOID伝説入り	KAITOオリジナル曲	音楽劇千本桜
sm25503326	八日目、雨が止む前に。／スズム feat.初音ミク	2015-02-05T19:04:34+09:00	8904219		https://nicovideo.cdn.nimg.jp/thumbnails/25503326/25503326	371451	6967	312	3764	326	VOCALOID	八日目、雨が止む前に。（スズム）	スズム	初音ミク	ミクオリジナル曲	VOCALOID殿堂入り	切ないミクうた	世界寿命の最後			
sm38793955	『化孵化』 feat.可不 (KAFU) / sasakure.‌UK	2021-05-26T18:08:03+09:00	461870		https://nicovideo.cdn.nimg.jp/thumbnails/38793955/38793955.48812137	424681	2162	2430	929	211	sasakure.UK	革蝉	mami	可不	VOCALOID	CeVIO_AI	CeVIOオリジナル曲	可不オリジナル曲	CeVIO殿堂入り	VOCALOIDデモソング	化孵化
sm14993928	【初音ミク】天国へ行こう【オリジナル曲手書きPV】	2011-07-12T04:08:08+09:00	432349		https://nicovideo.cdn.nimg.jp/thumbnails/14993928/14993928	957039	11848	1951	12702	280	VOCALOID	きくお	si_ku	天国へ行こう	初音ミク	VOCALOID幻想狂気曲リンク	キキララ	ミクオリジナル曲	VOCALOID殿堂入り	VOCALOID伝説入り直前	肉じゃが
sm34873394	奇跡さえも / 初音ミク - Omoi	2019-03-29T20:29:02+09:00	33110496		https://nicovideo.cdn.nimg.jp/thumbnails/34873394/34873394.21091	603856	4691	625	2177	189	VOCALOID	初音ミク	鏡音リン	Omoi	VOCAROCK	奇跡さえも	再生時間に愛を感じる	VocaNicoNight	VOCALOID殿堂入り	東武トップツアーズ	ミクオリジナル曲
sm31977006	【初音ミク】好きなのに (Part.Ⅰ)【ミクオリジナル曲】	2017-09-23T19:30:00+09:00	45838074		https://nicovideo.cdn.nimg.jp/thumbnails/31977006/31977006	319261	3286	348	3585	250	VOCALOID	ミクオリジナル曲	切ないミクうた	VOCALOID殿堂入り	ボカロバラード	恋するミクうた	VOCALOIDオリジナル曲	初音ミクオリジナル曲	ボカロオリジナル曲	失恋ソング	ボカロピアノ
sm23721916	【GUMI】妄想疾患■ガール【オリジナル】	2014-06-07T19:00:00+09:00	2591026		https://nicovideo.cdn.nimg.jp/thumbnails/23721916/23721916	1839944	18187	5663	8705	177	VOCALOID	妄想疾患■ガール	GUMI	れるりり	もじゃ	三重の人	GUMIオリジナル曲	VOCALOID伝説入り	かごめP	かーと	「地獄型人間動物園」収録曲
sm5990158	【巡音ルカ】巡姫舞踊曲【オリジナル曲】	2009-01-30T18:00:12+09:00	1757176		https://nicovideo.cdn.nimg.jp/thumbnails/5990158/5990158	1103676	28061	439	24093	198	No.D	巡音ルカ	あちこあこ	VOCALOID	巡姫舞踊曲	VOCALOID伝説入り	ルカオリジナル曲	我々の業界ではご褒美です	訓練されたコメント	ルカ祭り	
sm41731517	心拍ペアリング / 雪乃イト feat. 初音ミク	2023-02-01T19:00:00+09:00	119841573		https://nicovideo.cdn.nimg.jp/thumbnails/41731517/41731517.77122362	272814	1419	2715	430	143	VOCALOID	音楽	初音ミクオリジナル曲	#プロセカNEXT	初音ミク	雪乃イト	ミクオリジナル曲	プロジェクトセカイ収録曲	恋するミクうた	心拍ペアリング	VOCALOID殿堂入り
so16134623	DECO*27 - 恋距離遠愛 feat. とぴ	2011-11-11T00:00:00+09:00		171	https://nicovideo.cdn.nimg.jp/thumbnails/16134623/16134623	677021	25203	40	22244	274	音楽	DECO*27	とぴ	akka	mirto	坂本ヒメミ	Ta-k	矛盾(絵師)	恋距離遠愛		
sm39673565	息を止めると呼吸が出来なくなってしまうよ/可不【ネタ曲投稿祭】	2021-11-27T00:01:00+09:00	66166108		https://nicovideo.cdn.nimg.jp/thumbnails/39673565/39673565.9654376	69555	1065	3068	1715	178	ネタ曲投稿祭2021秋	可不オリジナル曲	プロデューサーP	ネタ曲投稿祭受賞作品	P名由来リンク	歌詞の大切さを知る動画	可不迷曲リンク	可不	トートロジー	息を止めると呼吸が出来なくなってしまうよ	VOCALOID
sm35948178	才能なんか / 音街ウナ	2019-11-13T20:00:00+09:00	22591607		https://nicovideo.cdn.nimg.jp/thumbnails/35948178/35948178.86740851	358643	3879	731	2165	250	VOCALOID	午後ティー	音街ウナ	VOCALOIDオリジナル曲	ウナオリジナル曲	涼夜ちも	才能なんか	さらに評価されるべき	VOCALOIDリクエスト入り	VOCALOID殿堂入り	
sm16104322	【初音ミク】拘束プレイ【オリジナルPV】	2011-11-07T07:44:40+09:00	1251631		https://nicovideo.cdn.nimg.jp/thumbnails/16104322/16104322	312406	11182	207	11863	262	VOCALOID	初音ミク	ミクオリジナル曲	拘束プレイ	VOCALOID殿堂入り	DAM&JOY配信中	VOCAJAZZ				
sm35599512	拝啓、晴天に告ぐ／f|ower【狂/気/山/脈】	2019-08-27T19:30:13+09:00	89153603		https://nicovideo.cdn.nimg.jp/thumbnails/35599512/35599512.75356137	160808	3069	802	1547	416	個性豊かな狂_気山_脈	wrwrdfa曲	下山できない	目からアラル海	VOCALOID	拝啓、晴天に告ぐ	v_flower	v_flowerオリジナル曲	荒ぶる雪山	むつー卓	VOCALOID殿堂入り
sm9340347	【初音ミク】文学少年の憂鬱(Ver.2)【オリジナル】	2010-01-10T00:11:50+09:00	10108605		https://nicovideo.cdn.nimg.jp/thumbnails/9340347/9340347	556231	16380	371	35365	413	オサレP	文学少年の憂鬱	VOCALOID	VOCALOID殿堂入り	ナノウ	初音ミクオリジナル曲	オルタナティブミック	初音ミク名曲リンク	VOCAROCK	hiF#	mid2C
sm31242588	明朝、猫は静かに嗤ふ / 初音ミク	2017-05-19T22:01:15+09:00	65299419		https://nicovideo.cdn.nimg.jp/thumbnails/31242588/31242588	259206	2009	214	622	240	VOCALOID	初音ミク	ミクオリジナル曲	ろくろ	最後まで聴くべき	VOCALOID和風曲	明朝、猫は静かに嗤ふ	VOCALOID殿堂入り	VOCALOIDにゃんこ入り		
sm21550098	【 IA feat MMG 】 星空のライオン 【MMD-PV】	2013-08-09T20:00:00+09:00	3967970		https://nicovideo.cdn.nimg.jp/thumbnails/21550098/21550098	292538	12404	79	5184	272	VOCALOID	星空のライオン	emon(Tes.)	nanashi	IA_-ARIA_ON_THE_PLANETES-	IAオリジナル曲	MMD-PV	VOCALOID殿堂入り	2014年IA動画大賞	IA名曲リンク	わかちん
sm3046398	初音ミクのオリジナル曲　椿の花 -Full ver.-	2008-04-20T08:13:33+09:00	1075175		https://nicovideo.cdn.nimg.jp/thumbnails/3046398/3046398	688820	15528	246	16358	259	デッドボールP	VOCALOID	椿の花	初音ミク	ミクオリジナル曲	VOCALOID殿堂入り	vocaloid名曲リンク	きれいなデp	VOCALOID幻想狂気曲リンク	ききいるミクうた	
sm1549568	私は人間じゃないから。-full ver.-(inst)にカラオケ字幕付けたヽ(ﾟ∀ﾟ)ﾉ	2007-11-17T10:22:41+09:00	185840		https://nicovideo.cdn.nimg.jp/thumbnails/1549568/1549568	29891	817	6	350	269	音楽	私は人間じゃないから	ニコニコカラオケDB	初音ミク	ボカロカラオケDB	デッドボールP	デPカラオケ動画リンク	VOCALOID	デＰ巡回済	無修正	
sm36808816	しぇろ「花の惑星」初音ミク　	2020-05-06T18:00:00+09:00	50094511		https://nicovideo.cdn.nimg.jp/thumbnails/36808816/36808816.56409607	59933	1094	299	869	231	初音ミク	しぇろ	VOCALOID	花の惑星	ミクオリジナル曲	ありがとうございました	毛布	ある（絵師）	House*(動画師)	VOCALOIDイメージソング	マジカルミライ2020推薦曲
sm23229863	【GUMI】被害妄想携帯女子（笑）【オリジナル】	2014-04-01T18:00:00+09:00	4845576		https://nicovideo.cdn.nimg.jp/thumbnails/23229863/23229863	2196114	26118	1941	13488	232	VOCALOID	被害妄想携帯女子（笑）	ギガP	スズム	お菊	GUMI	GUMIオリジナル曲	VOCALOID伝説入り	GUMI名曲リンク	JOYSOUND配信中	
sm20937754	迷妄少年と小世界／164 feat.GUMI	2013-05-24T22:00:00+09:00	582229		https://nicovideo.cdn.nimg.jp/thumbnails/20937754/20937754	188697	6355	92	2752	240	VOCALOID	GUMI	164	虎硬	迷妄少年と小世界	GUMIオリジナル曲	VOCALOID殿堂入り	vocarock	DAM&JOY配信中		
sm30298623	遊星まっしらけ / 初音ミク	2016-12-25T19:00:00+09:00	865591		https://nicovideo.cdn.nimg.jp/thumbnails/30298623/30298623	281719	2069	296	1053	231	VOCALOID	初音ミク	ピノキオピー	Yuma_Saito	遊星まっしらけ	アイマイナちゃん	ミクオリジナル曲	VOCALOID-PV	VOCALOID殿堂入り	初音ミク名曲リンク	VOCALOID宇宙派
sm35799274	過去形にできますか / 初音ミク - Omoi	2019-10-11T19:14:02+09:00	33110496		https://nicovideo.cdn.nimg.jp/thumbnails/35799274/35799274.99816712	235717	2767	619	1530	206	VOCALOID	初音ミク	Omoi	山下RIRI	VOCAROCK	過去形にできますか	ミクオリジナル曲	切ないミクうた	VOCALOID殿堂入り	恋するミクうた	VOCALOID失恋曲
sm29344277	【初音ミク】鉛の冠【オリジナル】	2016-07-30T04:45:00+09:00	19820059		https://nicovideo.cdn.nimg.jp/thumbnails/29344277/29344277	380371	2913	299	957	273	VOCALOID	初音ミク	有機酸	ミクオリジナル曲	鉛の冠	東洋医学	ミクトロニカ	VOCALOID殿堂入り	ききいるミクうた	DAM&JOY配信中	
sm26809264	プライド革命 ／ CHiCO with HoneyWorks	2015-07-29T18:00:00+09:00	1646151		https://nicovideo.cdn.nimg.jp/thumbnails/26809264/26809264	7832942	95677	3003	101558	237	音楽	プライド革命	銀魂゜	CHiCO_with_HoneyWorks	HoneyWorks	ニコニコインディーズ					
sm25482576	革命性：オウサマ伝染病／スズムfeat.鏡音レン	2015-02-02T19:00:00+09:00	8904219		https://nicovideo.cdn.nimg.jp/thumbnails/25482576/25482576	511403	6221	251	3495	198	VOCALOID	革命性：オウサマ伝染病（スズム）	スズム	鏡音レン	さいね（絵師）	レンオリジナル曲	VOCALOID殿堂入り	鏡音レン名曲リンク			
sm37222007	黄金数 / いよわ feat. 初音ミク・flower	2020-07-21T21:00:00+09:00	78166728		https://nicovideo.cdn.nimg.jp/thumbnails/37222007/37222007.93114205	641163	3128	4074	1103	191	vocaloid	初音ミクオリジナル曲	v_flowerオリジナル曲	いよわ	初音ミク	v_flower	ミク＆flowerリンク	VOCALOID殿堂入り	黄金数(いよわ)		
sm42848749	halyosy - アイムマイン ft. VOCALOIDS	2023-10-05T18:00:00+09:00	1101042		https://nicovideo.cdn.nimg.jp/thumbnails/42848749/42848749.99914	491437	3317	5141	1038	232	VOCALOID	アイムマイン	halyosy	VOCALOIDオリジナル曲	プロジェクトセカイ収録曲	初音ミク	鏡音リン・レン	巡音ルカ	KAITO	MEIKO	VOCALOID殿堂入り
sm25573954	アシッド・チョコレイト／UTAUオリジナル【中毒MV】	2015-02-14T16:59:29+09:00	24263510		https://nicovideo.cdn.nimg.jp/thumbnails/25573954/25573954	158808	1530	273	1196	219	VOCALOID	UTAU	UTAUオリジナル曲	UTAU-PV	アシッド・チョコレイト	良美	トマト牛乳	波音リツ	健音テイ	UTAU殿堂入り	ボカロラップ
sm494809	歌劇「魔笛」より夜の女王のアリア2	2007-06-22T18:34:57+09:00	564832		https://nicovideo.cdn.nimg.jp/thumbnails/494809/494809	461672	8437	160	13115	347	音楽	魔笛	オペラ	アリアは2:10から	ディアナ・ダムラウ	夜の女王のアリア	復讐の炎は地獄のように我が心に燃え	スーパーヴォーカリスト集	歌ってみろ	圧倒的歌唱力	美ブラート
sm35818693	アルティメットセンパイ / 初音ミク	2019-10-16T19:05:00+09:00	865591		https://nicovideo.cdn.nimg.jp/thumbnails/35818693/35818693.61422570	2053644	12292	10540	7982	218	VOCALOID	初音ミク	ピノキオピー	アルティメットセンパイ	ミクオリジナル曲	ボカロP自作アニメーションMVリンク	アイマイナちゃん	VOCALOID伝説入り	初音ミク名曲リンク	DAM&JOY配信中	
sm32042182	[GUMI] インナーダーク / TOKOTOKO（西沢さんP）	2017-10-04T19:00:00+09:00	11450042		https://nicovideo.cdn.nimg.jp/thumbnails/32042182/32042182	302919	3339	193	999	203	VOCALOID	西沢さんP	べて（絵師）	GUMI	インナーダーク	GUMIオリジナル曲	VOCAROCK	7@	友達募集P	VOCALOID殿堂入り	DAM&JOY配信中
sm23380306	【初音ミク】「ウルトラプラネット」【オリジナル】	2014-04-21T20:02:50+09:00	865371		https://nicovideo.cdn.nimg.jp/thumbnails/23380306/23380306	268310	7877	200	2470	366	VOCALOID	電ポルP	ウルトラプラネット	初音ミク	ミクオリジナル曲	VOCALOID殿堂入り	VOCALOID宇宙派	目から電柱	ボカロバラード		
sm21483613	【GUMI】オマツリアンドゥワールド【オリジナル曲】	2013-07-31T22:00:00+09:00	4027531		https://nicovideo.cdn.nimg.jp/thumbnails/21483613/21483613	265075	5198	154	2907	275	VOCALOID	YM	陽悦	GUMI	オマツリアンドゥワールド	GUMIオリジナル曲	VOCALOID殿堂入り	Vocaloexist収録曲	V3GUMI	VOCALOID幻想狂気曲リンク	VOCALOIDテーマパーク入り
sm36967093	sasakure .UK - キマイラ feat.初音ミク MV	2020-06-02T18:49:03+09:00	461870		https://nicovideo.cdn.nimg.jp/thumbnails/36967093/36967093.73369615	229779	2180	468	469	229	VOCALOID	sasakure.UK	初音ミク	Annabel	ほろ	ミクオリジナル曲	神調教	ささくれP	VOCALOID殿堂入り	ミクトロニカ	キマイラ(ささくれP)
sm21028340	【初音ミク】キミとボク、まわるセカイ。【オリジナル曲PV】	2013-06-03T17:00:00+09:00	101303		https://nicovideo.cdn.nimg.jp/thumbnails/21028340/21028340	189781	7709	150	3363	356	VOCALOID	19's_Sound_Factory	たま(絵師)	まらしぃ	井草聖二	ティッシュ姫	VOCALOID殿堂入り	キミとボク、まわるセカイ。	初音ミク	ミクオリジナル曲	vocaloidイメージソング
sm35298130	サマーフィルム / 音街ウナ	2019-06-22T20:00:00+09:00	22591607		https://nicovideo.cdn.nimg.jp/thumbnails/35298130/35298130.31584495	82554	952	186	489	244	VOCALOID	午後ティー	音街ウナ	ぷんつくりー	VOCAROCK	ウナオリジナル曲	サマーフィルム(午後ティー)	VOCALOID夏曲			
sm1971028	【鏡音リン鏡音レン】リンリンシグナル【Full Ver.】オリジナル曲	2008-01-07T07:15:11+09:00	4632758		https://nicovideo.cdn.nimg.jp/thumbnails/1971028/1971028	911788	22974	447	32698	243	リンリンシグナル	Dios/シグナルP	鏡音オリジナル曲	鏡音リン・レン	VOCALOID	VOCALOID殿堂入り	鏡音リン・レン名曲リンク	リン廃集会所	vocaloidイメージソング	VOCALOID伝説入り直前	
sm25556398	【PDAFT PV】スノーマン【KAITO・ダイヤモンドダスト】	2015-02-12T13:00:40+09:00	4094305		https://nicovideo.cdn.nimg.jp/thumbnails/25556398/25556398	368740	3509	1126	1499	229	ゲーム	ProjectDivaArcade	ProjectDIVAArcadePV	ProjectDIVAArcade外部出力	スノーマン(halyosy)	KAITOモジュール：ダイヤモンドダスト	KAITO_V3	kaito名曲リンク	KAITO		
sm19180162	初音ミクDark 　『 テロメアの産声 』　オリジナル曲	2012-10-22T20:00:29+09:00	76265		https://nicovideo.cdn.nimg.jp/thumbnails/19180162/19180162	314758	11697	225	3096	277	VOCALOID	Heavenz	hie	テロメアの産声	VOCALOID殿堂入り	ミクオリジナル曲	初音ミク	VOCAROCK	ボカロバラード	DAM＆JOY配信中	
sm26901097	ナツノカゼ御来光／初音ミク	2015-08-10T20:00:00+09:00	10019421		https://nicovideo.cdn.nimg.jp/thumbnails/26901097/26901097	329246	7007	247	2242	177	VOCALOID	ナツノカゼ御来光	No.734	ぷす	じっぷす	初音ミク	ミクオリジナル曲	VOCALOID夏曲	VOCALOID殿堂入り	JOYSOUND配信中	ボカロバラード
sm34557208	ハッピーエンダー / 初音ミク	2019-01-31T19:00:00+09:00	86488427		https://nicovideo.cdn.nimg.jp/thumbnails/34557208/34557208.1825	303479	1964	543	639	212	VOCALOID	ボカロ	初音ミク	Ayase	ハッピーエンダー	ミクオリジナル曲	マイリス巡回推奨	お洒落なミクうた	VOCALOID殿堂入り		
sm26337048	[初音ミク・MV] ハートビート・フロムユー / TOKOTOKO（西沢さんP）	2015-05-25T19:00:00+09:00	11450042		https://nicovideo.cdn.nimg.jp/thumbnails/26337048/26337048	259492	4979	234	1480	237	VOCALOID	西沢さんP	たま（絵師）	友達募集P	ハートビート・フロムユー	初音ミク	かわいいミクうた	VOCALOID殿堂入り	VOCALOID宇宙派	DAM&JOY配信中	初音ミク名曲リンク
sm36346216	∴煮ル果実「ハイネとクライネ」with Flower	2020-02-10T19:10:00+09:00	32646403		https://nicovideo.cdn.nimg.jp/thumbnails/36346216/36346216.50686895	501054	3088	1395	1293	240	VOCALOID	VOCALOIDオリジナル曲	v_flower	v_flowerオリジナル曲	煮ル果実	明石	ハイネとクライネ	あ子	VOCALOID殿堂入り	お洒落な花うた	VOCAROCK
sm37681988	【初音ミク】ヒトリユラリ【Kanaria・MARETU】	2020-10-17T18:54:02+09:00	95303437		https://nicovideo.cdn.nimg.jp/thumbnails/37681988/37681988.84888808	863214	4364	4650	5662	189	VOCALOID	初音ミク	Kanaria	MARETU	のう	VOCALOIDオリジナル曲	ミクオリジナル曲	ヒトリユラリ(Kanaria)	VOCALOID殿堂入り	初音ミク名曲リンク	DAM&JOY配信中
sm34093049	Original, 初音ミク・GUMI／ プレシャスジャンク	2018-10-29T20:11:55+09:00	8211134		https://nicovideo.cdn.nimg.jp/thumbnails/34093049/34093049.33209	283500	3340	483	900	247	VOCALOID	初音ミク	GUMI	プレシャスジャンク	蜂屋ななし	NAGASAKI	アミメキリン	小川悠斗	古論	VOCALOID殿堂入り	レトロなボカうた
sm32778528	ペインイレイサー ／ 初音ミク with 鏡音リン、鏡音レン、巡音ルカ、KAITO、MEIKO	2018-02-23T18:00:00+09:00	1101042		https://nicovideo.cdn.nimg.jp/thumbnails/32778528/32778528	247351	3248	326	1505	238	VOCALOID	ペインイレイサー	halyosy	初音ミク	iXima	VOCALOIDオリジナル曲	初音ミク10周年記念盤収録曲	VOCALOID名曲リンク	VOCALOID殿堂入り	クリプトンオールスターズ	
sm21782397	【鏡音リン】 ミサイルキラー 【オリジナル】	2013-09-08T19:00:00+09:00	27261916		https://nicovideo.cdn.nimg.jp/thumbnails/21782397/21782397	1019943	8642	1494	4297	237	VOCALOID	鏡音リン	リンオリジナル曲	ただのCo	ＫＴＫＴ	ミサイルキラー	VOCAROCK	VOCALOID伝説入り			
sm26919977	ミルキーウェイがけせない-2015-／mint*(薄荷キャンディP) feat.IA	2015-08-13T16:00:00+09:00	6715970		https://nicovideo.cdn.nimg.jp/thumbnails/26919977/26919977	113197	3478	124	1057	290	VOCALOID	IA	香味味噌(絵師)	攻(おさむ)	IAオリジナル曲	JOYSOUND配信中	ミルキーウェイがけせない	VOCALOID七夕曲	mint*	星のうた	VOCALOID殿堂入り
sm39507874	ムーンライトダンサー / 初音ミク	2021-10-20T17:21:02+09:00	79470667		https://nicovideo.cdn.nimg.jp/thumbnails/39507874/39507874.1454878	189442	1348	2269	550	259	VOCALOID	ムーンライトダンサー	初音ミク	r-906	三部作『Lunar_Calendar』	ボカムンベース	ミクオリジナル曲	ききいるミクうた	神調教	VOCALOID殿堂入り	VOCALOID月曲
sm20565926	┗|∵|┓ヤキモチの答え-another story-／HoneyWorks feat.初音ミク	2013-04-09T19:06:22+09:00	1646151		https://nicovideo.cdn.nimg.jp/thumbnails/20565926/20565926	884269	22808	171	16769	218	VOCALOID	HoneyWorks	ヤキモチの答え-another_story-	ヤキモチの答え	初音ミク	ミクオリジナル曲	VOCALOID殿堂入り	初音ミク名曲リンク	DAM&JOY配信中	告白実行委員会	
sm6350390	【ミリオネア】ライフラインのかっこよすぎる使い方	2009-03-06T15:56:30+09:00	321217		https://nicovideo.cdn.nimg.jp/thumbnails/6350390/6350390	1626925	25642	340	41428	181	エンターテイメント	WhoWantsToBeMillionaire?	ジョン・カーペンター(クイズ番組出演者)	ミリオネア	もってけ泥棒！	勝ち確	探してたあの動画	伝説のシーン	クイズ$ミリオネア	逸般人	
sm45303607	ラストメッセージ / Allium AIR Plants feat.GUMI	2025-08-22T19:00:00+09:00	131288238		https://nicovideo.cdn.nimg.jp/thumbnails/45303607/45303607.49006388	4879	175	463	288	176	ボカコレ2025夏ルーキー参加曲	音楽	VOCALOID	歌踊コレok	GUMI	VOCAROCK	AlliumAIRPlants	VOCALOID名曲リンク	GUMIオリジナル曲		
sm43515315	ラブソングに祝杯を！ / 鏡音リン	2024-03-12T19:00:00+09:00	11450042		https://nicovideo.cdn.nimg.jp/thumbnails/43515315/43515315.57902567	47196	651	958	195	214	VOCALOID	鏡音リン	鏡音リンオリジナル曲	西沢さんP	ラブソングに祝杯を！	リンオリジナル曲	恋するリンうた	ミクといっしょにエクササイズ	VOCAROCK	爽やかなリンうた	
sm32151448	ラプラスワルツ／IA	2017-10-24T19:00:00+09:00	45395036		https://nicovideo.cdn.nimg.jp/thumbnails/32151448/32151448	115612	1182	119	364	262	VOCALOID	ラプラスワルツ	ミスミ	くっか	駿	rafma	未景シリーズ	IA_-ARIA_ON_THE_PLANETES-	VOCALOID殿堂入り	Misumi	ボカロワルツ
so42905623	ワーニングタイム / GUMI	2023-11-02T22:00:00+09:00		2648319	https://nicovideo.cdn.nimg.jp/thumbnails/42905623/42905623.76833129	242466	2031	4721	702	81	音楽	VOCALOID	無色透名祭Ⅱ	無色透名祭Ⅱ参加曲	GUMI	GUMIオリジナル曲	致命的な自我	VOCALOID殿堂入り	ワーニングタイム	お前じゃなかったらどうしようかと	無色透名祭殿堂入り
sm34007357	【波音リツ】-ERROR 2018ver.【UTAUカバー】	2018-10-12T19:09:02+09:00	14043659		https://nicovideo.cdn.nimg.jp/thumbnails/34007357/34007357	548261	8527	967	2131	239	VOCALOID	UTAU	波音リツ誕生祭2018	波音リツ	ERROR(niki)	cillia	VOCALOID→UTAUカバー曲	伝説のリツマスター	UTAU殿堂入り	魂実装済み	
sm26367373	【初音ミクDark】　before light　【オリジナル】	2015-05-29T20:47:59+09:00	10821010		https://nicovideo.cdn.nimg.jp/thumbnails/26367373/26367373	775526	5973	208	1896	363	VOCALOID	keeno	初音ミク	VOCALOID殿堂入り	before_light	ミクオリジナル曲	げみ	伝説のDarkマスター	DAM配信中		
sm31287927	【APヘタリアMMD】Black Out：モーショントレース	2017-05-27T13:30:00+09:00	53868266		https://nicovideo.cdn.nimg.jp/thumbnails/31287927/31287927	268118	5315	774	1257	195	その他	AxisPowersヘタリア	APヘタリアMMD	APヘタリア普憫リンク	APヘタリア親分リンク	MMDモーショントレース	Black_Out(梅とら)	MMDモーション配布あり	APヘタリア南伊太利亜リンク	APヘタリア日本リンク	多人数モーション
sm3335060	【鏡音リン】CHU！して！【オリジナル曲】	2008-05-17T01:58:44+09:00	4632758		https://nicovideo.cdn.nimg.jp/thumbnails/3335060/3335060	379994	6931	102	12856	242	鏡音リン	リンオリジナル曲	CHU！して！	Dios/シグナルP	VOCALOID	DAM&JOY配信中	リン廃集会所	かわいいリンうた	ディスプレイの味がする	萌えリンソング	VOCALOID殿堂入り
sm35724142	[MMD] Conqueror [JK]	2019-09-24T01:16:01+09:00	34600358		https://nicovideo.cdn.nimg.jp/thumbnails/35724142/35724142.44570512	361383	5931	934	1207	230	MMD	MikuMikuDance	Conqueror(IA)	Conqueror	ポニーテール	ポニーテイル	ダンス	うなじ	FSS		
sm9829636	【巡音ルカ】Corruption Garden【オリジナル】	2010-02-25T08:54:48+09:00	6172419		https://nicovideo.cdn.nimg.jp/thumbnails/9829636/9829636	295004	11127	136	2163	186	VOCALOID	Caz	Corruption_Garden	VOCALOID殿堂入り	巡音ルカ名曲リンク	DAM&JOY配信中	VOCALOUD_00_収録曲	VOCAROCK_collection2_収録曲	VOCAROCK	ルカオリジナル曲	巡音ルカ
sm25773823	【RAB】アニソンっぽい曲「DeAd or AliVe feat GUMI」【リアルアキバボーイズ】	2015-03-13T18:00:00+09:00	37881451		https://nicovideo.cdn.nimg.jp/thumbnails/25773823/25773823	94143	5941	33	343	240	VOCALOID	R.A.B	けいたん	涼宮あつき	ドラゴン	マロン	ムラトミ	三重の人	さいとうP_DeAdorAliVe_月森フユカ	GUMI	VOCALOID殿堂入り直前
sm32796501	インスタントヘヴン feat.Eve / ナナヲアカリ	2018-02-25T23:30:23+09:00	49263922		https://nicovideo.cdn.nimg.jp/thumbnails/32796501/32796501	1703471	9426	1281	5780	226	ニコニコインディーズ	ナナヲアカリ	Eve	ナユタン星人	寺田てら	野良いぬ	ニコニコインディーズ伝説入り	NNIオリジナル曲	音楽		
sm18702236	【初音ミク】fake doll【オリジナル曲+PV】	2012-08-24T20:21:28+09:00	15104449		https://nicovideo.cdn.nimg.jp/thumbnails/18702236/18702236	337055	10981	117	2550	194	VOCALOID	八王子P	わかむらP	fake_doll	初音ミク	VOCALOID殿堂入り	ミクオリジナル曲	ミクノポップ			
sm34457656	【MV】GHOST／まふまふ×nqrse	2019-01-11T18:00:00+09:00	18874531		https://nicovideo.cdn.nimg.jp/thumbnails/34457656/34457656.84898	1942461	18601	1105	12953	262	歌ってみた	GHOST	まふまふ	nqrse	Mes	寺田てら	MONO-Devoid	GHOST(まふまふ×nqrse)	NNIオリジナル曲	ニコニコインディーズ伝説入り	
sm35344830	【結月ゆかり＆IA】Ice breaker【オリジナル】	2019-07-02T20:00:00+09:00	35275687		https://nicovideo.cdn.nimg.jp/thumbnails/35344830/35344830.50380611	308884	2538	909	1618	244	VOCALOID	結月ゆかり	IA_-ARIA_ON_THE_PLANETES-	結月ゆかりオリジナル曲	IAオリジナル曲	ねじ式(火曜日P)	VOCALOID殿堂入り	VOCALOID百合曲	Ice_breaker		
sm4762229	Imitator / ウタP feat.鏡音レン	2008-09-28T02:13:27+09:00	202651		https://nicovideo.cdn.nimg.jp/thumbnails/4762229/4762229	320978	11258	156	5049	234	ウタP	鏡音レン	レンオリジナル曲	Imitator	VOCALOID民族調曲	VOCALOID殿堂入り	VOCALOIDイメージソング	鏡音レン名曲リンク	切ないレンうた	VOCALOID	伝説のLENマスター
sm11271109	【鏡音リンレン】MIDI MASTER!!【オリジナル/ワンオポ】	2010-07-04T02:18:31+09:00	13893300		https://nicovideo.cdn.nimg.jp/thumbnails/11271109/11271109	156070	6178	75	5343	292	VOCALOID	ワンダフル☆オポチュニティ！	鏡音リン	鏡音レン	noarchive	鏡音リン・レン名曲リンク	VOCALOIDイメージソング	鏡音オリジナル曲	MIDI_MASTER!!	VOCALOID殿堂入り	クラブで使えるボカロ曲リンク
sm5387156	【鏡音リン】proof of life【オリジナル】	2008-11-29T02:08:16+09:00	3397653		https://nicovideo.cdn.nimg.jp/thumbnails/5387156/5387156	480800	14939	293	15504	340	proof_of_life	ひとしずくP	リンオリジナル曲	鏡音リン	鏡音三大悲劇	DAM&JOY配信中	VOCALOID	鏡音リン名曲リンク	VOCALOID殿堂入り	VOCALOID雪曲	お前ら泣くな笑顔だ
sm7839756	【オリジナル曲PV】Qualia【初音ミク】	2009-08-04T22:00:37+09:00	380847		https://nicovideo.cdn.nimg.jp/thumbnails/7839756/7839756	606571	11571	656	12204	375	初音ミク	ハチ	VOCALOID	米津玄師	Qualia	ミクオリジナル曲	ボカロP自作アニメーションMVリンク	VOCALOID視覚芸術展	VOCALOID殿堂入り	初音ミク名曲リンク	DAM&JOY配信中
so42901002	Q。 / 重音テト	2023-11-02T22:00:00+09:00		2648319	https://nicovideo.cdn.nimg.jp/thumbnails/42901002/42901002.64551137	119482	1407	3033	349	136	音楽	VOCALOID	無色透名祭Ⅱ	無色透名祭Ⅱ参加曲	重音テト	テトオリジナル曲	SynthesizerV	致命的な自我	Q。	SynthesizerV殿堂入り	ボカムンベース
sm18655497	【第9回MMD杯本選】 初音ミク ❃ Rera 【ダンス PV】	2012-08-19T10:07:37+09:00	13556950		https://nicovideo.cdn.nimg.jp/thumbnails/18655497/18655497	560122	25201	107	9231	329	VOCALOID	第9回MMD杯本選	MMD杯9本-夢	ライクーP	MikuMikuDance	Rera（だいすけＰ）	MikuMikuDance殿堂入り	MMD傑作選	MMD杯受賞作品	MMD-PV	初音ミク
sm37224573	【MMDツイステ】SCREAM【モデル配布】※11/24更新	2020-07-21T20:09:03+09:00	232359		https://nicovideo.cdn.nimg.jp/thumbnails/37224573/37224573.68117226	597560	15314	6843	3454	269	MMD	MMDツイステ	MikuMikuDance	mmdモデル配布あり	ジェイド・リーチ	フロイド・リーチ	アズール・アーシェングロット	mmdユーザーモデル(ゲーム関連)	ツイステ殿堂入り	オクタヴィネル寮	ツイステでSCREAM
sm12061197	【実況】外国人が強すぎて怖くないホラーゲームSIREN:NT　part1	2010-09-10T20:56:36+09:00	2047738		https://nicovideo.cdn.nimg.jp/thumbnails/12061197/12061197	2784654	17141	606	89918	1034	ゲーム	SIREN:NT	ガッチマン	実況プレイ動画	実況プレイpart1リンク	ガンダム最高っす！	挨拶（物理）	こいつおまわりさんです	ハワードは二度殴る	ダイナミック駐車	どうあがいてもジェノサイド
sm14141797	【ミク・リン・ルカ・レン・レンAppend】「SPIRAL GAME」オリジナル曲	2011-04-12T20:23:46+09:00	2393707		https://nicovideo.cdn.nimg.jp/thumbnails/14141797/14141797	230479	9266	51	6341	210	VOCALOID	SCL_Project	SPIRAL_GAME	初音ミク	鏡音リン	巡音ルカ	VOCALOID殿堂入り	クリプトンCV組	dam&joy配信中	鏡音レン	vocaloidオリジナル曲
sm24181260	[GUMI] SUPER YELLOW / TOKOTOKO（西沢さんP）	2014-08-07T19:00:20+09:00	11450042		https://nicovideo.cdn.nimg.jp/thumbnails/24181260/24181260	248506	5388	186	1807	190	VOCALOID	西沢さんP	べて（絵師）	友達募集P	SUPER_YELLOW	GUMI	GUMIオリジナル曲	爽やかなGUMIうた	VOCALOID殿堂入り	神調教	VOCAROCK
sm19429607	【人力Vocaloid】「te-yut-te」765プロオールスター＋α	2012-11-24T22:10:11+09:00	11993968		https://nicovideo.cdn.nimg.jp/thumbnails/19429607/19429607	739350	30593	479	4103	82	アイドルマスター	Voc@loidM@ster祭り6	人力VOCALOID	2番P	te-yut-te	iM@Sオールスター	アイドルマスター（アニメ）	好きってゆって欲しいシリーズ	人力VOCALOID殿堂入り	神力VOCALOID	Voc@loidM@ster
so44063759	ULTRA C / Vivid BAD SQUAD × 初音ミク	2024-09-04T15:00:00+09:00		2646600	https://nicovideo.cdn.nimg.jp/thumbnails/44063759/44063759.41616309	522248	2526	2694	209	180	プロセカ公式	音楽	プロジェクトセカイ	Vivid_BAD_SQUAD	初音ミク	VOCALOIDと歌ってみた	ULTRA_C	teddyloid	ギガP	れをる	プロセカ殿堂入り
sm10037931	【鏡音リン】UNBALANCE【オリジナル曲】	2010-03-15T19:01:32+09:00	4632758		https://nicovideo.cdn.nimg.jp/thumbnails/10037931/10037931	391999	14817	173	7232	289	VOCALOID	鏡音リン	リンオリジナル曲	Dios/シグナルP	田村ヒロ	DAM&JOY配信中	UNBALANCE	NEGI	鏡音リン名曲リンク	VOCALOID殿堂入り	機動歌姫ヴォーカリオン
sm6100649	巡音ルカのオリジナル曲　Wash My Blood -Full ver.-	2009-02-10T02:41:19+09:00	1075175		https://nicovideo.cdn.nimg.jp/thumbnails/6100649/6100649	573485	8012	83	6358	272	デッドボールＰ	VOCALOID	Wash_My_Blood	巡音ルカ	VOCALOID殿堂入り	ルカオリジナル曲	VOCALOID外国語曲リンク	せいしをかけたたたかい	訳すな卑猥	メタルカ	DAM&JOY配信中
sm40663116	【鏡音リンレン】いいねってYEAH!【ワンオポ/「Two You☆★」テーマソング】/ Good is YEAH!	2022-06-24T19:00:00+09:00	13893300		https://nicovideo.cdn.nimg.jp/thumbnails/40663116/40663116.89590145	160012	1627	1812	2647	254	VOCALOID	鏡音リン・レン	じーざすp	ワンダフル☆オポチュニティ！	グライダー絵師	aco	いいねってYEAH!	Two_You☆★公式テーマソング	鏡音オリジナル曲	DAM&JOY配信中	VOCALOID殿堂入り
sm37154099	Original, 初音ミク／ こころばなし	2020-07-07T20:05:00+09:00	8211134		https://nicovideo.cdn.nimg.jp/thumbnails/37154099/37154099.11333954	157153	2165	451	758	274	VOCALOID	蜂屋ななし	初音ミク	アミメキリン	津島ソラ	ドッシー	こころばなし(蜂屋ななし)	ミクオリジナル曲	Nagasaki	VOCALOID殿堂入り	
sm23265517	【初音ミク】さよなら4月のドッペルさん【オリジナル曲】	2014-04-06T02:03:16+09:00	111429		https://nicovideo.cdn.nimg.jp/thumbnails/23265517/23265517	309473	5624	392	2360	237	VOCALOID	初音ミク	ねこぼーろ	さよなら4月のドッペルさん	VOCALOID殿堂入り	VOCALOID春曲	初音ミク名曲リンク	ミクオリジナル曲	神調教	みなもすち	
sm25705512	「さよーならみなさん」feat,GUMI【MV】	2015-03-04T19:00:00+09:00	5619789		https://nicovideo.cdn.nimg.jp/thumbnails/25705512/25705512	388559	4207	1180	4200	268	VOCALOID	椎名もた	GINGA	YumaSaito	さよーならみなさん(ぽわぽわp)	ぽわぽわP	GUMI	GUMIオリジナル曲	VOCALOIDと歌ってみた	VOCALOID殿堂入り	GUMI名曲リンク
sm35583236	むっちり圧でお耳を挟まれる…♥舌のざらざらプレスで耳奥まで気持ち良くされる甘々愛され音声【ASMR】	2019-08-24T08:55:03+09:00	74687134		https://nicovideo.cdn.nimg.jp/thumbnails/35583236/35583236.13879111	231710	1815	313	3701	334	エンターテイメント	バイノーラル録音	耳かきボイス	耳舐め	ASMR	立体音響	神楽琴美	癒し	精神安定剤		
sm26260354	初音ミク 『しるべのクジラ』MV/ルワン	2015-05-16T19:00:00+09:00	47824608		https://nicovideo.cdn.nimg.jp/thumbnails/26260354/26260354	64527	1423	76	905	259	VOCALOID	初音ミク	ミクオリジナル曲	しるべのクジラ	ルワン	くじら	爽やかなミクうた	VOCALOID処女作	期待の新人	初音ミクsoft	初音ミク名曲リンク
sm18184783	【初音ミク】そして君は月になった【オリジナル曲手書きPV】	2012-06-24T22:10:51+09:00	432349		https://nicovideo.cdn.nimg.jp/thumbnails/18184783/18184783	478277	7418	485	6223	278	VOCALOID	きくお	si_ku	そして君は月になった	初音ミク	ミクオリジナル曲	VOCALOID殿堂入り	DAM&JOY配信中	物語音楽	星のうた	ボカロワルツ
sm8455846	【初音ミク】　「それでも、恋」　【オリジナル】	2009-10-08T19:10:01+09:00	865371		https://nicovideo.cdn.nimg.jp/thumbnails/8455846/8455846	123179	3292	99	1795	267	電ポルP	ミクオリジナル曲	爽やかなミクうた	それでも、恋	VOCALOID	koyori	JOYSOUND配信中	VOCAROCK	ボカロバラード	初音ミク	VOCALOID殿堂入り
sm35789640	つらい! やばい! つらい! / 薄塩指数 feat. 重音テト	2019-10-09T18:00:00+09:00	28681600		https://nicovideo.cdn.nimg.jp/thumbnails/35789640/35789640.40888961	255133	2153	1118	1248	171	VOCALOID	薄塩指数	重音テト	テトオリジナル曲	UTAU	ぬくぬくにぎりめし	つらい!やばい!つらい!	雷地ゆう	VOCALOIDオリジナル曲	UTAUオリジナル曲	重音テトオリジナル曲
sm3604366	【初音ミク】なんだかとっても！いいかんじ（長編）【オリジナル】	2008-06-09T04:54:09+09:00	234179		https://nicovideo.cdn.nimg.jp/thumbnails/3604366/3604366	573081	15720	325	39782	219	初音ミク	卑屈P	何かいいこと言ってるようで何も言ってない	ミクオリジナル曲	VOCALOID殿堂入り	なんだかとっても！いいかんじ	VOCALOID名PVリンク	JOYSOUND配信中	VOCALOID教材入り	閄	vocaloid
sm22478928	【アルスマグナ】ぴんこすてぃっくLuv 【踊ってみた】	2013-12-18T18:50:08+09:00	27745337		https://nicovideo.cdn.nimg.jp/thumbnails/22478928/22478928	937447	11973	180	17961	213	踊ってみた	アルスマグナ	ぴんこすてぃっくLuv	れをる	ギガP						
sm41873506	りこりすめもりあ/Flower	2023-03-03T19:05:00+09:00	91010630		https://nicovideo.cdn.nimg.jp/thumbnails/41873506/41873506.14578961	170937	1086	1943	369	180	VOCALOID	vocaloidオリジナル曲	とりぴよ(ボカロp)	るねつき	v_flower	v_flowerオリジナル曲	りこりすめもりあ	鳴花ヒメ	鳴花ミコト	ラーメンタイマー	VOCALOID殿堂入り
sm32862825	わたしの未成年観測 - 和田たけあき(くらげP) 【Vo.鏡音リン】	2018-03-10T19:00:00+09:00	466979		https://nicovideo.cdn.nimg.jp/thumbnails/32862825/32862825	367088	3118	416	2576	278	VOCALOID	鏡音リン	わたしの未成年観測	チェリ子	リンオリジナル曲	VOCAROCK	VOCALOID殿堂入り	和田たけあき(くらげP)	「わたしの未成年観測」収録曲		
sm33191845	世余威ノ宵　うたった 【島爺／SymaG】	2018-05-14T20:00:00+09:00	23420636		https://nicovideo.cdn.nimg.jp/thumbnails/33191845/33191845	1508765	8241	335	1923	197	歌ってみた	世余威ノ宵	島爺	SymaG	ジジイノ爺	三途ノ川収録曲	ご隠居、タグロックそこであってます	すさま爺			
sm35752482	人間のくせになまいきだ／初音ミクより	2019-09-30T19:00:00+09:00	52186396		https://nicovideo.cdn.nimg.jp/thumbnails/35752482/35752482.59256486	221097	2344	548	2947	234	VOCALOID	初音ミク	ミクオリジナル曲	キノシタ	人間のくせになまいきだ	VOCALOIDイメージソング	かわいいミクうた	集団謝罪会見	ツンデレ	VOCALOID殿堂入り	ツンデロイド
sm25443008	人類五分前仮説／スズム feat.GUMI	2015-01-28T18:00:00+09:00	8904219		https://nicovideo.cdn.nimg.jp/thumbnails/25443008/25443008	313764	4859	209	2866	242	VOCALOID	人類五分前仮説(スズム)	スズム	GUMI	GUMIオリジナル曲	VOCALOID殿堂入り	VOCAROCK				
sm30920751	[GUMI] 僕らの街に愛が降る夜だ / TOKOTOKO（西沢さんP）	2017-03-29T19:00:00+09:00	11450042		https://nicovideo.cdn.nimg.jp/thumbnails/30920751/30920751	467400	4312	461	1305	232	VOCALOID	西沢さんP	べて（絵師）	僕らの街に愛が降る夜だ	GUMI	GUMIオリジナル曲	友達募集P	7@	JOYSOUND配信中	VOCALOID殿堂入り	
sm31065815	Original, IA／ 双光星	2017-04-21T20:00:00+09:00	8211134		https://nicovideo.cdn.nimg.jp/thumbnails/31065815/31065815	173937	2162	169	678	232	VOCALOID	IAオリジナル曲	蜂屋ななし	IA_-ARIA_ON_THE_PLANETES-	双光星	ドッシー	NAGASAKI	アミメキリン	小川悠斗_ごろく*_ちびぎた	VOCALOID殿堂入り	
sm15024920	【vip店長・赤飯】合鍵ガンマンと合鍵忍者 を歌いました。【vipエレキ飯】	2011-07-15T23:39:25+09:00	543776		https://nicovideo.cdn.nimg.jp/thumbnails/15024920/15024920	624737	17088	82	25643	253	歌ってみた	赤飯	vip店長	vipエレキ飯	合鍵ガンマンと合鍵忍者	だが男だ	ボカロオリジナルを歌ってみた	最後まで見るべき	歌ってみた殿堂入り	集団タップダンス	性別が迷子
sm32882263	[GUMI] 君の彼女 / TOKOTOKO（西沢さんP）	2018-03-14T19:00:00+09:00	11450042		https://nicovideo.cdn.nimg.jp/thumbnails/32882263/32882263	378185	3264	409	1129	246	VOCALOID	西沢さんP	君の彼女	GUMI	GUMIオリジナル曲	みっ君	べて(絵師)	友達募集P	VOCALOID殿堂入り	神調教	
sm30793844	【ニコカラ】境界性ラインアート【on vocal 修正版(再々投稿)】	2017-03-10T10:55:11+09:00	62795096		https://nicovideo.cdn.nimg.jp/thumbnails/30793844/30793844	813	14	0	2	246	VOCALOID	ニコカラ	ミリ子	境界性ラインアート	ニコニコカラオケDB	ボカロカラオケDB	ミリ子カラオケ動画リンク				
sm18897678	【IA】夕暮れ蝉日記【オリジナル曲】	2012-09-16T19:00:55+09:00	18874531		https://nicovideo.cdn.nimg.jp/thumbnails/18897678/18897678	1020937	18592	1331	21908	220	VOCALOID	夕暮れ蝉日記	まふまふ	△○□×	IA_-ARIA_ON_THE_PLANETES-	IAオリジナル曲	VOCALOID夕暮れ曲	「明鏡止水(まふまふ)」収録曲	VOCALOID伝説入り	DAM&JOY配信中	IA名曲リンク
sm29291647	夕染／flower	2016-07-21T20:31:20+09:00	14203891		https://nicovideo.cdn.nimg.jp/thumbnails/29291647/29291647	914060	6031	580	2071	203	VOCALOID	バルーン	アボガド６	夕染	v_flower	v_flowerオリジナル曲	DAM&JOY配信中	VOCALOID殿堂入り	VOCALOID夕暮れ曲	「Corridor」収録曲	VOCALOID伝説入り直前
sm35898954	夜が引いていく / 初音ミク	2019-11-02T19:59:02+09:00	79470667		https://nicovideo.cdn.nimg.jp/thumbnails/35898954/35898954.69507968	103798	999	587	367	296	VOCALOID	夜が引いていく	初音ミク	ミクオリジナル曲	r-906	VOCALOIDオリジナル曲	最後まで見るべき	神調教	朝のうた	ミニマルなぼかうた	VOCALOID殿堂入り
sm36584432	[初音ミク] 夜を飼う / TOKOTOKO（西沢さんP）	2020-03-28T20:00:00+09:00	11450042		https://nicovideo.cdn.nimg.jp/thumbnails/36584432/36584432.50670078	165111	2107	487	935	214	VOCALOID	初音ミク	西沢さんP	夜を飼う	べて	友達募集P	樋口幸佑	お洒落なミクうた	ミクオリジナル曲	VOCALOID殿堂入り	
sm24035085	【MMD】みんなの艦隊天国MMD	2014-07-19T02:41:30+09:00	22357524		https://nicovideo.cdn.nimg.jp/thumbnails/24035085/24035085	2643758	61366	710	17579	300	ゲーム	MikuMikuDance	艦隊これくしょん	MMD杯12本-鍋	第12回MMD杯本選遅刻組	みんなのリズム天国	リズム天国パロディ	MMD艦これ	MMD傑作選	MMDミリオン達成作品	解説動画→sm24356831
sm29391314	宇宙葬 / そらる×ちんたら	2016-08-06T18:00:00+09:00	1796335		https://nicovideo.cdn.nimg.jp/thumbnails/29391314/29391314	203828	2493	108	3143	198	歌ってみた	宇宙葬	ちんたら	すこっち	そらる	そらるインフォ	ビー玉の中の宇宙	ニコニコインディーズ			
sm38407292	【小春六花 AI】已己巳己【オリジナル】	2021-03-12T18:00:00+09:00	88511		https://nicovideo.cdn.nimg.jp/thumbnails/38407292/38407292.13521373	80302	1035	2697	694	181	アゴアニキP	小春六花	SynthesizerV	小春六花オリジナル曲	VOCALOID	VOCALOIDオリジナル曲	已己巳己	SynthesizerVオリジナル曲	止めたら止まる	VOCALOIDデモソング	
sm7444453	【HUNTER×HUNTER】幻影旅団の集会シーンを演じてみた【全部俺】	2009-06-25T18:34:33+09:00	8119992		https://nicovideo.cdn.nimg.jp/thumbnails/7444453/7444453	354015	5516	460	20315	583	HUNTER×HUNTER	幻影旅団	ニコニコ声優部	アフレコしてみた	ぴとーんの人	壊されるのが腹筋で良かった	ヒソカ	全部俺	天才の所業	腹筋崩壊	
sm19007860	【初音ミク】弾けないギターを片手に。【オリジナル曲】	2012-09-30T02:27:53+09:00	111429		https://nicovideo.cdn.nimg.jp/thumbnails/19007860/19007860	301813	9917	231	3158	299	VOCALOID	初音ミク	ねこぼーろ	弾けないギターを片手に。	ボカロバラード	VOCALOID殿堂入り	ミクオリジナル曲	DAM配信中	ききいるミクうた	VOCALOID実写PV	
sm17601883	愛ト茄子ト平和ナ果実にPVつけてみた	2012-04-21T01:16:22+09:00	9762272		https://nicovideo.cdn.nimg.jp/thumbnails/17601883/17601883	359053	13717	479	3827	255	VOCALOID	PVつけてみた	愛ト茄子ト平和ナ果実	初音ミク	saiB	VOCALOID視覚芸術展	VOCALOID-PV殿堂入り	野生のプロ	saiB巡回済み	VOCALOID-PV	VOCALOID名PVリンク
sm22877529	【初音ミク∴薪宮風季】 故にユーエンミ― 【オリジナル】	2014-02-13T20:00:00+09:00	27261916		https://nicovideo.cdn.nimg.jp/thumbnails/22877529/22877529	1376159	11980	3524	4226	180	VOCALOID	初音ミク	薪宮風季	ただのCo	KTKT	故にユーエンミ―	UTAU	VOCALOID&UTAUオリジナル曲	VOCALOID伝説入り	UTAU伝説入り	ラーメンタイマー
so26405782	┗|∵|┓暁月夜-アカツキヅクヨ-／HoneyWorks feat.鏡音リン	2015-06-03T20:28:00+09:00		2608425	https://nicovideo.cdn.nimg.jp/thumbnails/26405782/26405782	396732	10066	56	11993	282	VOCALOID	鏡音リン	HoneyWorks	暁月夜（HoneyWorks）	ろこる	ヤマコ	ziro	VOCALOID殿堂入り	リンオリジナル曲	鏡音リン名曲リンク	暁月夜-アカツキヅクヨ-
sm4470650	初音ミクオリジナル曲 「未来の歌」	2008-08-31T03:13:44+09:00	273443		https://nicovideo.cdn.nimg.jp/thumbnails/4470650/4470650	365210	11329	141	13110	202	音楽	初音ミク	ミクオリジナル曲	未来の歌	VOCALOID殿堂入り	初音ミク名曲リンク	malo	VOCALOID	元気が出るミクうた	爽やかなミクうた	
sm9047689	Synchronicity～第二章　光と影の楽園～	2009-12-09T23:15:15+09:00	3397653		https://nicovideo.cdn.nimg.jp/thumbnails/9047689/9047689	992638	29631	314	59375	325	VOCALOID	VOCALOID-PV	鈴ノ助	ひとしずくP	やま△	synchronicity~第二章_光と影の楽園~	Synchronicity～巡る世界のレクイエム～	鏡音オリジナル曲	鏡音リン・レン	VOCALOID殿堂入り	VOCALOID伝説入り直前
sm32540853	【Mitchie M×OSTER】歌の棲む家～メゾン初音～【初音ミク】	2018-01-06T18:00:00+09:00	308936		https://nicovideo.cdn.nimg.jp/thumbnails/32540853/32540853	156997	3136	244	1199	246	VOCALOID	初音ミク	Mitchie_M	OSTER_project	Ｙおじさん	ミクオリジナル曲	VOCALOIDイメージソング	初音ミク10周年記念盤収録曲	歌の棲む家～メゾン初音～	VOCALOID殿堂入り	荒ぶるニワトリ
sm19510697	【初音ミク】　異国人形館殺人事件　【女学生探偵シリーズ】	2012-12-05T18:35:35+09:00	5272155		https://nicovideo.cdn.nimg.jp/thumbnails/19510697/19510697	792512	14622	406	7930	289	VOCALOID	初音ミク	てにをは	七星	異国人形館殺人事件	DAM&JOY配信中	女学生探偵シリーズ	VOCALOID殿堂入り	なのり(絵師)	VOCAROCK	vocaloid迷宮入り
sm427208	クラッシャーは大変なキーボードを破壊していきました	2007-06-09T20:03:58+09:00	49162		https://nicovideo.cdn.nimg.jp/thumbnails/427208/427208	2802912	27845	2714	235787	121	盗んでいきましたシリーズ	キーボードクラッシャー	エンターテイメント	音MAD	魔理沙は大変なものを盗んでいきました	γ時代の猛者	ドイツ製ボーカロイド	(キーボードが)壊れちゃう	タピオカパン	胡麻☆	東方壊鍵盤
sm42282526	箱庭のコラル / 初音ミク	2023-05-29T22:30:00+09:00	865371		https://nicovideo.cdn.nimg.jp/thumbnails/42282526/42282526.20745804	227468	1729	2810	753	246	VOCALOID	koyori	電ポルP	箱庭のコラル	ミクオリジナル曲	プロジェクトセカイ収録曲	初音ミク	VOCALOID夕暮れ曲	VOCAROCK	ききいるミクうた	VOCALOID殿堂入り
sm34254713	Original, flower／ 縫口	2018-12-01T20:00:00+09:00	8211134		https://nicovideo.cdn.nimg.jp/thumbnails/34254713/34254713	653255	3979	595	965	222	v_flower	VOCALOID	蜂屋ななし	v_flowerオリジナル曲	sakiyama	ドッシー	Nagasaki	アミメキリン	縫口	VOCALOID殿堂入り	
sm23229863	【GUMI】被害妄想携帯女子（笑）【オリジナル】	2014-04-01T18:00:00+09:00	4845576		https://nicovideo.cdn.nimg.jp/thumbnails/23229863/23229863	2196114	26118	1941	13488	232	VOCALOID	被害妄想携帯女子（笑）	ギガP	スズム	お菊	GUMI	GUMIオリジナル曲	VOCALOID伝説入り	GUMI名曲リンク	JOYSOUND配信中	
sm44674547	覚悟せよ！エンタンメ～ン / マキシウキョウ feat.重音テトSV	2025-02-21T19:00:00+09:00	62291310		https://nicovideo.cdn.nimg.jp/thumbnails/44674547/44674547.38763706	77973	1169	3467	7522	194	ボカコレ2025冬ルーキー参加曲	重音テトsv	VOCALOID	覚悟せよ！エンタンメ～ン	マキシウキョウ	テトオリジナル曲	ボカロP自作アニメーションMVリンク	歌踊コレok	SynthesizerV	SynthesizerVオリジナル曲	弾幕
sm19688071	【替え歌】「ニート〜仕事をさがせ〜」原曲：ジョジョ〜その血の運命〜	2012-12-27T21:37:21+09:00	2095367		https://nicovideo.cdn.nimg.jp/thumbnails/19688071/19688071.1488104	957352	26629	265	18356	263	歌ってみた	替え歌	Lay（レイ）	ジョジョ〜その血の運命〜	ジョジョの奇妙な冒険（アニメ）	おれらのうた	神作詞	ニート～仕事をさがせ～	ニート	まさかのフル	アニソンを歌ってみた
sm32602803	【音街ウナ】配信壇場ストラグル【オリジナルPV】	2018-01-18T22:00:00+09:00	3285281		https://nicovideo.cdn.nimg.jp/thumbnails/32602803/32602803	128409	2686	25	1123	329	VOCALOID	音街ウナ	オリジナル曲	さなゑちゃん(生放送主)	配信壇場ストラグル	上田紗奈衣	ウナオリジナル曲	機動歌姫ヴォーカリオン	VOCALOID殿堂入り		
sm26645178	【MMD刀剣乱舞】鶴丸センセーション	2015-07-06T02:10:41+09:00	33455187		https://nicovideo.cdn.nimg.jp/thumbnails/26645178/26645178	184534	7291	94	1823	191	その他	MMD刀剣乱舞	MikuMikuDance	鶴丸国永（刀剣乱舞）	刀剣乱舞	鶴丸センセーション	刀剣乱舞殿堂入り	元気が出る動画	儚げ詐欺	さぽ式鶴丸国永	
sm25402016	アイのシナリオ／CHiCO with HoneyWorks	2015-01-23T18:00:00+09:00	1646151		https://nicovideo.cdn.nimg.jp/thumbnails/25402016/25402016	5942642	84598	2364	114272	274	音楽	CHiCO_with_HoneyWorks	HoneyWorks	まじっく快斗1412	アイのシナリオ	ニコニコインディーズ	アニソンfull				
sm27465443	MV - アフェクテッド・ガール / *Luna feat.GUMI	2015-10-28T19:00:00+09:00	25646141		https://nicovideo.cdn.nimg.jp/thumbnails/27465443/27465443	108709	1832	60	648	224	VOCALOID	GUMI	びび	はるお	のら	ねぎぬき	*Luna	アフェクテッド・ガール	お洒落なGUMIうた	GUMIオリジナル曲	VOCALOID殿堂入り
sm35909360	稲葉曇『アンチサイクロン』Vo. 歌愛ユキ	2019-11-04T20:00:00+09:00	42833430		https://nicovideo.cdn.nimg.jp/thumbnails/35909360/35909360.74456225	327608	2051	1121	623	192	歌愛ユキ	VOCALOID	稲葉曇	アンチサイクロン	ぬくぬくにぎりめし	ユキオリジナル曲	VOCALOID殿堂入り	JOYSOUND配信中	伝説のユキマスター	VOCAROCK	
sm18972745	【れんくん】lllトゥルティンアンテナlll【オリジナルMV】	2012-09-25T19:15:45+09:00	13513167		https://nicovideo.cdn.nimg.jp/thumbnails/18972745/18972745	1021910	16833	3381	53447	226	VOCALOID	レタスP	ギガP	おればななP	△○□×	鏡音レン	レンオリジナル曲	lllトゥルティンアンテナlll	ショタレン	VOCALOID伝説入り	かわいいレンうた
sm39038748	アンプランド・アポトーシス / 柊マグネタイト feat.鏡音リン・初音ミク	2021-07-16T21:00:00+09:00	99293918		https://nicovideo.cdn.nimg.jp/thumbnails/39038748/39038748.64638897	437281	1843	2512	2104	180	VOCALOID	柊マグネタイト	初音ミク	鏡音リン	音楽	ミク×リンリンク	アンプランド・アポトーシス	VOCALOID殿堂入り	C'Na	南雲ゆうき	歌踊コレok
sm16829416	IA「イアイア★ナイトオブデザイア」【オリジナル曲】	2012-01-30T06:20:08+09:00	2476652		https://nicovideo.cdn.nimg.jp/thumbnails/16829416/16829416	937288	21644	994	17829	256	VOCALOID	samfree	IA_-ARIA_ON_THE_PLANETES-	SAMナイトシリーズ	イアイア★ナイトオブデザイア	VOCALOID殿堂入り	VOCALOID-EUROBEAT	IAオリジナル曲	IA名曲リンク	VOCALOID伝説入り直前	ホタテ
sm33463366	【結月ゆかり】イカサマジュリエット【オリジナル】	2018-07-03T20:00:00+09:00	35275687		https://nicovideo.cdn.nimg.jp/thumbnails/33463366/33463366	241345	2238	190	1209	233	VOCALOID	結月ゆかり	ゆかりオリジナル曲	ねじ式（火曜日Ｐ）	イカサマジュリエット	檀上大空	アルミーダ	切ないゆかりうた	VOCAJAZZ	VOCALOID殿堂入り	
sm34881808	ウミガメのなみだはしおらしい	2019-03-31T00:00:14+09:00	88642697		https://nicovideo.cdn.nimg.jp/thumbnails/34881808/34881808.38766	743360	5784	3932	3309	195	.(sm21783669)	イワシがつちからはえてくるんだ	クロマグロがとんでくる	ヤツメ穴	ウミガメのなみだはしおらしい	重音テト	UTAU殿堂入り	界隈曲	表情をつけられた歌声	2号兄貴リスペクト	海鮮市場アレンジリンク
sm25221750	[MAYU] エメラルドシティ / TOKOTOKO（西沢さんP）	2014-12-28T20:00:00+09:00	11450042		https://nicovideo.cdn.nimg.jp/thumbnails/25221750/25221750	341526	6049	514	1821	256	VOCALOID	西沢さんP	べて（絵師）	友達募集P	エメラルドシティ	MAYU	MAYUオリジナル曲	DAM&JOY配信中	VOCALOID殿堂入り	MAYU(VOCALOID)	
sm38562062	エライエライエライ！／音街ウナ・鏡音リンより	2021-04-10T19:00:05+09:00	52186396		https://nicovideo.cdn.nimg.jp/thumbnails/38562062/38562062.32988362	302456	1721	2340	3858	188	VOCALOID	キノシタ	音街ウナ	鏡音リン	エライエライエライ！	VOCALOIDデュエット曲	リン&ウナリンク	作者はノーベルえらいで賞	VOCALOID殿堂入り	元気が出るボカうた	
sm17903429	【初音ミク】 エンパス144 【オリジナル】	2012-05-23T21:54:05+09:00	325945		https://nicovideo.cdn.nimg.jp/thumbnails/17903429/17903429	228834	8853	121	4600	191	VOCALOID	初音ミク	ゆうゆP	なぎみそ。ＳＹＳ	ミクオリジナル曲	DAM&JOY配信中	エンパス144	VOCAROCK	VOCALOID殿堂入り	歌踊コレok	
sm24463817	エンプレス＝ディスコ　うたった【SymaG】	2014-09-14T00:06:22+09:00	23420636		https://nicovideo.cdn.nimg.jp/thumbnails/24463817/24463817	1301959	8265	221	2857	220	歌ってみた	エンプレス＝ディスコ	SymaG	島爺	何かに目覚める動画	訓練されたコメント欄	養豚場	調教されたコメント欄			
sm37116002	【MMDツイステ】キャットアイメイク【二年生】	2020-06-30T18:48:03+09:00	18163264		https://nicovideo.cdn.nimg.jp/thumbnails/37116002/37116002.69027574	372109	8111	3349	3509	289	MMD	MMDツイステ	nrc2年生	ツイステッドワンダーランド	チームきのこリゾット	ツイステ殿堂入り	ツイステでキャットアイメイク	2年生推しの聖地	監督生マネキン化案件	ユニーク魔法「神」	
sm24056734	【MV】Royal Scandal -「クイーンオブハート」/ luz	2014-07-21T20:25:22+09:00	8357758		https://nicovideo.cdn.nimg.jp/thumbnails/24056734/24056734	3933501	30903	2436	13586	228	歌ってみた	奏音69	RAHWIA	Royal_Scandal	luz(ルス)	クイーンオブハート	NNIオリジナル曲	歌ってみた伝説入り	DAM&JOY配信中	永遠に評価されるべき	
sm12263971	GUMI / グリーンストレート	2010-09-29T02:37:51+09:00	6025804		https://nicovideo.cdn.nimg.jp/thumbnails/12263971/12263971.55016527	220503	8175	47	5930	257	VOCALOID	ライブP	ぶーた(絵師)	シエル＊	『Innovator-gaku』収録曲	GUMIオリジナル曲	グリーンストレート	VOCALOID殿堂入り	GUMI	DAM&JOY配信中	GUMI名曲リンク
sm32320093	ゴールテープルーパー／flower	2017-11-25T20:00:00+09:00	65299419		https://nicovideo.cdn.nimg.jp/thumbnails/32320093/32320093	484456	3646	377	1341	230	VOCALOID	v_flower	v_flowerオリジナル曲	ろくろ	ゴールテープルーパー	VOCAROCK	VOCALOID殿堂入り	v_flower名曲リンク	DAM&JOY配信中	歌ってみろ	
sm18016451	サカナ暮らし／歌、IAとmiki	2012-06-05T20:00:16+09:00	20568982		https://nicovideo.cdn.nimg.jp/thumbnails/18016451/18016451	210784	5957	143	4188	263	VOCALOID	石風呂	サカナ暮らし	IA_-ARIA_ON_THE_PLANETES-	かごめP	魚が泳ぐ動画	VOCALOID殿堂入り	開発コードmiki	IAオリジナル曲	mikiオリジナル曲	
sm1097445	【初音ミク】みくみくにしてあげる♪【してやんよ】	2007-09-20T01:22:02+09:00	70391		https://nicovideo.cdn.nimg.jp/thumbnails/1097445/1097445	17216169	230832	19684	3006428	99	音楽	初音ミク	みくみくにしてあげる♪	VOCALOID	ika	ミクオリジナル曲	VOCALOID神話入り	初音ミク名曲リンク	DAM&JOY配信中	VOCALOIDイメージソング	元気が出るミクうた
sm23045360	【GUMI】 セツナアライブ 【オリジナルMV】	2014-03-08T19:00:00+09:00	12718229		https://nicovideo.cdn.nimg.jp/thumbnails/23045360/23045360	187791	4891	45	4640	211	VOCALOID	GUMIオリジナル曲	セツナアライブ	あん	えみりお	ら行	VOCALOID殿堂入り	GUMI	元気が出るgumiうた	vocaloid学生化計画	元気なGUMI-PV
sm39022359	ダリアダリア / ねじ式 feat.可不	2021-07-13T19:00:00+09:00	35275687		https://nicovideo.cdn.nimg.jp/thumbnails/39022359/39022359.82230181	231112	951	907	391	133	VOCALOID	可不	可不オリジナル曲	cevioオリジナル曲	ねじ式(火曜日p)	檀上大空	ダリアダリア	CeVIO_AI	CeVIO殿堂入り	可不名曲リンク	
sm16483227	【GUMIさん】テトロドトキサイザ2号【オリジナル】	2011-12-21T20:21:47+09:00	4845576		https://nicovideo.cdn.nimg.jp/thumbnails/16483227/16483227	714153	13841	668	4200	251	VOCALOID	テトロドトキサイザ2号	GUMI	ギガP	碧茶	GUMIオリジナル曲	VOCALOID殿堂入り	DAM&JOY配信中			
sm11728373	【初音ミクオリジナル曲】ナキムシピッポ【ＰＶ】	2010-08-12T21:38:13+09:00	461870		https://nicovideo.cdn.nimg.jp/thumbnails/11728373/11728373	518501	12888	201	6208	288	VOCALOID	初音ミク	VOCALOID殿堂入り	ナキムシピッポ	sasakure.UK	宮沢賢治	ミクオリジナル曲	プロトタイプ_ナナクジャク	VOCALOID小説派生曲	Sta	Chiptune×VOCALOIDリンク
sm39809011	∴煮ル果実「バーバヤーガ」with 可不×flower,GABULI	2021-12-26T19:00:00+09:00	32646403		https://nicovideo.cdn.nimg.jp/thumbnails/39809011/39809011.36218951	999672	3343	5190	854	164	VOCALOID	CeVIO_AI	v_flower	可不	GABULI	煮ル果実	ZABI	野良いぬ	VOCALOID殿堂入り	バーバヤーガ(煮ル果実)	VOCALOID伝説入り直前
sm32783623	バラバラココロ / flower	2018-02-23T20:00:00+09:00	21990565		https://nicovideo.cdn.nimg.jp/thumbnails/32783623/32783623	923972	5918	1755	3957	224	VOCALOID	バラバラココロ	かいりきベア	v_flower	のう	v_flowerオリジナル曲	DAM&JOY配信中	VOCALOID殿堂入り	VOCALOID伝説入り直前		
sm40826742	パンこげこげになっちゃった - 足立レイ	2022-07-26T19:34:02+09:00	121685054		https://nicovideo.cdn.nimg.jp/thumbnails/40826742/40826742.8860298	274965	1989	6419	454	44	足立レイ	足立レイオリジナル曲	パンこげこげになっちゃった	VOCALOID	UTAU	パンこげP	レイオリジナル曲	UTAU殿堂入り	ピクド	さらに評価されるべき	27万回焦がされたパン
sm24536934	【初音ミク】ヒビカセ【オリジナル】	2014-09-24T00:00:00+09:00	4845576		https://nicovideo.cdn.nimg.jp/thumbnails/24536934/24536934	6119952	70706	10437	32601	256	VOCALOID	初音ミク	ヒビカセ	ギガP	れをる	お菊	ミクオリジナル曲	VOCALOIDイメージソング	VOCALOID伝説入り	初音ミク名曲リンク	DAM&JOY配信中
sm12973212	歌手音ピコ「ピコピコ☆レジェンドオブザナイト」【オリジナル曲】	2010-12-08T18:51:34+09:00	2476652		https://nicovideo.cdn.nimg.jp/thumbnails/12973212/12973212	458073	9008	374	14207	242	VOCALOID	ピコピコ☆レジェンドオブザナイト	samfree	SAMナイトシリーズ	VOCALOID殿堂入り	ピコオリジナル曲	歌手音ピコ	VOCALOIDイメージソング	VOCALOID-EUROBEAT	永遠に評価されるべき	スナック初音
sm10637389	初音ミクオリジナル曲「フラッシュバックサウンド」	2010-05-07T08:38:03+09:00	383390		https://nicovideo.cdn.nimg.jp/thumbnails/10637389/10637389	453511	16837	191	6216	238	VOCALOID	クワガタP	りょーの	フラッシュバックサウンド	VOCAROCK_collection_feat.初音ミク収録曲	ミクオリジナル曲	VOCAROCK	VOCALOID殿堂入り	初音ミク名曲リンク	DAM&JOY配信中	初音ミク
sm38824626	ノンブレス・オブリージュ / 初音ミク	2021-06-02T19:00:00+09:00	865591		https://nicovideo.cdn.nimg.jp/thumbnails/38824626/38824626.77353236	4036776	22174	33154	9454	208	VOCALOID	初音ミク	えいりな刃物	ピノキオピー	ノンブレス・オブリージュ	ミクオリジナル曲	VOCALOID伝説入り	初音ミク名曲リンク	DAM&JOY配信中	アイマイナちゃん	人が歌えるように作られていない神曲
sm34621103	Original, 初音ミク／ プラシーボ	2019-02-12T20:00:00+09:00	8211134		https://nicovideo.cdn.nimg.jp/thumbnails/34621103/34621103.89679	368764	3736	353	1293	186	VOCALOID	初音ミク	蜂屋ななし	ドッシー	NAGASAKI	アミメキリン	古論	VOCALOID殿堂入り	初音ミク名曲リンク	プラシーボ(蜂屋ななし)	ミクオリジナル曲
sm38628569	ヘブンズバグ / いよわ feat.初音ミク・歌愛ユキ	2021-04-24T21:00:00+09:00	78166728		https://nicovideo.cdn.nimg.jp/thumbnails/38628569/38628569.36893530	597033	2507	4618	1358	200	VOCALOID	初音ミクオリジナル曲	初音ミク	歌愛ユキ	いよわ	ボカコレ2021春top30	ボカコレ2021春	ヘブンズバグ	VOCALOID殿堂入り	ボカロP自作アニメーションMVリンク	伊藤ハム
sm3822694	ミーアンドマイガール 千秋楽	2008-07-01T06:01:24+09:00	7899276		https://nicovideo.cdn.nimg.jp/thumbnails/3822694/3822694	132988	2143	161	980	299	ミーアンドマイガール	天海祐希	麻乃佳世	月組	真琴つばさ	怪力女	姿月あさと	パーチェスター	ヅカリンク		
sm30978393	彗星ハネムーン / 初音ミク	2017-04-06T21:16:00+09:00	49716308		https://nicovideo.cdn.nimg.jp/thumbnails/30978393/30978393	5285939	37302	14932	32079	209	VOCALOID	初音ミク	ミクオリジナル曲	ナユタン星人	初音ミク名曲リンク	彗星ハネムーン	VOCALOID宇宙派	VOCALOID伝説入り	DAM&JOY配信中	『ナユタン星からの物体Z』収録曲	アンドロメダ子
sm21652882	【初音ミク】メアの教育【オリジナル】	2013-08-22T20:00:00+09:00	22711505		https://nicovideo.cdn.nimg.jp/thumbnails/21652882/21652882	1409628	18318	1149	6991	199	VOCALOID	Diarays	房野聖	忘却日記	メアの教育	初音ミク	DAM&JOY配信中	ミクオリジナル曲	VOCALOID伝説入り	初音ミク名曲リンク	
sm35426218	ライハーズノット / 末代雨季。feat.初音ミク	2019-07-20T18:10:00+09:00	82304403		https://nicovideo.cdn.nimg.jp/thumbnails/35426218/35426218.80608611	153019	2127	393	989	248	VOCALOID	初音ミク	ミクオリジナル曲	VOCALOIDオリジナル曲	ライハーズノット	最後まで聴くべき	末代雨季。	VOCALOID夏曲	VOCALOID殿堂入り	爽やかなミクうた	
sm27896507	【初音ミク】 ラストペインター 【オリジナル】	2015-12-29T19:00:00+09:00	35275687		https://nicovideo.cdn.nimg.jp/thumbnails/27896507/27896507	95165	2039	106	1420	205	VOCALOID	初音ミク	ミクオリジナル曲	ねじ式(火曜日P)	VOCAROCK	初音ミク名曲リンク	神調教	驚異的な中毒性	ラストペインター	vocaloid殿堂入り直前	
sm31394907	レディーレ／flower	2017-06-14T20:00:00+09:00	14203891		https://nicovideo.cdn.nimg.jp/thumbnails/31394907/31394907	1907702	15307	1688	8441	234	VOCALOID	バルーン	アボガド6	v_flower	v_flowerオリジナル曲	レディーレ	「Corridor」収録曲	ツァ行	VOCALOID伝説入り	v_flower名曲リンク	DAM&JOY配信中
sm19743048	【GUMI】ワンダホー・ニッポン！【オリジナル曲MV】	2013-01-03T19:07:30+09:00	3429587		https://nicovideo.cdn.nimg.jp/thumbnails/19743048/19743048	561808	6103	437	15834	249	VOCALOID	ワンダホー・ニッポン！	GUMIオリジナル曲	かごめP	takamatt	まこ猫	GUMI	VOCALOID殿堂入り	GUMI名曲リンク		
sm26730860	【複合ダンスMAD】「ふぇぇ…お兄ちゃんの前で踊るの恥ずかしいよぉ///」	2015-07-18T11:09:11+09:00	18989277		https://nicovideo.cdn.nimg.jp/thumbnails/26730860/26730860	3118554	61220	3661	43279	265	アニメ	複合MAD	LOVE&JOY	ダンス	走馬灯						
sm43427357	52 Blue / 初音ミク &amp; Po-uta	2024-02-22T19:00:00+09:00	126528032		https://nicovideo.cdn.nimg.jp/thumbnails/43427357/43427357.74243176	11751	338	757	308	179	ボカコレ2024冬ルーキー参加曲	VOCALOID	初音ミク	初音ミクオリジナル曲	po-uta	po-utaオリジナル曲	ボカロファンク	ミクオリジナル曲			
sm12114782	【巡音ルカ】_theBlue【オリジナルPV】	2010-09-15T13:36:23+09:00	11370686		https://nicovideo.cdn.nimg.jp/thumbnails/12114782/12114782	203791	8613	98	3814	230	VOCALOID	フカクボリョウ	さいね(絵師)	巡音ルカ	_theBlue	VOCALOID殿堂入り	巡音ルカ名曲リンク	ルカオリジナル曲	VOCAROCK	最後まで聞くべき	
sm8500126	【巡音ルカ】BEAUTIFUL DREAMER【オリジナル曲】	2009-10-13T04:26:37+09:00	1100938		https://nicovideo.cdn.nimg.jp/thumbnails/8500126/8500126	86672	3566	54	1279	343	音楽	ナタP	ルカオリジナル曲	BEAUTIFUL_DREAMER(ナタP)	kura	VOCALOID	神調教	JOYSOUND配信中	巡音ルカ名曲リンク	巡音ルカ	
sm21402937	〔オリジナル〕cLick cRack ver NORISHIO味	2013-07-21T19:00:00+09:00	16253346		https://nicovideo.cdn.nimg.jp/thumbnails/21402937/21402937	866296	12480	270	10670	276	歌ってみた	ギガP	おればななP	cLick_cRack							
sm39331676	Counter-Attacker / KAITO・神威がくぽ - すこやか大聖堂	2021-10-14T00:00:00+09:00	115941476		https://nicovideo.cdn.nimg.jp/thumbnails/39331676/39331676.8535042	61861	605	920	632	202	VOCALOID	ボカコレ2021秋ルーキー	ボカコレ2021秋TOP100	VOCALOIDオリジナル曲	KAITOオリジナル曲	がくぽオリジナル曲	KAITO	神威がくぽ	すこやか大聖堂	ユニット「ナイス」	VOCALOIDイメージソング
sm18382294	【ボカロ8人】Crazy ∞ nighT【オリジナル】	2012-07-18T19:17:43+09:00	3397653		https://nicovideo.cdn.nimg.jp/thumbnails/18382294/18382294	3473182	56146	2680	44748	207	VOCALOID	ひとしずくP	やま△	鈴ノ助	TSO(とさお)	VOCALOIDオールスター	Crazy_∞_nighT	VOCALOID伝説入り	DAM&JOY配信中		
sm35394639	dogdog/虻瀬	2019-07-13T17:57:02+09:00	85609604		https://nicovideo.cdn.nimg.jp/thumbnails/35394639/35394639.24018258	223726	962	846	395	350	VOCALOID	初音ミク	初音ミクオリジナル曲	ミクオリジナル曲	虻瀬	VOCALOIDオリジナル曲	驚異的な中毒性	dogdog(虻瀬)	VOCALOID殿堂入り	驚きの黒さ	
sm13541539	【初音ミク】EASYGOING RIDER【オリジナル曲】	2011-02-09T03:10:51+09:00	890390		https://nicovideo.cdn.nimg.jp/thumbnails/13541539/13541539	283339	11185	129	7643	258	VOCALOID	EASYGOING_RIDER	VOCALOID殿堂入り	ヤブイヌ	バイクに乗りたくなる動画	初音ミク	初音ミク名曲リンク	dam&joy配信中	セロー	ミクオリジナル曲	ボカ☆フレ！収録曲リンク
sm10114816	鏡音リン「Fate of Soul～ピリオドの向こうの闇～」【オリジナル曲】	2010-03-22T05:19:41+09:00	2476652		https://nicovideo.cdn.nimg.jp/thumbnails/10114816/10114816	155735	6794	80	3396	322	VOCALOID	Fate_of_Soul～ピリオドの向こうの闇～	リンオリジナル曲	田村ヒロ	鏡音リン	鏡音リン名曲リンク	涙腺崩壊	VOCALOID殿堂入り	さらに評価されるべき	機動歌姫ヴォーカリオン	samfree
sm19998645	【APヘタリアMMD】俺に FOLLOW ME なんだぞ！	2013-02-04T17:56:42+09:00	589719		https://nicovideo.cdn.nimg.jp/thumbnails/19998645/19998645	201764	5003	176	1292	160	アニメ	APヘタリアMMD	MikuMikuDance	AxisPowersヘタリア	APヘタリアHEROリンク	米領の聖地	MikuMikuDance殿堂入り	フォロミーP	処女作	APヘタリア殿堂入り	イケメリカ
sm20444649	【GUMI】Gears of Love【オリジナル】	2013-03-27T19:00:00+09:00	13513167		https://nicovideo.cdn.nimg.jp/thumbnails/20444649/20444649	331351	12441	203	5234	259	VOCALOID	Gears_of_Love	VOCALOID殿堂入り	GUMIオリジナル曲	レタスP	ギガP	ギガレタス	神調教	GUMI名曲リンク	DAM&JOY配信中	GUMI
sm30354912	Original, 初音ミク／ GLEAM NEON	2017-01-02T19:00:00+09:00	8211134		https://nicovideo.cdn.nimg.jp/thumbnails/30354912/30354912	223515	2633	273	2001	220	VOCALOID	初音ミク	ミクオリジナル曲	GLEAM_NEON	蜂屋ななし	NAGASAKI	アミメキリン	古論	初音ミク名曲リンク	VOCALOID殿堂入り	dam&joy配信中
sm38625911	GOGO摩天楼 / higma feat. 初音ミク	2021-04-24T00:00:00+09:00	88044169		https://nicovideo.cdn.nimg.jp/thumbnails/38625911/38625911.19882690	61951	827	1333	378	246	ボカコレ2021春TOP30	VOCALOID	初音ミク	vocaloid新曲リンク	higma	ミクオリジナル曲	GOGO摩天楼	ミクノポップ	ボカロP自作アニメーションMVリンク	もっと評価されるべき	夜のうた
sm31188099	Good School Girl／miki	2017-05-10T20:14:28+09:00	276638		https://nicovideo.cdn.nimg.jp/thumbnails/31188099/31188099	88563	1390	106	625	315	VOCALOID	開発コードmiki	mikiオリジナル曲	みきとP	VOCALOID実写PV	友達募集P	伝説のmikiマスター	Good_School_Girl	ききいるmikiうた	miki名曲リンク	
sm6016914	035 高画質、高音質で見る洋楽名曲選　Culture Club - Karma Chameleon	2009-02-01T21:53:18+09:00	7541979		https://nicovideo.cdn.nimg.jp/thumbnails/6016914/6016914	413617	6413	57	2070	235	洋楽名曲集	PV	洋楽	カルチャークラブ	音楽	80's	UK	カルチャー・クラブ	ボーイ・ジョージ	1983年	
sm32124388	【みうめ217しゃばすてATY】Makes You a Fighterを踊ってみた【オリジナル振付】	2017-10-20T15:00:00+09:00	26921499		https://nicovideo.cdn.nimg.jp/thumbnails/32124388/32124388	378296	4916	200	2526	213	踊ってみた	みうめ	仮面ライアー217	しゃばだばSTEP	ATY	梅とら	Makes_You_a_Fighter	オリジナル振り付け	踊ってみた殿堂入り	Johnny.	ATY5周年動画リンク
sm6840231	【初音ミク】 Mikunologie 【オリジナル曲】	2009-04-24T17:51:39+09:00	4055251		https://nicovideo.cdn.nimg.jp/thumbnails/6840231/6840231	189725	7885	82	2785	129	X-Plorez	Mikunologie	ミクオリジナル曲	VOCALOID殿堂入り	JOYSOUND配信中	初音ミク	初音ミク名曲リンク	クラブで使えるボカロ曲リンク	ともよしおっさん	VOCALOID	マイリス巡回推奨
so43259331	MOTTO!!! / MORE MORE JUMP! × 初音ミク	2024-01-11T15:06:24+09:00		2646600	https://nicovideo.cdn.nimg.jp/thumbnails/43259331/43259331.70044599	195906	1323	1227	94	239	プロセカ公式	音楽	プロジェクトセカイ	MORE_MORE_JUMP！	初音ミク	VOCALOIDと歌ってみた	MOTTO!!!	Junky	Lunar(絵師)	プロセカ殿堂入り	
sm8269164	【鏡音レン】パラジクロロベンゼン【ガルナ/オワタP】	2009-09-19T05:55:54+09:00	1320776		https://nicovideo.cdn.nimg.jp/thumbnails/8269164/8269164	5469605	115679	5640	157424	233	オワタP	三重の人	VOCALOID	鏡音レン	レンオリジナル曲	ベンゼンシリーズ	縣	パラジクロロベンゼン	鏡音レン名曲リンク	DAM&JOY配信中	VOCALOID伝説入り
sm14202573	【K-POP】f(x) - PINOCCHIO（Danger）【MV（和訳）】	2011-04-19T12:42:20+09:00	21323551		https://nicovideo.cdn.nimg.jp/thumbnails/14202573/14202573	86698	1069	0	1665	193	音楽	K-POP	f(x)	PINOCCHIO	f(x)のMV						
sm43425288	POLYBIUS / 可不	2024-02-23T00:00:00+09:00	79410618		https://nicovideo.cdn.nimg.jp/thumbnails/43425288/43425288.81897246	50718	788	1595	456	190	可不	ど～ぱみん	前線	歌踊コレok	ボカコレ2024冬TOP100ランキング参加曲	音楽	可不オリジナル曲	VOCALOID	POLYBIUS(ど～ぱみん)		
sm9818872	【第4回MMD杯遅刻】Prism Heart	2010-02-24T07:05:10+09:00	5931222		https://nicovideo.cdn.nimg.jp/thumbnails/9818872/9818872	164775	7254	34	3876	293	VOCALOID	MikuMikuDance	ミスるあP	Prism_Heart	第4回MMD杯本選	第四回MMD杯クロージング動画	MikuMikuDance殿堂入り	ごきげんミクさん	初音ミク	MMD-PV	魂実装済み
sm5992810	【巡音ルカ】オリジナル曲「Re:present」	2009-01-30T21:53:09+09:00	4201257		https://nicovideo.cdn.nimg.jp/thumbnails/5992810/5992810	175816	7453	55	6340	240	巡音ルカ	ルカオリジナル曲	VOCALOID	Re:present	CielP	VOCALOID殿堂入り	オレオレ動画	巡音美声曲	POP★sTARtheVOCALOID収録曲	ボカロバラード	ルカ祭り
sm7960016	【MEIKO・KAITO】Rinascita～始まりの謳～【オリジナル】	2009-08-17T12:26:05+09:00	386666		https://nicovideo.cdn.nimg.jp/thumbnails/7960016/7960016	305781	10148	267	5497	269	VOCALOID	MEIKO	KAITO	VOCALOID殿堂入り	仕事してP	Rinascita～始まりの謳～	年長組	MEIKOオリジナル曲	KAITOオリジナル曲	MEIKO&KAITOリンク	伝説の年長組マスター
sm29625269	Tears River／初音ミク	2016-09-11T20:00:00+09:00	276638		https://nicovideo.cdn.nimg.jp/thumbnails/29625269/29625269	171620	2446	242	1097	282	VOCALOID	初音ミク	TearsRiver	みきとP	ミクオリジナル曲	マジカルミライ	VOCALOID殿堂入り	VOCALOIDイメージソング	初音ミク名曲リンク	DAM&JOY配信中	マジカルミライ2016
sm2316313	Tell Me Baby ／ Red Hot Chili Peppers	2008-02-13T17:52:04+09:00	5264168		https://nicovideo.cdn.nimg.jp/thumbnails/2316313/2316313	94813	1855	6	1036	247	音楽	RHCP	ＰＶ	楽しそうでなによりです	Tell_Me_Baby	レッチリ	FleaがFree	洋楽	カオス		
sm7441402	【オリジナル曲PV】THE WORLD END UMBRELLA【初音ミク】	2009-06-25T03:08:36+09:00	380847		https://nicovideo.cdn.nimg.jp/thumbnails/7441402/7441402	752652	14295	950	8375	314	初音ミク	ハチ	VOCALOID	米津玄師	THE_WORLD_END_UMBRELLA	ミクオリジナル曲	ボカロP自作アニメーションMVリンク	VOCALOID視覚芸術展	VOCALOID殿堂入り	初音ミク名曲リンク	DAM&JOY配信中
sm20081073	【ボカロ8人】Twilight ∞ nighT 【オリジナル】	2013-02-14T00:00:18+09:00	3397653		https://nicovideo.cdn.nimg.jp/thumbnails/20081073/20081073	2776252	43380	1817	34374	227	VOCALOID	ひとしずくP	やま△	鈴ノ助	TSO(とさお)	VAVA(ヴァヴァ)	Twilight_∞_nighT	VOCALOIDオリジナル曲	VOCALOIDオールスター	VOCALOID伝説入り	DAM&JOY配信中
sm37383797	w/o U / 初音ミク	2020-08-19T20:00:02+09:00	79470667		https://nicovideo.cdn.nimg.jp/thumbnails/37383797/37383797.17412750	120363	1069	1150	525	280	VOCALOID	w/o_U	初音ミク	r-906	ミクオリジナル曲	神調教	三部作『Lunar_Calendar』	ききいるミクうた	VOCALOID月曲	VOCALOID殿堂入り	
sm15679694	【初音ミク】Waltz Of Anomalies【オリジナル曲】	2011-09-22T18:10:14+09:00	10108605		https://nicovideo.cdn.nimg.jp/thumbnails/15679694/15679694	426242	12878	421	6190	340	VOCALOID	Waltz_Of_Anomalies	吉田ドンドリアン	ミクオリジナル曲	VOCALOID殿堂入り	初音ミク	クールなミクうた	ナノウ	DAM&JOY配信中	オルタナティブミック	
sm41406920	Where shall we go? / めろくる feat.鏡音レン 鏡音リン [Lyric Video]	2022-11-26T20:00:00+09:00	122889833		https://nicovideo.cdn.nimg.jp/thumbnails/41406920/41406920.74350987	143228	945	1774	172	166	VOCALOID	めろくる	ボカロオリジナル曲	#プロセカNEXT	鏡音レン	鏡音リン	鏡音オリジナル曲	Where_shall_we_go?	VOCALOID殿堂入り	プロジェクトセカイ収録曲	ボカロ渋谷系
so42911317	□舟 / 初音ミク	2023-11-02T22:00:00+09:00		2648319	https://nicovideo.cdn.nimg.jp/thumbnails/42911317/42911317.1668427	24674	705	1351	194	149	音楽	VOCALOID	無色透名祭Ⅱ	無色透名祭Ⅱ参加曲	初音ミク	ミクオリジナル曲	ミクトロニカ	vocaloidよれよれ曲リンク	自己紹介	致命的な自我	□舟
sm15938820	【GUMI】あいからかいあ【PV付オリジナル曲】	2011-10-20T21:59:07+09:00	22180763		https://nicovideo.cdn.nimg.jp/thumbnails/15938820/15938820	502489	12628	329	5711	218	VOCALOID	GUMI	MARUDARUMA	８０８Ｐ	阿古本	あいからかいあ	VOCALOID殿堂入り	EXIT_TUNES_PRESENTS_GUMish	DAM&JOY配信中	VOCALOID-PV	GUMIオリジナル曲
sm11168648	お断りします　歌った	2010-06-24T15:00:21+09:00	6906844		https://nicovideo.cdn.nimg.jp/thumbnails/11168648/11168648	4200245	61542	1043	77694	252	歌ってみた	お断りします	ろん(歌い手)	歌ってみた伝説入り	さつきがてんこもり	ボカロオリジナルを歌ってみた	あたたたp	Lon	お断りします(さつきがてんこもり)		
sm22591026	ほむらちゃんごめんね私DJになる	2014-01-03T08:35:19+09:00	19532958		https://nicovideo.cdn.nimg.jp/thumbnails/22591026/22591026	2627529	28009	4164	13828	59	アニメ	音MAD	魔法少女まどか☆マギカ	DRAGONLADY	鹿目まどか	悠木碧	爆発オチなんてサイテー!	驚異的な中毒性	円環のお断り	bonosan	ミキサーやか
sm34668262	さよならテンダー / 初音ミク	2019-02-21T19:00:00+09:00	865371		https://nicovideo.cdn.nimg.jp/thumbnails/34668262/34668262.57564	409580	3020	918	930	262	VOCALOID	初音ミク	電ポルP	koyori	さよならテンダー	レトロなボカうた	VOCALOID殿堂入り	初音ミク名曲リンク	DAM&JOY配信中	ミクオリジナル曲	最後まで聞くべき
sm2836071	【初音ミクオリジナル】『さんきゅ！』Full.ver【手描きPV付】	2008-03-30T15:15:24+09:00	57189		https://nicovideo.cdn.nimg.jp/thumbnails/2836071/2836071	192852	7722	104	11849	219	音楽	ミクオリジナル曲	さんきゅ！	VOCALOID殿堂入り	初音ミク名曲リンク	VOCALOIDイメージソング	新曲→sm8671229	VOCALOID	元気が出るミクうた	kznrP	次回集合2026年3月30日
sm39802417	ずんだもんとボイロちゃんがぴこぴこ言うだけ	2021-12-25T18:00:00+09:00	7636484		https://nicovideo.cdn.nimg.jp/thumbnails/39802417/39802417.28696998	464086	3293	11169	1779	92	音楽	歌うボイスロイド	ずんだもん	琴葉姉妹	結月ゆかり	東北きりたん	紲星あかり	VOICEROID知育	VOCALOID	もんきり	
sm5671863	【鏡音レン】Re_birthday【ぜんまい仕掛けの子守唄3】	2008-12-27T09:09:32+09:00	907343		https://nicovideo.cdn.nimg.jp/thumbnails/5671863/5671863	797717	17642	416	22981	294	VOCALOID	鏡音レン	レンオリジナル曲	悪ノP	Re_birthday	七つの大罪シリーズ関連曲	VOCALOID殿堂入り	鏡音レン名曲リンク	ぜんまい仕掛けの子守唄	DAM&JOY配信中	
so44572953	そこに在る、光。 / 25時、ナイトコードで。	2025-01-28T18:30:00+09:00		2646600	https://nicovideo.cdn.nimg.jp/thumbnails/44572953/44572953.8601582	724957	3733	4694	563	195	プロセカ公式	音楽	プロジェクトセカイ	25時、ナイトコードで。	そこに在る、光。	DECO*27	すりぃ	劇場版プロジェクトセカイ	プロセカ殿堂入り	夢の共演	
sm27432605	なんにもない　うたった【SymaG】	2015-10-23T21:02:48+09:00	23420636		https://nicovideo.cdn.nimg.jp/thumbnails/27432605/27432605	1393643	10469	236	2447	159	歌ってみた	なんにもない									
sm542936	エアーマンが倒せない（ＴＥＡＭねこかんｖｅｒｓｉｏｎ）	2007-07-01T17:39:45+09:00	455144		https://nicovideo.cdn.nimg.jp/thumbnails/542936/542936	6751041	125769	5029	257174	224	エアーマンが倒せない	Team.ねこかん[猫]	てつ×ねこ	音楽	せらみかる	探してたあの曲	お前らの愛で見えない	ニコニコ重要文化財			
sm29920831	[GUMI] また同じ夢を見てる / TOKOTOKO（西沢さんP）	2016-10-28T20:00:00+09:00	11450042		https://nicovideo.cdn.nimg.jp/thumbnails/29920831/29920831	105096	1451	90	599	263	VOCALOID	西沢さんP	べて（絵師）	友達募集P	また同じ夢を見てる	GUMI	7＠	GUMIオリジナル曲	神調教	TOKOTOKO	VOCALOID殿堂入り
sm31057656	【オリジナル】 まほろば少年譚 【初音ミク＆GUMI】	2017-04-19T19:04:18+09:00	53435803		https://nicovideo.cdn.nimg.jp/thumbnails/31057656/31057656	506392	4112	615	2025	193	VOCALOID	初音ミク	GUMI	ユリイ・カノン	片井雨司	まほろば少年譚	ミクオリジナル曲	GUMIオリジナル曲	ミク&GUMIリンク	VOCAROCK	VOCALOID殿堂入り
sm2500972	【初音ミク】もっと　伸びろ　ぼくの　動画　(full ver.)【オリジナル】	2008-03-03T06:15:41+09:00	234179		https://nicovideo.cdn.nimg.jp/thumbnails/2500972/2500972	453304	14059	117	33200	328	初音ミク	卑屈P	部屋を掃除してくれる人募集中	ボカロ神社	VOCALOID	VOCALOID殿堂入り	初音ミクオリジナル曲	初音ミク名曲リンク	祈願動画	弱音ハク	もっと評価されるべき
sm35168302	わたしは禁忌 / 初音ミク・flower	2019-05-24T19:00:00+09:00	78166728		https://nicovideo.cdn.nimg.jp/thumbnails/35168302/35168302.4748403	598413	3018	3655	1471	194	VOCALOID	初音ミク	VOCALOIDオリジナル曲	いよわ	flower	ミク&flowerリンク	v_flowerオリジナル曲	ミクオリジナル曲	VOCALOID殿堂入り	歌ってみろ	わたしは禁忌
sm27090991	ん～いい！最高！パーフェクトなメス豚！	2015-09-05T19:04:29+09:00	45013355		https://nicovideo.cdn.nimg.jp/thumbnails/27090991/27090991	158883	1718	161	750	274	VOCALOID	SLAVE.V-V-R	とまえだ	開発コードmiki	猫村いろは	結月ゆかり	JOYSOUND配信中	VOCALOIDオリジナル曲	ん～いい！最高！パーフェクトなメス豚！	VOCALOID殿堂入り	引退詐欺P
sm19523929	初音ミクのオリジナル曲　㍆㌋㌉㌏㌉㌸㌾㌋㌞㌹㌅ -Full ver.-	2012-12-07T19:19:00+09:00	1075175		https://nicovideo.cdn.nimg.jp/thumbnails/19523929/19523929	328023	8378	229	8263	222	VOCALOID	デッドボールP	ミクのクリスマス曲	VOCALOID殿堂入り	DAM配信中	初音ミク迷曲リンク	ミクオリジナル曲	VOCALOIDクリスマス曲	㍆㌋㌉㌏㌉㌸㌾㌋㌞㌹㌅（デ㌹㍀㌞㍓㌃P）	性の6時間なんかに負けるな!!	㍆㌋㌉㌏㌉㌸㌾㌋㌞㌹㌅
sm43425730	一龠 / v flower	2024-02-22T19:00:00+09:00	126196693		https://nicovideo.cdn.nimg.jp/thumbnails/43425730/43425730.75861072	262097	2745	6991	4335	130	ボカコレ2024冬ルーキー参加曲	VOCALOID	v_flower	v_flowerオリジナル曲	ァネイロ	melonade	xANADE	VOCALOID殿堂入り	一龠	VOCALOID視覚芸術展	クールな花うた
sm14649944	【初音ミクappend】世界のはじまり【オリジナル曲】	2011-06-04T22:23:34+09:00	554170		https://nicovideo.cdn.nimg.jp/thumbnails/14649944/14649944	139117	5530	90	1498	240	VOCALOID	whoo	大槻香奈	初音ミク	世界のはじまり(whoo)	s10rw	ミクオリジナル曲	VOCALOID殿堂入り	アコギミク	かわいいミクうた	マスロック
sm32134306	人間だった ft. 初音ミク	2017-10-21T20:00:00+09:00	2786131		https://nicovideo.cdn.nimg.jp/thumbnails/32134306/32134306	252162	2449	453	3629	247	VOCALOID	初音ミク	ミクオリジナル曲	ピコン	人間だった	ききいるミクうた	VOCALOIDと歌ってみた	切ないミクうた	VOCALOID殿堂入り	vocaloid実写pv	
so44397958	余花にみとれて / 25時、ナイトコードで。 × MEIKO	2024-12-09T22:30:00+09:00		2646600	https://nicovideo.cdn.nimg.jp/thumbnails/44397958/44397958.92249351	627464	2479	3965	487	282	プロセカ公式	音楽	プロジェクトセカイ	25時、ナイトコードで。	MEIKO	VOCALOIDと歌ってみた	keeno	余花にみとれて	東雲絵名	プロセカ殿堂入り	傷だらけの手で私達は
sm13073605	侵略　北斗の拳　【イカ娘OP】	2010-12-20T02:21:14+09:00	6067365		https://nicovideo.cdn.nimg.jp/thumbnails/13073605/13073605	815866	15768	110	6366	91	アニメ	北斗の拳	侵略！イカ娘	第29回音MAD晒しイベント	北斗の拳MAD	音MAD	命は投げ捨てろ	侵略ノススメ☆	AC北斗の拳	カオスなアニメがまともなアニメを侵食	
sm29728097	動物のすべて / ピノキオピー	2016-09-27T19:00:00+09:00	865591		https://nicovideo.cdn.nimg.jp/thumbnails/29728097/29728097	367219	2779	360	2749	273	音楽	VOCALOID	ピノキオピー	Yuma_Saito	FRENZ_2016	動物のすべて	VOCALOIDと歌ってみた	VOCALOID実写PV	VOCALOID殿堂入り	初音ミク	「HUMAN」収録曲
sm37669831	十年越しのラストピース / まらしぃ × 堀江晶太(kemu) feat.初音ミク	2020-10-14T21:20:02+09:00	2765486		https://nicovideo.cdn.nimg.jp/thumbnails/37669831/37669831.94263160	91458	1069	1141	1160	201	VOCALOID	初音ミク	十年越しのラストピース	kemu	まらしぃ	ハツ子	ゆーまお	ミクオリジナル曲	ピアノミク	藍瀬まなみ	
sm15965134	反芻の印象 / ふる feat. 初音ミク	2011-10-23T15:36:30+09:00	440148		https://nicovideo.cdn.nimg.jp/thumbnails/15965134/15965134.72459208	206354	6076	195	3224	266	VOCALOID	VOCALOID処女作	VOCALOID鉄道シリーズ	反芻の印象	ふる	ミクオリジナル曲	初音ミク	VOCALOID殿堂入り	DAM&JOY配信中	銀河鉄道の夜	VOCALOID小説派生曲
sm20410104	【初音ミク】君はできない子【オリジナル曲】	2013-03-23T11:11:08+09:00	432349		https://nicovideo.cdn.nimg.jp/thumbnails/20410104/20410104	1595068	14927	3190	16188	261	VOCALOID	きくお	君はできない子	初音ミク	ミクオリジナル曲	VOCALOID幻想狂気曲リンク	初音ミク名曲リンク	VOCALOID伝説入り	脅威の中毒性	マイリス巡回推奨	
sm19372291	┗|∵|┓告白予行練習-another story-／HoneyWorks feat.鏡音レン	2012-11-17T12:03:07+09:00	1646151		https://nicovideo.cdn.nimg.jp/thumbnails/19372291/19372291	589391	19494	174	10717	160	VOCALOID	HoneyWorks	告白予行練習	鏡音レン	告白予行練習-another_story-	レンオリジナル曲	VOCALOID殿堂入り	鏡音レン名曲リンク	瀬戸口優	告白実行委員会	
sm6874091	【KAITO】　囃子唄　【オリジナル曲】	2009-04-27T21:00:46+09:00	2642368		https://nicovideo.cdn.nimg.jp/thumbnails/6874091/6874091	224048	7745	137	3615	231	MazoP	KAITOオリジナル曲	JOYSOUND配信中	VOCALOID和風曲	VOCALOID殿堂入り	KAITO	神調教	KAITO名曲リンク	VOCALOID	囃子唄	クールなKAITOうた
sm32899091	地球をあげる / LUMi	2018-03-17T18:00:07+09:00	33802565		https://nicovideo.cdn.nimg.jp/thumbnails/32899091/32899091	518328	4072	612	1597	277	VOCALOID	LUMi(VOCALOID)	LUMiオリジナル曲	はるまきごはん	地球をあげる	ボカロバラード	ききいるぼかうた	VOCALOID殿堂入り	ネオドリームトラベラー収録曲	VOCALOIDおふとん入り	
sm33213627	【初音ミク】変梃の市～へんてこのまち～【オリジナル曲】by HaTa	2018-05-15T18:46:30+09:00	26314733		https://nicovideo.cdn.nimg.jp/thumbnails/33213627/33213627	219440	1745	536	501	220	VOCALOID	初音ミク	ミクオリジナル曲	HaTa	変梃の市～へんてこのまち～	MikuPOP	歌う広辞苑	JOYSOUND配信中	VOCALOID殿堂入り		
sm11514762	【初音ミクAppend】夏と廊下と花畑【オリジナル曲】	2010-07-25T22:09:04+09:00	145381		https://nicovideo.cdn.nimg.jp/thumbnails/11514762/11514762	163505	3591	69	2673	239	VOCALOID	マチゲリータP	ミクオリジナル曲	頭がお花畑	初音ミクAppend	夏と廊下と花畑	VOCALOID幻想狂気曲リンク	VOCALOID殿堂入り	初音ミク	狂異的な中毒性	
sm42481019	夏空ノスタルジー / 雪乃イト feat. 夏色花梨	2023-07-14T19:00:00+09:00	119841573		https://nicovideo.cdn.nimg.jp/thumbnails/42481019/42481019.34966635	193661	701	1207	249	244	VOCALOID	音楽	夏色花梨オリジナル曲	synthesizervオリジナル曲	vocarock	vocaloidデモソング	SynthesizerV	夏色花梨	爽やかなぼかうた	SynthesizerV殿堂入り	夏空ノスタルジー(雪乃イト)
sm18773674	【GUMI】天鼠ディストレス【オリジナルPV】	2012-09-01T21:00:00+09:00	24882114		https://nicovideo.cdn.nimg.jp/thumbnails/18773674/18773674	197668	5701	127	1802	224	VOCALOID	レフティーモンスターＰ	GUMIオリジナル曲	天鼠ディストレス	VOCALOID殿堂入り	GUMI	矛盾（絵師）	ポンデ王子	たるとP		
sm34665894	宴の皿／鏡音レン	2019-02-21T19:30:00+09:00	13870633		https://nicovideo.cdn.nimg.jp/thumbnails/34665894/34665894.70571	77314	820	234	238	206	VOCALOID	鏡音レン	鏡音レンV4X	oQ(おきゅーP)	宴の皿	レンオリジナル曲	イケレン	お洒落なレンうた	マイリス巡回推奨	良調教	
sm34301496	【鏡音リンレン】師匠なフタリ【オリジナルMV/ワンオポ】	2018-12-11T20:00:00+09:00	13893300		https://nicovideo.cdn.nimg.jp/thumbnails/34301496/34301496	212054	1437	395	1498	247	VOCALOID	鏡音レン	鏡音リン	じーざすP	グライダー絵師	ワンダフル☆オポチュニティ！	VOCALOID殿堂入り	鏡音リン・レン名曲リンク	鏡音オリジナル曲	師匠なフタリ	VOCALOIDイメージソング
sm25357480	【RAB】アニソンっぽい曲「平和の鐘 feat GUMI」【リアルアキバボーイズ】	2015-01-16T18:00:00+09:00	37881451		https://nicovideo.cdn.nimg.jp/thumbnails/25357480/25357480	122129	4600	56	1265	249	VOCALOID	RAB	R.A.B	リアルアキバボーイズ	けいたん	涼宮あつき	GUMI	GUMIオリジナル曲	機動歌姫ヴォーカリオン	訓練されたコメント	VOCALOID殿堂入り
sm35489479	幽霊少女 / Flower	2019-08-04T19:00:00+09:00	88629616		https://nicovideo.cdn.nimg.jp/thumbnails/35489479/35489479.56727314	97368	759	132	203	170	くじら	VOCALOID	かごめP	茉弥	SHIMATAKA.XYZ	v_flower	v_flowerオリジナル曲	VOCALOID実写PV	VOCAROCK	くじら(ボカロP)	VOCALOID殿堂入り直前
sm17385515	【初音ミク】　円の幾何学　【オリジナルＰＶ】	2012-03-28T20:03:11+09:00	1439887		https://nicovideo.cdn.nimg.jp/thumbnails/17385515/17385515	112591	4132	50	3859	279	kous	7@	VCP2012	初音ミク	VOCALOID	hie	円の幾何学	VOCALOID視覚芸術展	ミクオリジナル曲	VOCALOID殿堂入り	
sm21390640	【鏡音リン】 弧ギツネの乱 【オリジナル曲】	2013-07-19T19:56:47+09:00	2765486		https://nicovideo.cdn.nimg.jp/thumbnails/21390640/21390640	353609	7947	247	5245	231	VOCALOID	鏡音リン	弧ギツネの乱	まらしぃ	drm	リンオリジナル曲	ピアノリン	すまらしぃ	キツネ(絵師)	VOCALOID殿堂入り	音NTR
sm26055837	【ミク・リン・レン・IA・MAYU】忘却日記【オリジナル】	2015-04-18T20:00:00+09:00	22711505		https://nicovideo.cdn.nimg.jp/thumbnails/26055837/26055837	382364	2674	163	1558	240	VOCALOID	Diarays	うに(絵師)	房野聖	忘却日記	VOCALOID殿堂入り	dam&joy配信中	vocaloidオリジナル曲	コウ(ボカロp)		
sm36210380	怠惰な微熱 / 香椎モイミ feat. 初音ミク	2020-01-12T21:00:00+09:00	86944362		https://nicovideo.cdn.nimg.jp/thumbnails/36210380/36210380.78048937	79553	736	254	116	274	VOCALOID	初音ミク	香椎モイミ	はいかい	怠惰な微熱	クールなミクうた	お洒落なミクうた	ミクオリジナル曲	大人のミク曲	ききいるミクうた	VocaR&B
sm28132048	【瑠宇（cv:徳井青空）】 恋色コミック 【オリジナルMV】	2016-02-02T20:00:00+09:00	3343223		https://nicovideo.cdn.nimg.jp/thumbnails/28132048/28132048	73461	1808	13	1180	233	40mP	CHRIS	徳井青空	@vitamin	音楽	ハッピードリームクリエイター	恋色コミック	そらまる	⊂(＾ω＾)⊃	MV	瑠宇
sm34771423	救いたかったのは／flower	2019-03-13T21:12:02+09:00	83201101		https://nicovideo.cdn.nimg.jp/thumbnails/34771423/34771423.78953	150076	1643	500	441	229	VOCALOID	v_flowerオリジナル曲	v_flower	Δ	救いたかったのは	マイリス巡回推奨	VocaR&B	夜のうた	VOCALOID殿堂入り		
sm18991614	【オリジナル曲】文学少女インセイン　カラスヤサボウ feat.鏡音リン	2012-09-28T19:00:00+09:00	5259112		https://nicovideo.cdn.nimg.jp/thumbnails/18991614/18991614	1120461	19775	859	8750	251	VOCALOID	カラスヤサボウ	紫槻さやか	どん	文学少女インセイン	引退詐欺	鏡音リン	リンオリジナル曲	VOCALOID伝説入り	鏡音リン名曲リンク	DAM&JOY配信中
sm32906820	昨非今是のイノセンス / flower【オリジナル曲】	2018-03-18T21:30:49+09:00	78166728		https://nicovideo.cdn.nimg.jp/thumbnails/32906820/32906820	211199	707	2109	653	164	VOCALOID	VOCALOIDオリジナル曲	flower	いよわ	ボカロオリジナル曲	v_flower	v_flowerオリジナル曲	VOCALOID殿堂入り	昨非今是のイノセンス	お前らの愛で見えない	
sm40726937	未完のストーリー / 初音ミク	2022-07-08T20:00:00+09:00	54491385		https://nicovideo.cdn.nimg.jp/thumbnails/40726937/40726937.31853438	39894	473	719	471	239	VOCALOID	初音ミク	ミクオリジナル曲	ネギシャワーP	MikuPOP	マジカルミライ10th	マイリス巡回推奨	VOCALOIDイメージソング	既存楽曲復活祭2024参加	未完のストーリー	
sm56008	アイドルマスター YOURSONGより 秋月律子 東京は夜の七時 PVバージョン？	2007-03-22T00:46:37+09:00	34417		https://nicovideo.cdn.nimg.jp/thumbnails/56008/56008	93387	1711	21	2306	247	YOURSONG	MADアイマスPV	ぽりぺくんP	アイドルマスター	アイマス公式曲MAD	ピチカート・ファイヴ	東京は夜の七時	律子ファンの聖地	マイリツコに登録しました。	ﾘｯﾁｬﾝﾊｶﾜｲｲﾃﾞｽﾖ	
sm40374788	【ニコカラ】無題 ep.01／袖野あらわ on vocal	2022-04-25T22:34:50+09:00	4753290		https://nicovideo.cdn.nimg.jp/thumbnails/40374788/40374788.63528807	92	4	1	0	155											
sm36971434	【ミクウナ】煩悩～百八ツじゃ足んない～【オリジナル煩悩】	2020-06-05T20:30:00+09:00	656109		https://nicovideo.cdn.nimg.jp/thumbnails/36971434/36971434.99710821	94762	880	422	963	252	VOCALOID	初音ミク	音街ウナ	VOCALOIDデュエット曲	煩悩～百八ツじゃ足んない～	初音ミクとダイナミック自演ズ	カルロス袴田(サイゼP)	ミク&ウナリンク			
sm16164294	【今日から魔女!】 第3話 -円環るマギカ☆ドラム-	2011-11-14T02:56:54+09:00	20817496		https://nicovideo.cdn.nimg.jp/thumbnails/16164294/16164294	3459	27	1	108	322	アニメ	ひだまりスケッチ	化物語	電波女と青春男	ぱにぽにだっしゅ!	輪るピングドラム	魔法少女まどか☆マギカ	まよチキ	まどか☆マギカMADリンク	違和感仕事しろ	
sm26778471	生命線　うたった【SymaG】	2015-07-24T20:58:25+09:00	23420636		https://nicovideo.cdn.nimg.jp/thumbnails/26778471/26778471	925366	8686	172	3095	233	歌ってみた	生命線	SymaG	涙腺崩壊	リア充復活しろ	島爺	ボカロオリジナルを歌ってみた	爺んとくる			
sm39038885	素敵な終末 / flower	2021-07-16T19:05:02+09:00	96291838		https://nicovideo.cdn.nimg.jp/thumbnails/39038885/39038885.58737301	133073	674	778	237	164	VOCALOID	音楽	v_flower	v_flowerオリジナル曲	素敵な終末	鮫島ぬりえ	ボカムンベース	かごめP	VOCALOID宗教入り	VOCALOID殿堂入り	吐息(ボカロP)
sm29518251	【重音テト】素直じゃなくてごめんなさい。【オリジナル】	2016-08-25T14:01:03+09:00	17586425		https://nicovideo.cdn.nimg.jp/thumbnails/29518251/29518251	690267	3598	2623	2466	229	VOCALOID	重音テト	テトオリジナル曲	UTAUオリジナル曲	UTAU	青谷	素直じゃなくてごめんなさい。	謝罪P	UTAU殿堂入り		
sm23798081	【GUMI】紫陽花の夜【オリジナル】	2014-06-17T19:00:00+09:00	35275687		https://nicovideo.cdn.nimg.jp/thumbnails/23798081/23798081	165656	4142	166	1512	206	VOCALOID	GUMIオリジナル曲	ＧＵＭＩ	ねじ式(火曜日P)	紫陽花の夜	GUMI_Native	GUMI名曲リンク	DAM＆JOY配信中	VOCALOID殿堂入り	VOCALOID梅雨入り	
sm21970341	【アルスマグナ】茅蜩モラトリアム【踊ってみた】	2013-10-04T23:00:00+09:00	27745337		https://nicovideo.cdn.nimg.jp/thumbnails/21970341/21970341	691944	10144	178	14950	259	踊ってみた	アルスマグナ	茅蜩モラトリアム	ボカロオリジナルを踊ってみた	TOTAL_OBJECTION						
sm28270436	【flower】虹色サイダー【オリジナル曲PV】	2016-02-21T20:04:09+09:00	366367		https://nicovideo.cdn.nimg.jp/thumbnails/28270436/28270436	95273	2131	76	1231	246	VOCALOID	ななしむ	v_flowerオリジナル曲	flowerセカンドアルバム「一期一会」収録曲	v_flower	Ike	虹色サイダー	VOCALOID炭酸入り	VOCALOID夏曲	VOCALOID殿堂入り直前	テヅカ
sm5066725	初音ミク「赤い実はじけた」【オリジナル曲】	2008-10-27T17:35:14+09:00	2476652		https://nicovideo.cdn.nimg.jp/thumbnails/5066725/5066725	288805	8841	112	18776	237	音楽	初音ミク	ミクオリジナル曲	赤い実はじけた	samfree	VOCALOID殿堂入り	VOCALOID	初音ミク名曲リンク	サムネホイホイ	かわいいミクうた	永遠に評価されるべき
sm40350984	身体は正直だって言ってんの / 歌愛ユキ	2022-04-22T00:00:00+09:00	122608535		https://nicovideo.cdn.nimg.jp/thumbnails/40350984/40350984.68316215	515237	2963	5123	638	143	ボカコレ2022春TOP100参加作品	ボカコレ2022春ルーキー参加作品	オリジナル楽曲	歌愛ユキ	VOCALOID	VOCALOID殿堂入り	式浦。	ユキオリジナル曲	身体は正直だって言ってんの		
sm22071767	【初音ミク】造花の距離感【オリジナル曲】	2013-10-19T00:48:33+09:00	34638589		https://nicovideo.cdn.nimg.jp/thumbnails/22071767/22071767	348917	10271	397	3587	260	VOCALOID	初音ミク	なぎさ	ひらり	ミクトロニカ	ミクオリジナル曲	造花の距離感	VOCALOID実写PV	初音ミク名曲リンク	VOCALOID殿堂入り	
sm27771119	遊閑地／初音ミク	2015-12-11T20:00:00+09:00	14203891		https://nicovideo.cdn.nimg.jp/thumbnails/27771119/27771119	232870	1483	172	699	209	VOCALOID	バルーン	アボガド6	初音ミク	遊閑地	ミクオリジナル曲	VOCAROCK	VOCALOID-PV	VOCALOID殿堂入り	安定のバルーン節	
sm43428371	重音テトのフェルタゴ～ン / マキシウキョウ feat.重音テトSV	2024-02-22T19:00:00+09:00	62291310		https://nicovideo.cdn.nimg.jp/thumbnails/43428371/43428371.28388795	109645	1246	3712	2462	249	ボカコレ2024冬ルーキー参加曲	VOCALOID	重音テトSV	重音テトsvオリジナル曲	歌踊コレok	重音テト	ボカロP自作アニメーションMVリンク	重音テトのフェルタゴ～ン	VOCALOID処女作	SynthesizerV	SynthesizerV殿堂入り
so42899245	電脳学級会で会いましょう / 初音ミク, 鏡音リン, MEIKO, 巡音ルカ	2023-11-02T22:00:00+09:00		2648319	https://nicovideo.cdn.nimg.jp/thumbnails/42899245/42899245.99725667	157151	1301	3560	793	195	音楽	VOCALOID	無色透名祭Ⅱ	無色透名祭Ⅱ参加曲	初音ミク	鏡音リン	MEIKO	巡音ルカ	VOCALOID殿堂入り	無色透名祭殿堂入り	VOCALOIDオリジナル曲
sm41016814	【初音ミクDark】　青を焚べて　【 keeno 】	2022-09-01T22:00:00+09:00	10821010		https://nicovideo.cdn.nimg.jp/thumbnails/41016814/41016814.93382199	151408	1266	1727	753	341	VOCALOID	初音ミク	keeno	ミクオリジナル曲	青を焚べて	ボカロバラード	伝説のdarkマスター	初音ミク誕生祭2022	初音ミクシンフォニー	VOCALOID殿堂入り	切ないミクうた
sm37643898	馬と鹿に謝って／flower	2020-10-09T20:00:00+09:00	83201101		https://nicovideo.cdn.nimg.jp/thumbnails/37643898/37643898.20079013	141653	1043	835	212	180	VOCALOID	v_flowerオリジナル曲	v_flower	馬と鹿に謝って	Δ	沼田ゾンビ	ラーメンタイマー	神調教	コンピ収録曲	さらに評価されるべき	VOCALOID殿堂入り
sm4732369	【KAITO・レン・がくぽ】龍ノ啼ク箱庭拠り（合せてみた【バナナイス】	2008-09-25T01:38:59+09:00	1660242		https://nicovideo.cdn.nimg.jp/thumbnails/4732369/4732369	458449	13703	45	22079	283	弱音P	シンP	龍ノ啼ク箱庭拠リ	光魔法「かっこいいポーズ」	ユニット「バナナイス」	合わせてみた	KAITO	鏡音レン	神威がくぽ	ヘッドホン推奨	
sm32337145	【GUMI】アッシュなミルクティー 【オリジナル】	2017-11-28T20:00:00+09:00	35275687		https://nicovideo.cdn.nimg.jp/thumbnails/32337145/32337145	93882	1189	103	650	182	VOCALOID	GUMIオリジナル曲	ねじ式(火曜日P)	檀上大空	GUMI	アッシュなミルクティー	お洒落なGUMIうた	切ないGUMIうた	JOYSOUND配信中	ボカフェミュージック	
sm23225630	米津玄師 MV「アイネクライネ」	2014-04-01T00:01:03+09:00	380847		https://nicovideo.cdn.nimg.jp/thumbnails/23225630/23225630	12653164	112608	5745	65814	295	音楽	米津玄師	ハチ	YANKEE	アイネクライネ	NNIオリジナル曲	DAM&JOY配信中	マイリス巡回推奨	ニコニコインディーズ神話入り	ニコニコインディーズ	
sm23225630	米津玄師 MV「アイネクライネ」	2014-04-01T00:01:03+09:00	380847		https://nicovideo.cdn.nimg.jp/thumbnails/23225630/23225630	12653164	112608	5745	65814	295	音楽	米津玄師	ハチ	YANKEE	アイネクライネ	NNIオリジナル曲	DAM&JOY配信中	マイリス巡回推奨	ニコニコインディーズ神話入り	ニコニコインディーズ	
sm31423217	アクシデントコーディネイター - MI8k	2017-06-19T20:10:00+09:00	14277060		https://nicovideo.cdn.nimg.jp/thumbnails/31423217/31423217	249839	2037	153	555	245	ニコニコインディーズ	中村優斗	MI8k	アクシデントコーディネイター	ナポリP	セルフカバー	期待の本人	模範解答	歌うPシリーズ	ニコニコインディーズ殿堂入り	歌い手キラー
sm28518883	[GUMI] アセロラ / TOKOTOKO（西沢さんP）	2016-03-28T20:00:00+09:00	11450042		https://nicovideo.cdn.nimg.jp/thumbnails/28518883/28518883	198509	3194	182	1078	237	VOCALOID	西沢さんP	べて（絵師）	友達募集P	アセロラ	GUMIオリジナル曲	GUMI	VOCALOID殿堂入り	アセロラ(西沢さんP)	コップのフチ子	DAM配信中
sm31068327	MV - アディクテッド・セオリー / *Luna feat.鏡音レン	2017-04-21T19:00:00+09:00	25646141		https://nicovideo.cdn.nimg.jp/thumbnails/31068327/31068327	138899	1727	145	659	222	VOCALOID	超ボーマス37参加	*Luna	アディクテッド・セオリー	びび	はるお	おむたつ	レンオリジナル曲	鏡音レン	鏡音レン名曲リンク	VOCALOID殿堂入り
sm30325790	MV - アポストロフィー / *Luna feat.鏡音レン	2016-12-29T20:23:14+09:00	25646141		https://nicovideo.cdn.nimg.jp/thumbnails/30325790/30325790	156592	1763	192	917	256	VOCALOID	*Luna	アポストロフィー	鏡音レン	びび	おむたつ	はるお	レンオリジナル曲	VOCALOID殿堂入り	DAM&JOY配信中	イケレン
sm18605244	【鏡音リン】 アマツキツネ 【オリジナル曲】	2012-08-13T18:46:25+09:00	2765486		https://nicovideo.cdn.nimg.jp/thumbnails/18605244/18605244	1195677	28919	1416	17376	235	VOCALOID	鏡音リン	アマツキツネ	まらしぃ	リンオリジナル曲	VOCALOID伝説入り					
sm39735192	∴煮ル果実「アランダーノ」with Flower	2021-12-10T20:10:00+09:00	32646403		https://nicovideo.cdn.nimg.jp/thumbnails/39735192/39735192.26944678	360072	1438	1970	1060	185	VOCALOID	v_flower	v_flowerオリジナル曲	煮ル果実	WOOMA	中村涼真	奧村大爆発	アランダーノ	「POPGATO」収録曲	VOCAROCK	VOCALOID殿堂入り
sm21041502	【初音ミク】 アルカリ成人 【オリジナル】	2013-06-05T19:00:00+09:00	27261916		https://nicovideo.cdn.nimg.jp/thumbnails/21041502/21041502	743650	7916	627	3257	231	VOCALOID	初音ミク	ミクオリジナル曲	ただのCo	KTKT	アルカリ成人	VOCALOID殿堂入り	DAM&JOY配信中			
sm13004628	イッシュのポケモン　言えるのか！	2010-12-12T09:44:56+09:00	871714		https://nicovideo.cdn.nimg.jp/thumbnails/13004628/13004628	1156044	26517	394	34987	283	エンターテイメント	ポケモン	VOCALOID	イッシュのポケモン言えるのか！	VOCALOID伝説入り	UTAU	UTAU伝説入り	ポケモン×VOCALOID	重音テト	初音ミク	
sm33168272	イーマイナー /  flower 【オリジナル】	2018-05-06T18:02:37+09:00	78166728		https://nicovideo.cdn.nimg.jp/thumbnails/33168272/33168272	193045	833	1896	383	193	音楽	VOCALOIDオリジナル曲	いよわ	イーマイナー	v_flower	v_flowerオリジナル曲	さらに評価されるべき	これはいいマイナー	VOCALOID	VOCALOID殿堂入り	VOCALOIDテーマパーク入り
sm39101485	ウナの惑星5thえでぃしょん / 音街ウナ	2021-07-30T00:00:00+09:00	87549428		https://nicovideo.cdn.nimg.jp/thumbnails/39101485/39101485.71299414	113425	894	2028	1348	259	VOCALOID	音街ウナ	Λkiranu	yu-na*	vocaloidオリジナル曲	音街ウナ誕生祭2021	vocaloidイメージソング	ウナオリジナル曲	MMD	子牛(ボカロP)	VOCALOID殿堂入り
sm16806230	【GUMI】カトレア【オリジナル】	2012-01-27T22:43:04+09:00	2170466		https://nicovideo.cdn.nimg.jp/thumbnails/16806230/16806230	344731	10084	203	3953	188	VOCALOID	GUMI	ゆずひこ	GUMIオリジナル曲	カトレア(ゆずひこ)	VOCALOID殿堂入り	EXIT_TUNES_PRESENTS_GUMitia	VOCALOID幻想狂気曲リンク	GUMI名曲リンク	お犬	スタイリッシュ俺ら
sm23175025	【結月ゆかり＆IA】カラフルを歌ってもらった【まどマギ/叛逆の物語】	2014-03-25T19:37:06+09:00	95796		https://nicovideo.cdn.nimg.jp/thumbnails/23175025/23175025.72974897	551091	12297	326	3800	275	VOCALOID	結月ゆかり	IA_-ARIA_ON_THE_PLANETES-	カラフル(ClariS)	魔法少女まどか☆マギカ	タカオカミズキ	VOCALOIDカバー曲	ゆかり＆IAリンク	VOCALOID殿堂入り	VOCALOIDアニソン	
so40819975	カレラ / 初音ミク	2022-07-28T18:00:00+09:00		2648319	https://nicovideo.cdn.nimg.jp/thumbnails/40819975/40819975.4897679	45024	648	1157	275	201	VOCALOID	ミクオリジナル曲	カレラ	無色透名祭	初音ミク	VOCAROCK	お洒落なミクうた	総花的	本人投稿ver→sm40898979		
sm11140951	【ミクAppend】キャンディアディクトフルコォス【オリジナル曲】	2010-06-21T20:32:47+09:00	145381		https://nicovideo.cdn.nimg.jp/thumbnails/11140951/11140951	553590	12188	229	12653	226	VOCALOID	マチゲリータP	ミクオリジナル曲	サビで手拍子	TOPSのチョコレートケーキがたべたい	VOCALOID殿堂入り	VOCALOID幻想狂気曲リンク	初音ミク			
sm8685012	【初音ミク(40㍍)】 キミボシ 【オリジナル】	2009-11-02T02:40:19+09:00	3343223		https://nicovideo.cdn.nimg.jp/thumbnails/8685012/8685012	417235	13587	155	8013	260	VOCALOID	ミクオリジナル曲	40㍍P	EXIT_TUNES_PRESENTS_Supernova	キミボシ	初音ミク	VOCALOID殿堂入り	DAM&JOY配信中	切ないミクうた	初音ミク名曲リンク	涙腺崩壊
sm11391375	【FC】ドラゴンクエスト３をヴァイオリンで演奏【DQ3】	2010-07-14T23:50:08+09:00	16786405		https://nicovideo.cdn.nimg.jp/thumbnails/11391375/11391375	1819322	44561	595	41831	176	演奏してみた	岡田鉄平	てっぺい先生	貴族用ドラクエ	ヴァイオリン	ドラクエ3	SE優先	先生何やってんすかシリーズ	期待の玄人	演奏でプレイ再現シリーズ	演奏してみた伝説入り
sm36666361	ど～ぱみん -「サイケデリックによろしく」feat.初音ミク	2020-04-12T20:05:02+09:00	79410618		https://nicovideo.cdn.nimg.jp/thumbnails/36666361/36666361.58959394	123499	971	373	232	217	vocaloidオリジナル曲	vocaloid	ミクオリジナル曲	VOCALOID新曲リンク	爆発電波	初音ミク	ど~ぱみん	サイケデリックによろしく	ボカロ超投稿祭	vocaloid殿堂入り	
sm38909749	サイバーかわいくないガール / 初音ミク	2021-06-19T22:00:00+09:00	20970403		https://nicovideo.cdn.nimg.jp/thumbnails/38909749/38909749.52131648	86444	770	1184	413	158	VOCALOID	初音ミク	VOCALOIDオリジナル曲	ミクオリジナル曲	VOCATRAP	ミックホップ	死の勝利	yanagamiyuki	サイバーかわいくないガール	Vocaloid_HIPHOP	
sm4642670	【鏡音レン】サンドスクレイパー -砂漠の特急線-（オリジナル）	2008-09-16T10:17:19+09:00	532956		https://nicovideo.cdn.nimg.jp/thumbnails/4642670/4642670	432145	12635	183	6788	233	音楽	鏡音レン	VOCALOID	サンドスクレイパー	VOCASKA	レンオリジナル曲	VOCALOID殿堂入り	鏡音レン名曲リンク	VOCALOID砂漠入り	ミク詐欺P	
sm33596424	MV - シャリューゲ / *Luna feat.ウナ &amp; Rana	2018-07-28T19:00:00+09:00	25646141		https://nicovideo.cdn.nimg.jp/thumbnails/33596424/33596424.6825	323883	3438	391	906	256	VOCALOID	音街ウナ	ウナオリジナル曲	*Luna	Rana（VOCALOID）	びび	シャリューゲ	君だけがいない夏	VOCALOID殿堂入り	神調教	ウナラナ
sm37347192	シークレットひみつ / 初音ミク	2020-08-14T19:00:00+09:00	865591		https://nicovideo.cdn.nimg.jp/thumbnails/37347192/37347192.57840355	279065	1761	1700	1708	218	VOCALOID	初音ミク	ピノキオピー	ミクオリジナル曲	シークレットひみつ	ボカロP自作アニメーションMVリンク	ボカロ超投稿祭2020夏	初音ミク名曲リンク	VOCALOID殿堂入り		
sm26231129	【Miku&amp;IA】シークレットメタファー【オリジナル】	2015-05-11T17:00:00+09:00	31239138		https://nicovideo.cdn.nimg.jp/thumbnails/26231129/26231129	186837	2778	52	1439	253	VOCALOID	電ポルP	tilt	まきのせな	謎の技術	シークレットメタファー	ANDRIVEBOiz	初音ミク	IA_-ARIA_ON_THE_PLANETES-	VOCALOIDオリジナル曲	VOCALOID殿堂入り
sm20843547	【ニコニコラボ】 シンガソン 【ボーカロイドオリジナル】	2013-05-12T17:00:00+09:00	2591026		https://nicovideo.cdn.nimg.jp/thumbnails/20843547/20843547	166782	5272	80	6536	362	VOCALOID	初音ミク	シンガソン	れるりり	VOCALOIDオールスター	事務員Ｇ	シンガソン(れるりり)	VOCALOID名曲リンク	VOCALOID殿堂入り	ニコニコラボ	
sm34373968	スカイデアンナイト　うたった 【島爺／SymaG】	2018-12-25T19:04:02+09:00	23420636		https://nicovideo.cdn.nimg.jp/thumbnails/34373968/34373968.2773	948181	4454	580	1028	163	歌ってみた	島爺	SymaG	スカイデアンナイト	カタヲタタカナイト	三途ノ川収録曲	ミリオン予備軍				
sm35341418	【GUMI】「スキャットオノマトペ」　あめのむらくもＰ	2019-07-01T19:26:02+09:00	75455139		https://nicovideo.cdn.nimg.jp/thumbnails/35341418/35341418.84378516	131726	1342	183	474	181	VOCALOID	あめのむらくもＰ	GUMI	GUMIオリジナル曲	ボカロハウス	お洒落なGUMIうた	スキャットオノマトペ	レトロなボカうた	VOCALOID殿堂入り		
sm43407779	スパークル・ピーチ / めろくる feat. 初音ミク	2024-02-23T00:00:00+09:00	122889833		https://nicovideo.cdn.nimg.jp/thumbnails/43407779/43407779.98173498	35194	512	1107	429	230	VOCALOID	ボカコレ2024冬TOP100ランキング参加曲	#コンパスアニメ曲エントリー	ミクオリジナル曲	#プロセカNEXT	歌踊コレOK	初音ミク	vocaloid炭酸入り	かわいいミクうた	MikuPOP	スパークル・ピーチ
sm17135289	【IKZO】 白金ディスコも無ェ(Fuli ver) 【偽物語】	2012-03-03T01:28:21+09:00	12588945		https://nicovideo.cdn.nimg.jp/thumbnails/17135289/17135289	3624697	69496	3984	43657	246	アニメ	IKZO	吉幾三	偽物語	白金ディスコ	逃げ切れなかったミリオン	ニコニコ文化財	MAD	音MAD	井口裕香	
sm42575732	ディスバリズム / 鏡音レン	2023-08-05T00:00:00+09:00	118137370		https://nicovideo.cdn.nimg.jp/thumbnails/42575732/42575732.5807628	64705	828	1565	413	175	VOCALOID	ボカロ	鏡音レン	レンオリジナル曲	ボカコレ2023夏	ボカコレ2023夏TOP100ランキング参加曲	daraku	クラブで使えるボカロ曲リンク	ディスバリズム	イケレン	クールなレンうた
sm26681602	【GUMI】 デジタルロスト 【オリジナル】	2015-07-13T18:30:00+09:00	43369798		https://nicovideo.cdn.nimg.jp/thumbnails/26681602/26681602	23231	837	5	321	247	VOCALOID	ハノア	デジタルロスト	GUMI	GUMIオリジナル曲	黙ってマイリス	納得の感動	Chiptune×VOCALOIDリンク	さらに評価されるべき	驚異的な中毒性	神調教
sm35846396	『デタラメダンス』- ちいたな feat.IA × ONE -	2019-10-22T19:00:00+09:00	14930313		https://nicovideo.cdn.nimg.jp/thumbnails/35846396/35846396.14348184	57117	821	98	735	180	VOCALOID	ちいたな	IA_-ARIA_ON_THE_PLANETES-	IAオリジナル曲	ONE_-ARIA_ON_THE_PLANETES-	ONEオリジナル曲	QUER	デタラメダンス	CeVIO	ラーメンタイマー	VOCALOID&CeVIOオリジナル曲
sm33874711	デペイズマン / flower	2018-09-18T19:00:00+09:00	45395036		https://nicovideo.cdn.nimg.jp/thumbnails/33874711/33874711	197990	1920	132	327	219	VOCALOID	Misumi	雨宮透	v_flower	デペイズマン	v_flowerオリジナル曲	驚異的な中毒性	VOCALOID殿堂入り	ヰエヰエ		
sm7454296	【初音ミク】トウキョウト・ロック・シティ【オリジナル】	2009-06-26T17:46:03+09:00	131368		https://nicovideo.cdn.nimg.jp/thumbnails/7454296/7454296	817350	25516	715	9338	340	初音ミク	ミクオリジナル曲	VOCALOID	VOCALOID殿堂入り	トウキョウト・ロック・シティ	えこまる	初音ミク名曲リンク	JOYSOUND配信中	はいのことん	VOCAROCK	
sm36527256	トラゴイディア / wotaku feat. 初音ミク	2020-03-17T16:39:02+09:00	11942559		https://nicovideo.cdn.nimg.jp/thumbnails/36527256/36527256.51849760	163578	1054	691	261	216	VOCALOID	wotaku	ANGL	すず。	東の空まで会いにきて	あるし	vocaloidオリジナル曲	ミクオリジナル曲	初音ミク	トラゴイディア	VOCALOID殿堂入り
sm23355609	【IA】ナイトの正夢【オリジナル】	2014-04-18T19:00:00+09:00	22711505		https://nicovideo.cdn.nimg.jp/thumbnails/23355609/23355609	502100	5081	177	2474	244	VOCALOID	Diarays	房野聖	忘却日記	ナイトの正夢	IA_-ARIA_ON_THE_PLANETES-	IAオリジナル曲	VOCALOID殿堂入り	DAM&JOY配信中	清水コウ	コウ(ボカロp)
sm34244485	【初音ミク】ニコニコ動画死ね！【初投稿のJKです♡】	2018-11-29T19:22:02+09:00	10042173		https://nicovideo.cdn.nimg.jp/thumbnails/34244485/34244485	52234	11008	65	4348	203	VOCALOID	初音ミク	初音ミクオリジナル曲	ミクオリジナル曲	釣り	工作					
sm29815017	【結月ゆかり】ヌケガライド【オリジナル】	2016-10-11T19:00:00+09:00	35275687		https://nicovideo.cdn.nimg.jp/thumbnails/29815017/29815017	169441	2429	206	920	222	VOCALOID	結月ゆかり	ねじ式(火曜日P)	ゆかりオリジナル曲	結月ゆかり名曲リンク	VOCALOID殿堂入り	クールなゆかりうた	VOCAROCK	ヌケガライド		
sm12517264	猫村いろは「ネコネコ☆スーパーフィーバーナイト」【オリジナル曲】	2010-10-23T05:53:55+09:00	2476652		https://nicovideo.cdn.nimg.jp/thumbnails/12517264/12517264	733511	14621	535	11180	202	VOCALOID	samfree	猫村いろは	いろはオリジナル曲	たま（絵師）	SAMナイトシリーズ	ネコネコ☆スーパーフィーバーナイト	VOCALOIDイメージソング	VOCALOID-EUROBEAT	VOCALOID殿堂入り	猫村いろは名曲リンク
sm29765704	【ココロボ】 ハナウタ日和 ～掃除、洗濯、家事、ワタシ～ 【MV】	2016-10-03T20:00:00+09:00	3343223		https://nicovideo.cdn.nimg.jp/thumbnails/29765704/29765704	69316	1699	27	781	252	VOCALOID	40mP	たま（絵師）	ココロボ	COCOROBO	SHARP	木戸衣吹	ハナウタ日和～掃除、洗濯、家事、ワタシ～	ココロボオリジナル曲	VOCALOIDデモソング	
sm13920294	【初音ミク】ハルニキミト【オリジナル曲／PV】	2011-03-21T20:13:30+09:00	111429		https://nicovideo.cdn.nimg.jp/thumbnails/13920294/13920294	214836	5245	171	1403	190	VOCALOID	ねこぼーろ	ハルニキミト	初音ミクAppend	春ニカ祭2011	VOCALOID実写PV	VOCALOID春曲	VOCALOID殿堂入り	ミクオリジナル曲	初音ミク	ポストミック
sm39896435	パーフェクション / 柊マグネタイト feat.初音ミク	2022-01-21T18:00:00+09:00	99293918		https://nicovideo.cdn.nimg.jp/thumbnails/39896435/39896435.95487836	406564	1697	2104	911	157	VOCALOID	柊マグネタイト	言ノ葉Project	言ノ葉Project_2ndシーズン	BLACK_ROSE	初音ミク	ミクオリジナル曲	パーフェクション	VOCALOID殿堂入り	C'Na	歌踊コレok
sm37681988	【初音ミク】ヒトリユラリ【Kanaria・MARETU】	2020-10-17T18:54:02+09:00	95303437		https://nicovideo.cdn.nimg.jp/thumbnails/37681988/37681988.84888808	863214	4364	4650	5662	189	VOCALOID	初音ミク	Kanaria	MARETU	のう	VOCALOIDオリジナル曲	ミクオリジナル曲	ヒトリユラリ(Kanaria)	VOCALOID殿堂入り	初音ミク名曲リンク	DAM&JOY配信中
sm28945259	【MV】Royal Scandal -「ビーストインザビューティ」/ luz	2016-05-29T20:00:00+09:00	8357758		https://nicovideo.cdn.nimg.jp/thumbnails/28945259/28945259	1519321	10496	352	5665	273	歌ってみた	奏音69	RAHWIA	Royal_Scandal	luz(ルス)	ビーストインザビューティ（RoyalScandal）	永遠に評価されるべき				
sm37906552	【手描きプロセカ】ニーゴでビーストダンス	2020-12-03T00:51:03+09:00	97209922		https://nicovideo.cdn.nimg.jp/thumbnails/37906552/37906552.32269504	27567	227	461	181	201	手描きプロセカ	プロジェクトセカイ	25時、ナイトコードで。	ビースト・ダンス	もっと評価されるべき	ゆるすよ					
sm44466858	∴煮ル果実「ファニー・インシピッド・キャンディ・ベンダー」with Flower	2024-12-28T20:10:00+09:00	32646403		https://nicovideo.cdn.nimg.jp/thumbnails/44466858/44466858.56579503	97042	481	1077	213	206	VOCALOID	v_flower	煮ル果実	ヤスタツ	vocaloidオリジナル曲	VOCARAP	v_flowerオリジナル曲	VOCALOIDと歌ってみた	ﾌｧﾆｰ･ｲﾝｼﾋﾟｯﾄﾞ･ｷｬﾝﾃﾞｨ･ﾍﾞﾝﾀﾞｰ		
sm39495307	∴煮ル果実×はるまきごはん「フランケンX」with Flower×初音ミク	2021-10-17T17:10:00+09:00	32646403		https://nicovideo.cdn.nimg.jp/thumbnails/39495307/39495307.12603473	428823	1941	2425	1042	188	VOCALOID	v_flower	初音ミク	煮ル果実	はるまきごはん	ボカコレ2021秋top100	はるもつ(頃之介)	「キメラ」収録曲	藤巻兄将	VOCALOID殿堂入り	フランケンX
sm29451085	【SLH】フリーはフリーダムを踊ってみた【自由】	2016-08-15T18:00:00+09:00	5970910		https://nicovideo.cdn.nimg.jp/thumbnails/29451085/29451085	185948	2582	94	2398	188	踊ってみた	フリーはフリーダム	SLH	Johnny.	踊ってみた殿堂入り	円盤P					
sm22648333	【初音ミク】プラスチックボイス【オリジナルMV付き】	2014-01-12T12:24:00+09:00	31321523		https://nicovideo.cdn.nimg.jp/thumbnails/22648333/22648333	193523	5734	185	3177	275	VOCALOID	プラスチックボイス	tilt	yama_ko	シグナルP	初音ミク	Dios/シグナルP	ミクオリジナル曲	VOCALOID殿堂入り	初音ミク名曲リンク	DAM&JOY配信中
sm39367878	【ニコカラ】プラスティック・レイディ【onvocal】	2021-09-21T18:07:00+09:00	18088904		https://nicovideo.cdn.nimg.jp/thumbnails/39367878/39367878.45418402	364	7	5	1	178	VOCALOID	ニコカラ	ニコカラDB	ボカロカラオケDB	プラスティック・レイディ	rukakuカラオケ動画リンク					
sm5630948	【鏡音リン・レン】 プリティパンティ☆悪マリン 【オリジナル】	2008-12-23T08:51:40+09:00	1371450		https://nicovideo.cdn.nimg.jp/thumbnails/5630948/5630948	496628	12962	234	10298	185	ゆにめもP	ぶっちぎりP	リンの将来も不安になる動画	VOCALOID	プリティパンティ☆悪マリン	レンの将来が不安になる動画	VOCALOID殿堂入り	鏡音リン・レン	鏡音廃の楽園	VOCALOIDオリジナル曲	
so44548156	ヘイヴン / Vivid BAD SQUAD × 鏡音レン	2025-01-19T22:45:00+09:00		2646600	https://nicovideo.cdn.nimg.jp/thumbnails/44548156/44548156.19828080	348852	1622	1633	112	203	プロセカ公式	音楽	プロジェクトセカイ	Vivid_BAD_SQUAD	鏡音レン	VOCALOIDと歌ってみた	煮ル果実	ヘイヴン(煮ル果実)			
sm31841629	【初音ミク】ヘイズアダー【オリジナル】	2017-08-31T19:00:00+09:00	17747959		https://nicovideo.cdn.nimg.jp/thumbnails/31841629/31841629	273411	1758	288	624	270	VOCALOID	初音ミク	絶海	水無月	初音ミク誕生祭2017	ミクオリジナル曲	ヘッドホン推奨	驚異的な中毒性	ヘイズアダー	最後まで聴くべき	VOCALOID殿堂入り
sm19451487	[GUMI] ヘルシーな生活 / TOKOTOKO（西沢さんP）	2012-11-27T18:49:13+09:00	11450042		https://nicovideo.cdn.nimg.jp/thumbnails/19451487/19451487	322764	9180	212	3294	238	VOCALOID	西沢さんP	ちゃもーい	かごめP	ヘルシーな生活	VOCALOID殿堂入り	GUMIオリジナル曲	VOCAROCK	GUMI	DAM&JOY配信中	VOCAROCK_collection4_収録曲
sm8269164	【鏡音レン】パラジクロロベンゼン【ガルナ/オワタP】	2009-09-19T05:55:54+09:00	1320776		https://nicovideo.cdn.nimg.jp/thumbnails/8269164/8269164	5469605	115679	5640	157424	233	オワタP	三重の人	VOCALOID	鏡音レン	レンオリジナル曲	ベンゼンシリーズ	縣	パラジクロロベンゼン	鏡音レン名曲リンク	DAM&JOY配信中	VOCALOID伝説入り
sm11982981	【鏡音レン】ボーダーランズ！【ロック気味オリジナル曲】	2010-09-03T22:07:21+09:00	145381		https://nicovideo.cdn.nimg.jp/thumbnails/11982981/11982981	331327	8316	176	5634	143	VOCALOID	鏡音レン	マチゲリータP	ヒャッハー！！水だー！！	レンオリジナル曲	Borderlands	VOCALOID殿堂入り	ボーダーランズ！	VOCALOIDゲーム派生曲	クールなレンうた	VOCAROCK
sm25352414	【鏡音リンレン】ボクらの最終定理【オリジナル/ワンオポ】	2015-01-15T19:00:00+09:00	13893300		https://nicovideo.cdn.nimg.jp/thumbnails/25352414/25352414	104504	1873	62	1014	230	VOCALOID	鏡音リン	鏡音レン	ワンダフル☆オポチュニティ！	じーざすP	驚異的な中毒性	鏡音リン・レン	phantania	梨汁	鏡音オリジナル曲	VOCALOID殿堂入り
sm40005627	ポテトがSしか売ってない L(ong).ver / 音街ウナ - シカクドット	2022-02-07T10:30:00+09:00	361781		https://nicovideo.cdn.nimg.jp/thumbnails/40005627/40005627.45543974	166832	1006	2510	9146	173	VOCALOID	音街ウナ	ウナオリジナル曲	シカクドット	ポテトがSしか売ってない	マクドナルドのポテト揚げるやつの音	VOCALOID殿堂入り	VOCALOID食堂入り	かわいそウナうた	ティロリミックス	
sm29249092	【鏡音リン、鏡音レン】マジカル☆リンちゃんなう！SSs【ガルナ/オワタP】	2016-07-18T00:01:00+09:00	1320776		https://nicovideo.cdn.nimg.jp/thumbnails/29249092/29249092	263998	4182	417	8464	186	VOCALOID	鏡音act2八周年祭	マジカル☆リンちゃんなう！SSs	鏡音リン	田村ヒロ	VOCALOID殿堂入り	VOCALOID魔法少女入り	オワタP	マジックリン	VOCALOIDイメージソング	
sm43914729	マンチキン / 重音テトSV	2024-08-06T18:00:00+09:00	97110846		https://nicovideo.cdn.nimg.jp/thumbnails/43914729/43914729.5459515	121041	658	1754	326	159	VOCALOID	藤原ハガネ	重音テトsv	残響室	synthesizervオリジナル曲	マンチキン(藤原ハガネ)	重音テト	重音テトオリジナル曲	ぼかえり2024夏	歌踊コレok	SynthesizerV殿堂入り
sm8995619	miki「ミキミキ★ロマンティックナイト」【オリジナル曲】	2009-12-04T14:17:33+09:00	2476652		https://nicovideo.cdn.nimg.jp/thumbnails/8995619/8995619	953693	20356	669	16777	208	VOCALOID	samfree	開発コードmiki	mikiオリジナル曲	ミキミキ★ロマンティックナイト	SAMナイトシリーズ	VOCALOID殿堂入り	VOCALOID-EUROBEAT	VOCALOID伝説入り直前	永遠に評価されるべき	お前らのおっ母で見えない
sm23021033	【GUMI】 ムラサキの空 【オリジナル曲】	2014-03-05T19:00:00+09:00	36613132		https://nicovideo.cdn.nimg.jp/thumbnails/23021033/23021033	103278	3080	42	2221	242	VOCALOID	GUMIオリジナル曲	Elm	ムラサキの空	もぐも	GUMI	VOCALOID殿堂入り	JOYSOUND配信中	マイリス巡回推奨	Elm街のジェイソン	
sm13203183	【初音ミク】モノクロスロード【オリジナル曲PV付き】	2011-01-03T05:37:26+09:00	18398957		https://nicovideo.cdn.nimg.jp/thumbnails/13203183/13203183	293765	12094	79	4652	223	VOCALOID	アリエP	初音ミク	ミクオリジナル曲	モノクロスロード	VOCALOID殿堂入り	モゲラッタ	DAM&JOY配信中	VOCALOID-PV	ゴム	マイリス巡回推奨
sm14934781	【初音ミク】「ヤリたいの。」【オリジナルPV】	2011-07-05T19:49:15+09:00	1251631		https://nicovideo.cdn.nimg.jp/thumbnails/14934781/14934781	317552	9173	46	18434	256	VOCALOID	初音ミク	ミクオリジナル曲	「ヤリたいの。」	ヘッドホン推奨	VOCALOID殿堂入り	釣られてよかった	用意したティッシュで涙を拭いた	タイトルホイホイ	ぼいじゃあ	
sm25525726	ヤンキーとぼく ～人格形成ニ難アリ～ / 重音テト	2015-02-08T15:30:00+09:00	28681600		https://nicovideo.cdn.nimg.jp/thumbnails/25525726/25525726	165831	1949	473	970	146	VOCALOID	UTAU	重音テト	薄塩指数	Torero(ケツ乃風P)	ヤンキーとぼく~人格形成ニ難アリ~	UTAUオリジナル曲	テトオリジナル曲	センチメンタルリンゴP	おれらのうた	UTAU殿堂入り
sm18205680	[GUMI] ユーレイ / TOKOTOKO（西沢さんP）	2012-06-27T20:00:02+09:00	11450042		https://nicovideo.cdn.nimg.jp/thumbnails/18205680/18205680	338396	10757	187	4253	268	VOCALOID	西沢さんP	べて（絵師）	かごめP	ユーレイ	GUMI	GUMIオリジナル曲	VOCALOID殿堂入り	GUMI誕生祭2012	クールなGUMIうた	VOCAROCK
sm30803352	【MMDヒロアカ】幼馴染×ユクエシレズ【モデル配布】	2017-03-11T21:55:00+09:00	16752263		https://nicovideo.cdn.nimg.jp/thumbnails/30803352/30803352	98478	3340	329	913	282	その他	MikuMikuDance	MMDヒロアカ	MHA幼馴染	緑谷出久	爆豪勝己	僕のヒーローアカデミア	ユクエシレズ	MMDモデル配布あり		
sm7862914	【巡音ルカ】ラ・ピュセル【オリジナル曲】	2009-08-07T08:08:29+09:00	4632758		https://nicovideo.cdn.nimg.jp/thumbnails/7862914/7862914	218852	8239	70	4531	265	Dios/シグナルP	ルカオリジナル曲	VOCALOID	巡音ルカ	ラ・ピュセル	VOCALOID殿堂入り	VOCALOID戦場入り	巡音ルカ名曲リンク	DAM&JOY配信中	DEBUTANTE4収録楽曲リンク	
sm28929186	DECO*27 - ライアーダンス feat. 初音ミク	2016-05-27T19:00:00+09:00	811012		https://nicovideo.cdn.nimg.jp/thumbnails/28929186/28929186	4083023	29520	4151	19819	215	VOCALOID	初音ミク	DECO*27	八三	ミクオリジナル曲	ライアーダンス	『GHOST』収録曲	VOCALOID伝説入り	初音ミク名曲リンク	DAM&JOY配信中	マイリス巡回推奨
sm12717745	【初音ミク】レイニーガール【オリジナル】	2010-11-11T20:01:12+09:00	8785358		https://nicovideo.cdn.nimg.jp/thumbnails/12717745/12717745	133878	4193	39	1628	247	VOCALOID	初音ミク	ミクオリジナル曲	すこっぷ	まつとり	レイニーガール	VOCALOID殿堂入り	DAM&JOY配信中	vocaloid梅雨入り	初音ミク名曲リンク	
sm25848073	レトルトアイロニー／スズム feat.鏡音レン	2015-03-22T18:00:00+09:00	8904219		https://nicovideo.cdn.nimg.jp/thumbnails/25848073/25848073	318719	5137	229	4756	237	VOCALOID	スズム	Aちき	みず希	yasu	鏡音レン	レンオリジナル曲	VOCALOID殿堂入り	おればななp	レトルトアイロニー	
sm35231961	ロヒプノール / 楽園市街＋初音ミク	2019-06-07T19:45:02+09:00	88748483		https://nicovideo.cdn.nimg.jp/thumbnails/35231961/35231961.46256015	178664	1101	566	220	248	VOCALOID	初音ミク	ロヒプノール	楽園市街	ミクオリジナル曲	お洒落なミクうた	きなりみほ	VOCALOID殿堂入り	joysound配信中		
sm11190419	ロンリーガールにローリンガールまぜた	2010-06-26T16:12:06+09:00	6760763		https://nicovideo.cdn.nimg.jp/thumbnails/11190419/11190419	426563	12998	99	7576	243	VOCALOID	ローリンガール	エコノミー症候群	ロンリーガール(夕焼けP)	MikuMikuDance	マッシュアップ	混ぜるな自然	VOCAMASH	独りぼっちの回転少女	違和感仕事しろ	初音ミク
sm13845301	M9.0の地震でもゲームはやめないぜ！	2011-03-12T15:16:06+09:00	2628542		https://nicovideo.cdn.nimg.jp/thumbnails/13845301/13845301	2426577	31632	930	63071	196	ゲーム	でもFPSやめれないんだけどwww	東北地方太平洋沖地震	東日本大震災	地震発生時	淑女の社交場	サドンアタック	カウンターストライクオンライン	CSO	CS:GO	バトルフィールド：バッドカンパニー
sm14022639	【重音テト】13's MeMory【UTAUカバー】	2011-04-01T01:34:22+09:00	10599069		https://nicovideo.cdn.nimg.jp/thumbnails/14022639/14022639	461	4	1	5	306	音楽	VOCALOID→UTAUカバー曲	13's_MeMory	重音テト	UTAU	31's_MeMory	重音テト誕生祭	重音テトカバー曲			
sm6091554	東方紅魔郷Ultraモード　2周目突入　Stage1～4	2009-02-09T05:32:48+09:00	120398		https://nicovideo.cdn.nimg.jp/thumbnails/6091554/6091554	8887955	150941	298	113957	1000	ゲーム	東方	当たらなければどうということはない	驚きの白さ	東方紅魔郷	若者の人間離れ	人間卒業試験	東方変態避	ね？簡単でしょう？		
sm25950855	【鏡音リン・レン】4月44日【オリジナルMV】	2015-04-04T16:44:00+09:00	22711505		https://nicovideo.cdn.nimg.jp/thumbnails/25950855/25950855	231829	2032	70	1032	238	VOCALOID	Diarays	忘却日記	4月44日	VOCALOID実写PV	鏡音オリジナル曲	投稿時間に愛を感じる	VOCALOID殿堂入り	VOCALOIDデュエット曲	コウ(ボカロp)	鏡音リン・レン
sm1050729	【初音ミク】恋スルVOC@LOID （修正版）【オリジナル曲】	2007-09-13T19:56:04+09:00	308936		https://nicovideo.cdn.nimg.jp/thumbnails/1050729/1050729	2332842	47262	1836	73669	299	音楽	初音ミク	恋スルVOC@LOID	OSTER_project	ふたなりP	VOCALOID	VOCALOID伝説入り	DAM&JOY配信中	ミクオリジナル曲	VOCALOIDイメージソング	奇跡の空耳
sm23328696	【ニコニコラボ】Blessing【SINGERS ver.A】	2014-04-14T18:00:00+09:00	4438887		https://nicovideo.cdn.nimg.jp/thumbnails/23328696/23328696	10941101	161880	7553	481396	271	歌ってみた	Blessing	ニコニコラボ	ニコニコインディーズ	ニコニコインディーズ神話入り	歌ってみた神話入り					
sm34915842	A rainy dancer/ 初音ミク	2019-04-05T19:57:18+09:00	79470667		https://nicovideo.cdn.nimg.jp/thumbnails/34915842/34915842.75002	127106	1182	736	341	280	VOCALOID	A_rainy_dancer	初音ミク	r-906	ミクオリジナル曲	ミクノポップ	VOCALOID梅雨入り	夜のうた	お洒落なミクうた	VOCALOID殿堂入り	ミニマルなぼかうた
so40804461	AKUMA！/ SOLARIA	2022-07-28T18:00:00+09:00		2648319	https://nicovideo.cdn.nimg.jp/thumbnails/40804461/40804461.32188354	110724	889	2158	442	154	VOCALOID	SOLARIA	Solariaオリジナル曲	synthesizerV	無色透名祭	SynthesizerVオリジナル曲	AKUMA！	VOCAROCK	VOCALOID外国語曲リンク	SynthesizerV殿堂入り	
sm4259498	仮面ライダー龍騎　【Alive A Life】	2008-08-11T23:34:47+09:00	7241019		https://nicovideo.cdn.nimg.jp/thumbnails/4259498/4259498	1195424	10385	471	8274	261	音楽	仮面ライダー龍騎	Alive_A_life	松本梨香	特撮ソングfull	戦わなければ生き残れない!	集団遺影				
sm33250247	「ANIMAる」 ver. EVO+ Mes	2018-05-23T19:30:00+09:00	3537176		https://nicovideo.cdn.nimg.jp/thumbnails/33250247/33250247	2024769	9205	1142	1283	194	歌ってみた	ANIMAる	EVO+	Mes(歌い手)	梅とら	ギガP					
sm6137564	【高音質版】Puddle of Mudd - Blurry	2009-02-13T20:02:13+09:00	10973935		https://nicovideo.cdn.nimg.jp/thumbnails/6137564/6137564	576408	11854	190	2090	304	音楽	Blurry	Puddle_Of_Mudd	Badday	ゲーム	エースコンバット5	ヘッドオン推奨	コメント<マイリスト	ハーフミリオン	作業妨害用ECM	
sm15212185	【初音ミク】BRIGHT RAiN -Another mix.-【3DPV】	2011-08-04T20:22:28+09:00	1508346		https://nicovideo.cdn.nimg.jp/thumbnails/15212185/15212185	240475	12526	178	10035	298	VOCALOID	ニョホホ	BRIGHT_RAiN	ラヴリーP	VOCALOID-PV殿堂入り	涙腺崩壊	初音ミク	ミクオリジナル曲	ココアシガレット	初音ミク名曲リンク	SLT
sm36888200	デレステ「不埒なCANVAS」MV(ドットバイドット1080p60)	2020-05-19T18:50:03+09:00	18472976		https://nicovideo.cdn.nimg.jp/thumbnails/36888200/36888200.45997758	300338	1876	504	1454	123	アイドルマスター	アイドルマスター_シンデレラガールズ	デレステ	デレステMV	不埒なCANVAS	ドットバイドット	輿水幸子	塩見周子	相葉夕美	好きなだけ相葉夕美	烏屋茶房
sm3335060	【鏡音リン】CHU！して！【オリジナル曲】	2008-05-17T01:58:44+09:00	4632758		https://nicovideo.cdn.nimg.jp/thumbnails/3335060/3335060	379994	6931	102	12856	242	鏡音リン	リンオリジナル曲	CHU！して！	Dios/シグナルP	VOCALOID	DAM&JOY配信中	リン廃集会所	かわいいリンうた	ディスプレイの味がする	萌えリンソング	VOCALOID殿堂入り
sm5252705	【初音ミク(40㍍)】Closed Blue【オリジナル】	2008-11-15T18:23:50+09:00	3343223		https://nicovideo.cdn.nimg.jp/thumbnails/5252705/5252705	221374	5378	64	3144	302	初音ミク	ミクオリジナル曲	Closed_Blue	40㍍P	VOCALOID	VOCALOID殿堂入り	初音ミク名曲リンク	初音ミクオシリアル曲	シリアル		
sm18382294	【ボカロ8人】Crazy ∞ nighT【オリジナル】	2012-07-18T19:17:43+09:00	3397653		https://nicovideo.cdn.nimg.jp/thumbnails/18382294/18382294	3473182	56146	2680	44748	207	VOCALOID	ひとしずくP	やま△	鈴ノ助	TSO(とさお)	VOCALOIDオールスター	Crazy_∞_nighT	VOCALOID伝説入り	DAM&JOY配信中		
nm7221150	巡音ルカオリジナル曲・Crystalline	2009-06-01T21:37:35+09:00	963044		https://nicovideo.cdn.nimg.jp/thumbnails/7221150/7221150	143526	5908	58	1889	280	VOCALOID	巡音ルカ	ルカオリジナル曲	SeikoP	架空言語	Crystalline	巡音幻想曲	伝説のルカマスター	VOCALOID殿堂入り	巡音ルカ名曲リンク	VOCALOID民族調曲
sm20938250	【合唱コン】Devil's way【三代目Internet Karaoke Woman's】	2013-05-23T20:35:43+09:00	16209980		https://nicovideo.cdn.nimg.jp/thumbnails/20938250/20938250	1025	18	0	15	258	歌ってみた	シングリンク	第4回合唱コンクール2013	合唱コン4-スモールファイナル	三代目Internet_Karaoke_Woman's	Devil’s_Way					
sm19850000	「dialogue」(MV) - KEI feat.初音ミク	2013-01-17T19:00:25+09:00	334765		https://nicovideo.cdn.nimg.jp/thumbnails/19850000/19850000	166733	4947	112	1847	300	VOCALOID	dialogue	小嶋貴之	ハヤシケイ/KEI	初音ミク	ミクオリジナル曲	VOCALOID殿堂入り	「dialogue」収録曲	DAM&JOY配信中	VOCALOID実写PV	vocarock
sm2720588	たぶん高音質版 escape	2008-03-20T23:28:32+09:00	5527617		https://nicovideo.cdn.nimg.jp/thumbnails/2720588/2720588	1165719	12372	301	3195	287	音楽	白詰草話	Littlewitch	reset	エロゲソングfull	2002年					
sm24438970	【ボカロ8人】EveR ∞ LastinG ∞ NighT 【オリジナル】	2014-09-11T20:00:00+09:00	3397653		https://nicovideo.cdn.nimg.jp/thumbnails/24438970/24438970	2825379	32167	2982	42811	328	VOCALOID	ひとしずくP	やま△	鈴ノ助	TSO(とさお)	VAVA(ヴァヴァ)	EveR_∞_LastinG_∞_NighT	VOCALOIDオールスター	VOCALOIDオリジナル曲	VOCALOID伝説入り	ハロウィン曲
sm34608192	【初音ミク】Faded Love【ミクオリジナル曲】	2019-02-10T20:00:00+09:00	45838074		https://nicovideo.cdn.nimg.jp/thumbnails/34608192/34608192.2158	86388	1116	171	1365	226	VOCALOID	初音ミク	ミクオリジナル曲	ボカロバラード	初音ミクオリジナル曲	恋するミクうた	切ないミクうた	vocar&b	ピアノミク	初音ミクsweet	VOCALOID冬曲
sm12635246	【MEIKOオリジナル曲】 Fairy-taled 【2.5D PV】	2010-11-03T18:01:34+09:00	527473		https://nicovideo.cdn.nimg.jp/thumbnails/12635246/12635246	726375	15860	438	6369	270	VOCALOID	MEIKO	yuukiss	Yumiko	MEIKO生誕祭2010	VOCALOID殿堂入り	Fairy-taled	MEIKO名曲リンク	MEIKOオリジナル曲	神調教	VOCALOID実写PV
sm26689748	【IA】Galaxy Night 【オリジナル】	2015-07-12T17:00:00+09:00	8595554		https://nicovideo.cdn.nimg.jp/thumbnails/26689748/26689748	298761	2425	172	841	249	VOCALOID	spacelectro	EDM	クラブで使えるボカロ曲リンク	VOCALOEDM	VOCALOID殿堂入り	Galaxy_Night	あおまふ	IAオリジナル曲	ちくわさび	IA_-ARIA_ON_THE_PLANETES-
sm31692792	【琴葉茜・琴葉葵】 Gene Link 【あおいのためにウチはやる支援楽曲】	2017-08-05T12:58:30+09:00	20501520		https://nicovideo.cdn.nimg.jp/thumbnails/31692792/31692792	578538	2621	454	414	300	音楽	歌うボイスロイド	VOICEROID+_琴葉_茜・葵	KotonoSync	あおいのためにウチはやる	琴葉姉妹ファンのダークサイド	Gene_Link	VOICEROID殿堂入り	茜・葵オリジナル曲	VOICEROIDオリジナル曲	
nm6271514	【巡音ルカ】 graduation 【オリジナル】	2009-02-26T17:15:13+09:00	2566558		https://nicovideo.cdn.nimg.jp/thumbnails/6271514/6271514	140504	4464	28	2124	254	巡音ルカ	otetsu	ルカオリジナル曲	英語に弱いうｐ主	伝説のルカマスター	巡音激奏曲	ROY	DAM&JOY配信中	graduation	VOCALOID殿堂入り	VOCALOID
sm1264872	【みゆき】 想い出がいっぱい 【H2O】	2007-10-13T03:25:16+09:00	2692991		https://nicovideo.cdn.nimg.jp/thumbnails/1264872/1264872	167702	2780	64	1261	239	アニメ	みゆき	あだち充	アニメED	想い出がいっぱい	探していたあの曲	H2O	アニソンfull	あそびあそばせ		
sm35644733	やったぜ。　投稿者：変態糞HANABI	2019-09-06T16:09:01+09:00	67608845		https://nicovideo.cdn.nimg.jp/thumbnails/35644733/35644733.61390511	492524	4082	2418	5709	347	例のアレ	変態糞親父	変態糞朗読シリーズ	ドバチル	変態糞土方	変態糞歌唱シリーズ	HOMOBI	見る抗うつ剤	HANABI	ライブアレンジ	COAT・ブリュー_-ドカターヘリ緊急浣腸-
sm15485233	【HoI2】第二次世界大戦の主役は我々だ！part1【ゆっくり実況】	2011-09-01T22:22:36+09:00	10414349		https://nicovideo.cdn.nimg.jp/thumbnails/15485233/15485233	2237944	15007	3265	41800	1227	ゲーム	ゆっくり実況プレイ	HOI2	第二次世界大戦の主役は我々だ！	○○の主役は我々だ!	よろしい、ならば戦争だ	復讐の電撃戦	ゆっクリーク	赤いニコニコ動画	褐色のニコニコ動画	伝説の始まり
sm19940309	I wanna be the 琴浦さん	2013-01-28T18:28:08+09:00	431138		https://nicovideo.cdn.nimg.jp/thumbnails/19940309/19940309	343315	6246	32	5072	82	アニメ	琴浦さん	琴浦さんMAD	世界の新着動画完走組	I_wanna_be_the_guy	アイワナMADリンク	衝撃のラスト	笑撃のラスト	その発想はなかった	予測不能回避不可能	Anotherなら死んでた
sm18135458	【ピンキー!　】　I　 ♥　を踊ってみた	2012-06-19T06:27:38+09:00	17731335		https://nicovideo.cdn.nimg.jp/thumbnails/18135458/18135458	490155	13195	44	6321	227	踊ってみた	ピンキー!	I♥(Junky)	藤咲彩音	XF団4号	でんぱ組.inc					
sm5463116	鏡音レン・初音ミクオリジナル曲　Invisible Tears（完成版）	2008-12-06T10:55:32+09:00	1809435		https://nicovideo.cdn.nimg.jp/thumbnails/5463116/5463116	126930	3378	80	1063	184	鏡音レン	初音ミク	レンオリジナル曲	ミクオリジナル曲	tysP	Invisible_Tears	ミク＆レンリンク	VOCALOID殿堂入り	VOCALOID	ボカロラップ	DAM&JOY配信中
sm24422647	【Lily】LAST SNOW～氷空～【おりじなる】	2014-09-08T10:01:00+09:00	14378590		https://nicovideo.cdn.nimg.jp/thumbnails/24422647/24422647	54431	4277	6	1223	284	VOCALOID	Lily	Lilyオリジナル曲	クンカクンカP	ボカロバラード	VOCALOID空想童話曲リンク	VOCAROCK	Lily名曲リンク	V3Lily	LAST_SNOW～氷空～	VOCALOID-PV
sm6138759	【第2回MMD杯本選】オリジナル曲「Let's Dance Now !」【初音ミク】	2009-02-13T21:34:59+09:00	17106		https://nicovideo.cdn.nimg.jp/thumbnails/6138759/6138759	252916	8969	120	3857	260	音楽	第2回MMD杯本選	MMD杯2本-2	MikuMikuDance	ストリークP	MMD杯公式ソング	Let's_Dance_Now_!	VOCALOID殿堂入り	VOCALOID	ミクオリジナル曲	初音ミク
sm7482275	GUMIオリジナル「Liberty Heart」	2009-06-29T07:08:37+09:00	144833		https://nicovideo.cdn.nimg.jp/thumbnails/7482275/7482275	116794	3654	28	1911	239	音楽	ぺぺろんP	GUMIオリジナル曲	Megpoid歌わせてみた祭	Liberty_Heart	GUMI	御厨わた	VOCALOID	新人教育に定評のあるぺぺろんP	VOCALOID殿堂入り	12STARS
sm19315653	【IA】LIVEDRIVE【オリジナルPV】	2012-11-09T21:00:21+09:00	15872264		https://nicovideo.cdn.nimg.jp/thumbnails/19315653/19315653	360327	8867	121	8307	81	VOCALOID	じん（自然の敵P）	LIVEDRIVE	IA_-ARIA_ON_THE_PLANETES-	IAオリジナル曲	SC430	VOCALOID殿堂入り	superGT	IA_SUPER_BEST収録曲	SARD	VOCALOID実写PV
sm7517638	【初音ミク・3DPV】machine muzik	2009-07-03T04:59:23+09:00	3534013		https://nicovideo.cdn.nimg.jp/thumbnails/7517638/7517638	331141	7393	86	12013	280	VOCALOID-PV	machine_muzik	Deino	音楽	骸音シーエ	VOCALOID-PV殿堂入り	VOCALOID3D化計画	vocaloid	鼎沙耶	珪素生物	CELICA
sm13422411	Lilyオリジナル曲　『Marie-Luise』	2011-01-27T20:22:24+09:00	1166507		https://nicovideo.cdn.nimg.jp/thumbnails/13422411/13422411	256702	7086	142	5004	259	VOCALOID	Lily	Lilyオリジナル曲	seleP	Marie-Luise	VOCALOID殿堂入り	ヤンデロイド	ヤンデレ好きに定評のあるうp主	優木きら		
sm5213714	【御伽の国の鬼が島～Missing Power 】 ピアノとvocalの為の萃香八番～孤独	2008-11-11T12:11:05+09:00	759948		https://nicovideo.cdn.nimg.jp/thumbnails/5213714/5213714	1318479	16103	90	8513	323	東方	森羅万象	御伽の国の鬼が島	スキマツアー	LizTriangle	東方ヴォーカル	東方アレンジ	御伽の国の鬼が島_~_missing_power			
sm35979548	YOASOBI「夜に駆ける」 Official Music Video	2019-11-20T19:00:00+09:00	86488427		https://nicovideo.cdn.nimg.jp/thumbnails/35979548/35979548.13912246	12483860	61961	21026	137779	275	音楽	ニコニコインディーズ	YOASOBI	夜に駆ける	Ayase	ikura	DAM&JOY配信中	NNIオリジナル曲	ニコニコインディーズ神話入り	公式MV	hiF
sm19177878	初音ミク「New Worlds God」【オリジナル曲】	2012-10-22T12:12:51+09:00	2476652		https://nicovideo.cdn.nimg.jp/thumbnails/19177878/19177878	126231	5748	115	1646	278	VOCALOID	New_Worlds_God	samfree	夜露イルカ	ミクオリジナル曲	VOCAROCK	爽やかなミクうた	ききいるミクうた	初音ミク名曲リンク	VOCALOID殿堂入り	
sm35330168	【コトノポップ】POP ENTRANCE / いるかアイス feat. 琴葉茜【オリジナル】	2019-06-29T17:00:11+09:00	25451746		https://nicovideo.cdn.nimg.jp/thumbnails/35330168/35330168.12406890	43129	591	197	247	221	コトノポップ	VOICEROID	琴葉茜	歌うボイスロイド	いるかアイス	VOICEROIDオリジナル曲	茜・葵オリジナル曲	キラキラポップ	音楽	VOCALOID	
sm41007053	【MMD】Primary Star【モデル配布】	2022-08-31T00:01:03+09:00	28706754		https://nicovideo.cdn.nimg.jp/thumbnails/41007053/41007053.22071870	108121	1004	14645	735	251	mmdモデル配布あり	初音ミク	yyb式初音ミク	初音ミクnt	初音ミク誕生祭2022	MMD	primary_star	primary_star(reno)	MMDユーザーモデル(初音ミク関連)	目標3939体	MikuMikuDance
sm7559003	Pygmalion / ウタP feat.鏡音レン・巡音ルカ	2009-07-07T00:00:52+09:00	202651		https://nicovideo.cdn.nimg.jp/thumbnails/7559003/7559003	267873	10760	117	4697	230	ウタP	VOCALOID	VOCALOID民族調曲	Pygmalion	VOCALOID殿堂入り	ギリシャ神話	民族音楽	巡音ルカ	鏡音レン	VOCALOIDオリジナル曲	ルカ&レンリンク
sm24789006	R.O.C.K.E.T　うたった【SymaG】	2014-10-28T20:29:06+09:00	23420636		https://nicovideo.cdn.nimg.jp/thumbnails/24789006/24789006	1829488	18651	190	4158	228	歌ってみた	R.O.C.K.E.T	島爺	SymaG	全米が老けた	R.O.U.Z.I.N					
sm6991380	鏡音リンアレンジ曲「Seeker Rin ver.」	2009-05-09T06:00:06+09:00	144833		https://nicovideo.cdn.nimg.jp/thumbnails/6991380/6991380	218987	7399	44	3237	225	音楽	ぺぺろんＰ	No.D	鏡音リン	NEGI	イケリン	Seeker	VOCALOID	VOCALOID殿堂入り		
sm7934836	【第3回MMD杯本選】 SET FREE 【PV】	2009-08-14T21:02:30+09:00	5208030		https://nicovideo.cdn.nimg.jp/thumbnails/7934836/7934836	106404	4631	18	2502	221	第3回MMD杯本選	MMD杯3本-2	音楽	M2gzb	MikuMikuDance	SET_FREE	MMD-PV	VOCALOID	MikuMikuDance殿堂入り		
so15151562	『セブンスドラゴン２０２０』 主題歌 「SeventH-HeaveN」	2011-07-29T15:30:00+09:00		5029	https://nicovideo.cdn.nimg.jp/thumbnails/15151562/15151562	278130	3987	51	1818	95	ゲーム	SEGA	セガ	家庭用ゲーム	PSP	小玉理恵子	新納一哉	古代祐三	セブンスドラゴン	sasakure.UK	SeventH-HeaveN
sm39316847	Sheepret! / 音街ウナ	2021-09-11T19:00:00+09:00	11450042		https://nicovideo.cdn.nimg.jp/thumbnails/39316847/39316847.21542287	185282	702	801	426	174	VOCALOID	voiceroid2_音街ウナ	音街ウナ	西沢さんP	Sheepret!	ウナオリジナル曲	純頃	べて(絵師)	樋口幸佑	友達募集P	VOCALOID殿堂入り
sm18857288	【鏡音リン】 ソレイユ -Soleil- 【オリジナル曲】	2012-09-11T20:04:42+09:00	1446360		https://nicovideo.cdn.nimg.jp/thumbnails/18857288/18857288	414928	11845	277	6782	230	VOCALOID	鏡音リン	トラボルタP	CHRIS	VOCALOID民族調曲	リンオリジナル曲	鏡音リン名曲リンク	伝説のRINマスター	VOCALOID殿堂入り	ソレイユ	
sm11646891	「sound,word,heart,world」【初音ミクオリジナルPV】	2010-08-06T02:12:52+09:00	7550057		https://nicovideo.cdn.nimg.jp/thumbnails/11646891/11646891	169983	6625	75	3900	212	VOCALOID	KulfiQ	Haq	矛盾（絵師）	sound,word,heart,world	初音ミク	初音ミク名曲リンク	VOCALOID殿堂入り	ミクオリジナル曲	VOCALOIDイメージソング	
sm32898831	spray／初音ミク	2018-03-17T18:00:00+09:00	19820059		https://nicovideo.cdn.nimg.jp/thumbnails/32898831/32898831	460990	2195	304	1246	203	VOCALOID	有機酸	東洋医学	spray(有機酸)	初音ミク	ミクオリジナル曲	VOCALOID殿堂入り	DAM&JOY配信中	vocaloid春曲		
sm22012769	【PV】ナノ(nano) feat. MY FIRST STORY - SAVIOR OF SONG	2013-10-10T21:50:00+09:00	5447837		https://nicovideo.cdn.nimg.jp/thumbnails/22012769/22012769	3939843	61886	747	17093	251	音楽	蒼き鋼のアルペジオ	SAVIOR_OF_SONG	ナノ(歌い手)	MY_FIRST_STORY	アニソンfull	ニコニコインディーズ	ニコニコインディーズ伝説入り			
sm18972319	【巡音ルカ】 Story of Hope 【オリジナル】	2012-09-25T19:51:55+09:00	4283869		https://nicovideo.cdn.nimg.jp/thumbnails/18972319/18972319	190168	6427	107	1952	221	VOCALOID	ゆよゆっぺ	巡音ルカ	meola	Draw_the_Emotional	Story_of_Hope	ルカオリジナル曲	VOCAROCK	DAM&JOY配信中	巡音ルカ名曲リンク	VOCALOID殿堂入り
sm19618454	Synchronicity～第三章 巡る世界のレクイエム～	2012-12-19T19:55:00+09:00	3397653		https://nicovideo.cdn.nimg.jp/thumbnails/19618454/19618454	642804	15772	311	13931	243	VOCALOID	鈴ノ助	ひとしずくP	やま△	TSO(とさお)	VAVA	VOCALOID殿堂入り	Synchronicity～巡る世界のレクイエム～	EndlessroLL収録曲	物語音楽	鏡音リン・レン
sm9047689	Synchronicity～第二章　光と影の楽園～	2009-12-09T23:15:15+09:00	3397653		https://nicovideo.cdn.nimg.jp/thumbnails/9047689/9047689	992638	29631	314	59375	325	VOCALOID	VOCALOID-PV	鈴ノ助	ひとしずくP	やま△	synchronicity~第二章_光と影の楽園~	Synchronicity～巡る世界のレクイエム～	鏡音オリジナル曲	鏡音リン・レン	VOCALOID殿堂入り	VOCALOID伝説入り直前
sm2912692	true tearsオープニング「リフレクティア」高音質	2008-04-06T13:34:00+09:00	726111		https://nicovideo.cdn.nimg.jp/thumbnails/2912692/2912692	622047	12541	76	4371	290	アニメ	リフレクティア	eufonius	riya	true_tears	アニソンfull	菊地創	音楽	耳勝負		
sm26922537	【東方VOCAL】to be or not to be [U.N.オーエンは彼女なのか？] Spacelectro feat.りあ	2015-08-13T19:00:00+09:00	8595554		https://nicovideo.cdn.nimg.jp/thumbnails/26922537/26922537	521198	2997	48	802	255	東方	東方自作アレンジ	Spacelectro	東方ヴォーカル	U.N.オーエンは彼女なのか？	東方EDM	EDM	Big_room_house	さらに評価されるべき		
sm20629168	【初音ミク】Twinkle Days【オリジナル曲PV】	2013-04-17T17:00:00+09:00	101303		https://nicovideo.cdn.nimg.jp/thumbnails/20629168/20629168	238869	7040	343	2160	282	VOCALOID	19's_Sound_Factory	456(絵師)	スイーツ(笑)P	Twinkle_Days	VOCALOID殿堂入り	ミクオリジナル曲	初音ミク	「キミとボク、まわるセカイ。」収録曲	VOCALOID宇宙派	ミクノポップ
sm27248003	【ミク・リン・ルカ】WASSHOI～俺達の考える最強の祭ソング～	2015-09-27T21:15:38+09:00	15104449		https://nicovideo.cdn.nimg.jp/thumbnails/27248003/27248003	85394	2039	76	1303	258	VOCALOID	八王子P	ゆよゆっぺ	めろちん	初音ミク	鏡音リン	巡音ルカ	VOCALOIDオリジナル曲	WASSHOI～俺達の考える最強の祭ソング～	VOCALOEDM	
sm34592421	初音ミク「Whatever Race」MV	2019-02-07T21:00:00+09:00	37763315		https://nicovideo.cdn.nimg.jp/thumbnails/34592421/34592421.77555	22226	466	41	246	266	VOCALOID	PIPPO	初音ミク	Whatever_Race	ミクオリジナル曲	爽やかなミクうた	MikuPOP	VOCAROCK			
sm7115526	【こまん】You and beautiful world【ゆよゆっぺ】	2009-05-22T02:14:57+09:00	4283869		https://nicovideo.cdn.nimg.jp/thumbnails/7115526/7115526	228932	6799	102	2475	318	音楽	こまん	You_and_beautiful_world	ゆよゆっぺ	VOCALOID	ルカオリジナル曲	巡音ルカ	meola	VOCALOID殿堂入り	巡音ルカ名曲リンク	伝説のルカマスター
sm19134940	【初音ミク】「Youthful Finder」【オリジナル】	2012-10-16T21:06:53+09:00	865371		https://nicovideo.cdn.nimg.jp/thumbnails/19134940/19134940	205244	5842	168	2801	270	VOCALOID	初音ミク	電ポルP	Youthful_Finder	ミクオリジナル曲	初音ミク名曲リンク	VOCALOID殿堂入り	爽やかなミクうた	koyori	DAM&JOY配信中	VOCALOID防湿庫入り
sm851714	ECHOES～エコーズ～　ZOO	2007-08-16T09:28:30+09:00	22147		https://nicovideo.cdn.nimg.jp/thumbnails/851714/851714	155120	3228	27	600	325	音楽	ECHOES	辻仁成	愛をください	ドラマ主題歌	ZOO	邦楽名曲集	PV	はいすくーる落書		
sm13916425	グレートありがとウサギ	2011-03-21T13:34:57+09:00	12743552		https://nicovideo.cdn.nimg.jp/thumbnails/13916425/13916425	5321273	75917	1557	60641	32	アニメ	グレートありがとウサギ	攻強皇國機甲								
nm14068363	【オリジナル曲】いたいあたしあしたあいたい【初音ミク】	2011-04-05T02:56:50+09:00	14988884		https://nicovideo.cdn.nimg.jp/thumbnails/14068363/14068363	390534	11243	273	36577	227	VOCALOID	竹輪P	VOCALOID殿堂入り	一時停止推奨	止めても動く	VOCALOID幻想狂気曲リンク	こっちみんな	いたいあたしあしたあいたい	整備士何やってんだよ	2:52	旧配信システム完全終了
sm43306312	いろはうた / 結月ゆかり ( 純, 凛, 穏, 麗, 雫, 凪 )	2024-02-22T19:00:00+09:00	128494451		https://nicovideo.cdn.nimg.jp/thumbnails/43306312/43306312.48459226	49936	1002	2191	730	196	ボカコレ2024冬ルーキー参加曲	結月ゆかり	歌踊コレok	VOCALOID	ゆかりオリジナル曲	結月ゆかり_雫	結月ゆかり_凪	VOCALOID視覚芸術展	いろはうた(背面８回宙返り)	結月ゆかりオリジナル曲	VOCALOIDイメージソング
sm22349544	【鏡音リン・レン】おこちゃま戦争【オリジナル】	2013-11-29T19:00:00+09:00	4845576		https://nicovideo.cdn.nimg.jp/thumbnails/22349544/22349544	3770798	53189	5685	67078	213	VOCALOID	おこちゃま戦争	ギガＰ	れをる	鏡音リン	鏡音レン	鏡音オリジナル曲	VOCALOID伝説入り	DAM&JOY配信中	マイリス巡回推奨	
sm28871146	【初音ミク】おれの闘病日記【オリジナルPV】【VTR】	2016-05-19T18:21:01+09:00	881392		https://nicovideo.cdn.nimg.jp/thumbnails/28871146/28871146	62179	1380	518	1280	420	初音ミク	大丈夫P	VOCALOID	ミクオリジナル曲	VOCALOID実写PV	VOCALOID病棟入り	VOCALOIDと歌ってみた	感性の反乱β	謎の疾走感	微グロ注意	作者は病気シリーズ
sm6107122	【童謡ホラー】　かこめかこめ　【巡音ルカ、初音ミクオリジナル曲】	2009-02-10T22:01:46+09:00	391234		https://nicovideo.cdn.nimg.jp/thumbnails/6107122/6107122	550973	11256	448	56880	330	ざわざわP	菩薩Ｐ教え子リンク	ミクオリジナル曲	VOCALOID殿堂入り	VOCALOID幻想狂気曲リンク	VOCALOID和風曲	ミク&ルカリンク	VOCALOID	かこめかこめ	マッドサイエンティスト	欠損
sm38014902	かるみあどーるず/鳴花ミコト	2020-12-25T19:05:00+09:00	91010630		https://nicovideo.cdn.nimg.jp/thumbnails/38014902/38014902.89438027	320945	1686	2230	823	180	VOCALOID	VOCALOIDオリジナル曲	とりぴよ(ボカロp)	るねつき	鳴花ミコト	鳴花ヒメ	かるみあどーるず	鳴花オリジナル曲	VOCALOID殿堂入り	xx兄貴リスペクト	界隈曲
sm27916325	【初音ミク】がらくたの僕に【オリジナル曲PV】	2015-12-31T23:06:00+09:00	45293615		https://nicovideo.cdn.nimg.jp/thumbnails/27916325/27916325.82741922	60665	1607	54	576	300	VOCALOID	初音ミク	がらくたの僕に	rik	VOCAROCK	良調教	ミクオリジナル曲	VOCALOIDイメージソング	DAM配信中	ハヤブサ(Falconnect)	もっと評価されるべき
sm36883084	MV「こわいものがみたい」 / GUMI	2020-05-18T19:12:00+09:00	21206545		https://nicovideo.cdn.nimg.jp/thumbnails/36883084/36883084.86240536	117004	1338	468	879	196	VOCALOID	VOCALOIDオリジナル曲	GUMI	シャノン	こわいものがみたい	GUMIオリジナル曲	VOCALOID-PV	VOCALOID殿堂入り	VOCALOID視覚芸術展	ボカロP自作アニメーションMVリンク	VOCALOID幻想狂気曲リンク
sm14699723	【初音ミク】さよならワンウェイハート【オリジナル】	2011-06-10T02:44:16+09:00	989911		https://nicovideo.cdn.nimg.jp/thumbnails/14699723/14699723	208067	5801	180	2271	242	VOCALOID	さよならワンウェイハート	初音ミク	daniwellP	ミクオリジナル曲	VOCAROCK	VOCALOID殿堂入り	ヘッドホン推奨	DAM&JOY配信中	またおm・・・誰だお前は!?	切ないミクうた
sm5937205	【勝手にPV】しねばいいのに【っぽいもの】	2009-01-25T00:41:57+09:00	1598501		https://nicovideo.cdn.nimg.jp/thumbnails/5937205/5937205	1940029	41395	4847	263140	332	Vocaloid	しねばいいのに	逃げ切れなかったミリオン	VOCALOID-PV伝説入り	自殺防止ソング	VOCALOID-PV	どぶウサギ	俺ミク	大事なことなので39回言いました	KAITO	PVつけてみた
sm36573260	【AIきりたん】しゃーしん・ふらい【オリジナルMV】	2020-03-26T19:16:02+09:00	52310946		https://nicovideo.cdn.nimg.jp/thumbnails/36573260/36573260.68585815	24038	543	25	305	262	AIシンガーきりたん	オリジナル曲	MV	neutrinoオリジナル曲	きりたん	NEUTRINO(歌声合成エンジン)	AIきりたんオリジナル曲	手描きPV	発想の勝利	しゃーしん・ふらい	なにこれ泣ける
sm30535781	【ミクウナ】　すき…　【おまけソング】	2017-01-30T21:00:00+09:00	656109		https://nicovideo.cdn.nimg.jp/thumbnails/30535781/30535781	182035	1344	269	2328	94	VOCALOID	初音ミク	音街ウナ	初音ミクとダイナミック自演ズ	カルロス袴田(サイゼP)	すき…	JOYSOUND配信中	VOCALOID殿堂入り	ミク&ウナリンク	VOCALOIDデュエット曲	
sm27098156	【鏡音リンレン】すげえアプリ開発中【オリジナルMV/ワンオポ】	2015-09-06T19:00:00+09:00	13893300		https://nicovideo.cdn.nimg.jp/thumbnails/27098156/27098156	166137	2351	141	2380	238	VOCALOID	鏡音リン	鏡音レン	ワンダフル☆オポチュニティ！	じーざすP	グライダー絵師	鏡音オリジナル曲	Chiptune×VOCALOIDリンク	VOCALOIDデュエット曲	すげえアプリ開発中	VOCALOID殿堂入り
sm42121754	すなくじらにさよなら / 重音テト	2023-04-23T22:05:00+09:00	49661807		https://nicovideo.cdn.nimg.jp/thumbnails/42121754/42121754.26654471	67242	625	1452	208	231	VOCALOID	utauオリジナル曲	重音テト	UTAU	もっと評価されるべき	UTAU超投稿祭2023春	界隈曲	xx兄貴リスペクト	すなくじらにさよなら	ニコニコDAILY_TOPICS	ドットアニメ
sm43444228	ず　ん　だ　も　ん　は　男　の　娘　で　す	2024-02-24T16:40:03+09:00	120822636		https://nicovideo.cdn.nimg.jp/thumbnails/43444228/43444228.81491085	262136	1211	9646	15551	381	vocaloid	ボカコレ2024冬ネタ曲投稿祭参加曲	ソフトウェアトーク劇場	トークロイド	ずんだもん	voiceroid	モミアゲヲシャカアゲヲ	歌愛ユキ			
sm41989790	【小春六花AI】そんな気持ちぐらいは誰にでもあるって言われてもみんなニコニコニコニコ生きてるんだから信じらんねえよ	2023-03-26T06:44:05+09:00	56009661		https://nicovideo.cdn.nimg.jp/thumbnails/41989790/41989790.42421785	564	2	9	1	196	VOCALOID	小春六花	synthesizervカバー曲	そんな気持ちぐらいは（ｒｙ	SynthesizerV						
sm6179221	巡音ルカ「たこルカ★マグロフィーバー」	2009-02-17T11:13:32+09:00	2476652		https://nicovideo.cdn.nimg.jp/thumbnails/6179221/6179221	860130	19182	2790	16220	129	音楽	VOCALOID	巡音ルカ	たこルカ★マグロフィーバー	samfree	samナイトシリーズ	有名Pの暴走シリーズ	キャバレー巡音	VOCALOID殿堂入り	巡音ルカ迷曲リンク	たこルカ
sm34694541	【鏡音リン】だらしないまんまいきていて 【オリジナル】	2019-02-26T20:00:00+09:00	35275687		https://nicovideo.cdn.nimg.jp/thumbnails/34694541/34694541.55952	65326	541	51	237	199	VOCALOID	鏡音リン	鏡音オリジナル曲	リンオリジナル曲	ねじ式(火曜日P)	ナナミル	chyoma	良調教	MikuPOP	だらしないまんまいきていて	
sm44680801	ど～ぱみん -「ちゃうだー！」feat.初音ミク	2025-02-22T00:00:00+09:00	79410618		https://nicovideo.cdn.nimg.jp/thumbnails/44680801/44680801.46361499	34380	625	1457	431	161	ボカコレ2025冬TOP100ランキング参加曲	VOCALOID	初音ミク	エレクトロスウィング	ミクオリジナル曲	LonePi	ボカニコDJ出演希望	VOCALOID食堂入り	いいえ、私は遠慮しておきます		
sm36599575	つまんなくなってしまった / 初音ミク（真島ゆろ）	2020-03-31T20:05:00+09:00	64974050		https://nicovideo.cdn.nimg.jp/thumbnails/36599575/36599575.7020042	40193	458	208	212	147	VOCALOID	真島ゆろ	初音ミク	つまんなくなってしまった	ミクオリジナル曲	おれらのうた	もっと評価されるべき				
sm22633874	【GUMI(40㍍)】 どんぶらこ 【オリジナル】	2014-01-09T21:01:12+09:00	3343223		https://nicovideo.cdn.nimg.jp/thumbnails/22633874/22633874	77489	2486	28	1761	171	VOCALOID	40mP	GUMI	どんぶらこ	大都会岡山	GUMIオリジナル曲	岡山県民ホイホイ	野生のNHK	GUMI_Power		
so40820499	ばぁーか♡ / 初音ミク	2022-07-28T18:00:00+09:00		2648319	https://nicovideo.cdn.nimg.jp/thumbnails/40820499/40820499.61036222	99591	1512	3194	1034	152	VOCALOID	初音ミク	vocaloidオリジナル曲	ミクオリジナル曲	無色透名祭	ばぁーか♡	サムネホイホイ	ミクトロニカ	ポエマーメスガキ	ボカロラップ	VOCALOID殿堂入り直前
sm5383558	初音ミクオリジナル曲　「ひとひらの」	2008-11-28T20:57:03+09:00	529223		https://nicovideo.cdn.nimg.jp/thumbnails/5383558/5383558	367563	12294	206	8152	296	ミクオリジナル曲	のりP	VOCALOID	ひとひらの	初音ミク	DAM&JOY配信中	VOCALOID殿堂入り	VOCALOID冬曲	初音ミク名曲リンク	切ないミクうた	
sm33144790	ひとりがち／IA	2018-05-02T19:21:09+09:00	65299419		https://nicovideo.cdn.nimg.jp/thumbnails/33144790/33144790	292578	2725	320	1060	299	VOCALOID	ろくろ	ハヌル	IA_-ARIA_ON_THE_PLANETES-	IAオリジナル曲	ひとりがち	ひとりがち(ろくろ)	VOCALOID殿堂入り	DAM&JOY配信中	ニコニコ超パーティー2018	ぎたぁ
sm17755574	【IAオリジナル曲】ひねくれネジと雨【MV】	2012-05-06T21:49:21+09:00	111429		https://nicovideo.cdn.nimg.jp/thumbnails/17755574/17755574	406980	8338	411	3687	276	VOCALOID	ねこぼーろ	IA_-ARIA_ON_THE_PLANETES-	IAオリジナル曲	ひねくれネジと雨	VOCALOID梅雨入り	お使いのPCは正常です	VOCALOID殿堂入り	IA名曲リンク	神調教	ききいるぼかうた
sm29361815	【夏の唄】ひのはな【初音ミク】	2016-08-01T20:00:00+09:00	14257334		https://nicovideo.cdn.nimg.jp/thumbnails/29361815/29361815	23104	621	3	1369	326	VOCALOID	初音ミク	ミクオリジナル曲	VOCALOID和風曲	VOCALOID夏曲	VOCALOID花火曲	切ないミクうた	コカンコキーヌP			
sm22478928	【アルスマグナ】ぴんこすてぃっくLuv 【踊ってみた】	2013-12-18T18:50:08+09:00	27745337		https://nicovideo.cdn.nimg.jp/thumbnails/22478928/22478928	937447	11973	180	17961	213	踊ってみた	アルスマグナ	ぴんこすてぃっくLuv	れをる	ギガP						
sm14882459	【初音ミクAppend】ふたりで。【オリジナル曲/PV】	2011-06-30T01:16:01+09:00	111429		https://nicovideo.cdn.nimg.jp/thumbnails/14882459/14882459	222850	6795	227	2074	228	VOCALOID	ねこぼーろ	ふたりで。	初音ミクAppend	VOCALOID実写PV	ミクオリジナル曲	初音ミク	Project_DIVA_Arcade収録曲	VOCALOID殿堂入り	ポストミック	
sm20944785	へたくそユートピア政策／スズム feat.鏡音リン	2013-05-24T19:01:27+09:00	8904219		https://nicovideo.cdn.nimg.jp/thumbnails/20944785/20944785	424395	10023	210	6218	263	VOCALOID	スズム	さいね（絵師）	へたくそユートピア政策(スズム)	鏡音リン	リンオリジナル曲	VOCALOID殿堂入り	ぎぶそん	爽やかなリンうた		
sm7313565	【初音ミク】　「ほんの少しのさよなら」　【オリジナル】	2009-06-11T19:38:53+09:00	865371		https://nicovideo.cdn.nimg.jp/thumbnails/7313565/7313565	256163	7703	184	2753	308	電ポルP	koyori	VOCALOID	ほんの少しのさよなら	初音ミク	VOCALOID殿堂入り	初音ミク名曲リンク	ミクオリジナル曲	DAM&JOY配信中	ボカロックバラード	ききいるミクうた
sm11677108	【Attack of a bee】 ミツバチ 【HARDCORE】	2010-08-08T18:03:23+09:00	933978		https://nicovideo.cdn.nimg.jp/thumbnails/11677108/11677108	705585	14668	63	19770	115	歌ってみた	ミツバチ(遊助)	スズメバチ	ミツバチアレンジリンク	neko(歌い手)	ゆよゆっぺ	糞曲が台無し	廃材アート			
so40799472	ようやく君が死んだんだ。 / 可不	2022-07-28T18:00:00+09:00		2648319	https://nicovideo.cdn.nimg.jp/thumbnails/40799472/40799472.53560767	225075	1786	3421	772	160	可不オリジナル曲	音楽的同位体可不(kafu)	ボカロオリジナル曲	vocaloidオリジナル曲	可不	VOCALOID	CeVIO_AI	vocaloid新曲リンク	CeVIO新曲リンク	無色透名祭	CeVIO殿堂入り
sm39478555	◈*_よろろ	2021-10-14T19:00:02+09:00	93563471		https://nicovideo.cdn.nimg.jp/thumbnails/39478555/39478555.70847284	200630	1323	1914	642	173	VOCALOID	UTAU	UTAUオリジナル曲	ボカコレ2021秋ルーキー	ボカコレ2021秋TOP100	ゆくえわっと	湯鬱声からす	闇音レンリ	こちぇ(UTAU)	よろろ	UTAU殿堂入り
sm20396359	【ミク・GUMI】 一人きりロックショー 【オリジナル曲】	2013-03-21T21:01:42+09:00	26225387		https://nicovideo.cdn.nimg.jp/thumbnails/20396359/20396359	519917	5772	501	2075	242	VOCALOID	ナブナ	てく(tec)	初音ミク	GUMI	VOCALOIDオリジナル曲	一人きりロックショー	VOCALOID殿堂入り	ミク＆GUMIリンク	VOCAROCK	DAM&JOY配信中
so40820642	上人**阿闍梨謁見風説戯画仮名問答 / 巡音ルカ	2022-07-28T18:00:00+09:00		2648319	https://nicovideo.cdn.nimg.jp/thumbnails/40820642/40820642.85726326	52596	879	1669	369	120	テレパスミュージック	無色透名祭	無色透名祭作者不明曲リンク	上人**阿闍梨謁見風説戯画仮名問答	巡音ルカ	ルカオリジナル曲	電子ドラッグ	VOCALOID	ロリルカ	ボカトロニカ	感性の反乱β
sm3813866	初音ミク「世界で一番近くに居るのに」【オリジナル曲】	2008-06-30T07:25:41+09:00	2476652		https://nicovideo.cdn.nimg.jp/thumbnails/3813866/3813866	313773	13058	169	7454	299	音楽	初音ミク	ミクオリジナル曲	samfree	ボカロバラード	世界で一番近くに居るのに	VOCALOID殿堂入り	VOCALOID	初音ミク名曲リンク	from_miku_to_samfree	vocaloidイメージソング
sm19634718	【IA】「世界を愛する瞬間に」【オリジナル】	2012-12-21T22:05:37+09:00	865371		https://nicovideo.cdn.nimg.jp/thumbnails/19634718/19634718	237835	5245	148	1911	236	VOCALOID	電ポルP	koyori	VOCALOID殿堂入り	良調教	世界を愛する瞬間に	IA_THE_WORLD～光～収録曲	IA_-ARIA_ON_THE_PLANETES-	爽やかなIAうた	さらに評価されるべき	IAオリジナル曲
sm29426570	乳首を蚊に刺された／初音ミクdark	2016-08-11T21:23:18+09:00	28259263		https://nicovideo.cdn.nimg.jp/thumbnails/29426570/29426570.31317493	48974	538	58	1406	202	VOCALOID	初音ミク	ミクオリジナル曲	切ないミクうた	木村わいP	初音ミクdark	お前じゃなかったらどうしようかと	乳首を蚊に刺された	アハ体験	仕事を選べないミク	木村ひわいP
sm44640274	五番目の季節 / Sceno Ichiro feat. 花隈千冬 &amp; カゼヒキV	2025-02-21T19:00:00+09:00	126210055		https://nicovideo.cdn.nimg.jp/thumbnails/44640274/44640274.71154426	7246	211	558	449	308	ボカコレ2025冬ルーキー参加曲	VOCALOID	花隈千冬	カゼヒキ	SynthesizerV	synthesizervオリジナル曲	ポエトリーリーディング	歌踊コレok	KADクリ	VOCALOID民族調曲	POEMLOID
sm16751346	初音ミクのオリジナル曲　人の命は平等じゃない -Full ver.-	2012-01-21T16:25:12+09:00	1075175		https://nicovideo.cdn.nimg.jp/thumbnails/16751346/16751346	240181	7622	91	7010	288	VOCALOID	デッドボールＰ	ミクオリジナル曲	VOCALOID殿堂入り	おれらのうた	みんなのうつ	初音ミク	初音ミク名曲リンク	JOYSOUND配信中		
sm28492794	初音ミク 『僕の名は彗星』MV/ルワン	2016-03-26T19:00:00+09:00	47824608		https://nicovideo.cdn.nimg.jp/thumbnails/28492794/28492794	18962	373	25	181	219	VOCALOID	ルワン	染町	僕の名は彗星	初音ミク	ミクオリジナル曲	星のうた	VOCALOID-PV	ポストミック	もっと伸びるべき	
sm20887153	【初音ミク】 僕は初音ミクとキスをした 【オリジナルMV】	2013-05-17T20:01:24+09:00	276638		https://nicovideo.cdn.nimg.jp/thumbnails/20887153/20887153	460686	11227	394	4727	265	VOCALOID	初音ミク	みきとP	僕は初音ミクとキスをした	ヨリ	大鳥	VOCALOIDイメージソング	ミクオリジナル曲	「僕は初音ミクとキスをした」収録曲	VOCALOID殿堂入り	DAM&JOY配信中
sm36634566	【手描き文スト】僕らはみんな意味不明【BEAST合作】	2020-04-07T00:00:00+09:00	33283964		https://nicovideo.cdn.nimg.jp/thumbnails/36634566/36634566.64854395	36630	462	385	638	229	手描き文スト	文スト企画動画リンク	文豪ストレイドッグス	神々の集い	もっと評価されるべき	描いてみた	野生の公式	なにこれすごい			
sm14411363	【初音ミク】六感娘と諸藩再建策【オリジナル】	2011-05-10T03:15:20+09:00	5079333		https://nicovideo.cdn.nimg.jp/thumbnails/14411363/14411363	119364	4012	91	4677	247	VOCALOID	六感娘と諸藩再建策	シュラ種種種	hanzo	伝説の超展開マスター	初音ミク	安定した不安定	JOYSOUNDご乱心	ミクオリジナル曲	VOCALOID殿堂入り	人類には早すぎる動画
sm5508506	初音ミクが円周率10,000桁覚えたようです。	2008-12-10T23:35:29+09:00	989911		https://nicovideo.cdn.nimg.jp/thumbnails/5508506/5508506	486457	7549	361	125593	4100	音楽	初音ミク	円周率	VOCALOID	VOCALOID殿堂入り	daniwellP	ミクオリジナル曲	飛ばしたら負け	作業用BGM(上級者向け)	フル希望	歌ってみろ
sm29065118	【オリジナルPV】 化生戯画 【初音ミク】	2016-06-19T19:00:00+09:00	5272155		https://nicovideo.cdn.nimg.jp/thumbnails/29065118/29065118	157042	2052	189	564	226	VOCALOID	てにをは	初音ミク	かぷら	Silve	ミクオリジナル曲	驚異的な中毒性	VOCALOID和風曲	初音ミク名曲リンク	VOCALOID殿堂入り	化生戯画
sm43419941	双六少女 / ねじ式 feat.結月ゆかり	2024-02-23T00:00:00+09:00	35275687		https://nicovideo.cdn.nimg.jp/thumbnails/43419941/43419941.84271749	26938	476	995	247	181	ボカコレ2024冬TOP100ランキング参加曲	VOCALOID	ゆかりオリジナル曲	ねじ式(火曜日p)	檀上大空	歌踊コレOK	結月ゆかり	最後まで聴くべき	双六少女(ねじ式)	MikuPOP	
sm36506282	◈*_命ひとつしかないもんで	2020-03-13T19:10:02+09:00	93563471		https://nicovideo.cdn.nimg.jp/thumbnails/36506282/36506282.40611372	98434	452	441	81	223	VOCALOID	UTAU	UTAUオリジナル曲	暗鳴ニュイ	槌音ずも	湯鬱声からす	命ひとつしかないもんで	もっと評価されるべき	ゆくえわっと	◈*	UTAU殿堂入り直前
sm42094902	唱明者 / KAITO V3 - すこやか大聖堂	2023-04-19T19:04:00+09:00	115941476		https://nicovideo.cdn.nimg.jp/thumbnails/42094902/42094902.31032936	54066	523	963	493	203	VOCALOID	KAITO	KAITO_V3	KAITOオリジナル曲	ボカムンベース	すこやか大聖堂	VOCALOIDイメージソング	魂実装済み	vocaloidオリジナル曲	マジカルミライ2023	唱明者
sm1518089	初音ミクにオリジナルを『嘘ついてるの』(音質ちょいUP版)	2007-11-12T23:18:22+09:00	17862		https://nicovideo.cdn.nimg.jp/thumbnails/1518089/1518089	107952	2915	56	5314	259	初音ミク	ミクオリジナル曲	音楽	フナコシP	嘘ついてるの	VOCALOID	初音ミク名曲リンク	ボカロファンク	VOCALOID殿堂入り		
sm18289208	【GUMI】 嘘つきウサギと銀の檻 【オリジナル】	2012-07-07T20:11:16+09:00	149873		https://nicovideo.cdn.nimg.jp/thumbnails/18289208/18289208	474780	15710	276	6106	256	VOCALOID	嘘つきウサギと銀の檻	骨盤P	VOCALOID殿堂入り	GUMIオリジナル曲	ヤスオ	夏（絵師）	GUMI	VOCAROCK	DAM&JOY配信中	VOCALOIDうさぎ入り
sm22068452	嘘つきピーターパン／スズム feat.初音ミク	2013-10-18T18:00:40+09:00	8904219		https://nicovideo.cdn.nimg.jp/thumbnails/22068452/22068452	223906	8016	95	3360	244	VOCALOID	嘘つきピーターパン(スズム)	初音ミク	スズム	ミクオリジナル曲	VOCALOID殿堂入り	さいね(絵師)	ke-sanβ			
sm42658312	嘶く / 裏命	2023-08-22T18:00:00+09:00	11450042		https://nicovideo.cdn.nimg.jp/thumbnails/42658312/42658312.84445971	57673	667	1157	228	203	VOCALOID	CeVIOAI	裏命	西沢さんP	嘶く	CeVIO_AI	裏命オリジナル曲	べて	CeVIOオリジナル曲		
sm38145694	【初音ミク】国道40号ばばばばばばえおうぃおい～べべべべべべべべべえべえええべえべべべえ【ガルナ/オワタP】	2021-01-19T22:48:02+09:00	1320776		https://nicovideo.cdn.nimg.jp/thumbnails/38145694/38145694.79130132	124266	594	2302	986	46	VOCALOID	ガルナ@オワタp	初音ミク	作詞：国土交通省北海道開発局	VOCALOID殿堂入り	ばばばばばばえおうぃおい	ジェバンニが一晩でやってくれました	お前じゃなかったらどうしようかと	有名pの暴走シリーズ	JOYSOUND困惑中	才能の無駄使い
sm43168436	地団駄ビート / まらしぃ feat.初音ミク × 鏡音リン × 巡音ルカ	2023-12-20T20:00:00+09:00	2765486		https://nicovideo.cdn.nimg.jp/thumbnails/43168436/43168436.27286899	69634	517	988	742	214	VOCALOID	地団駄ビート	初音ミク	鏡音リン	巡音ルカ	まらしぃ	VOCALOID3人娘	歌コレ2023春	VOCALOIDオリジナル曲	びび	
sm16827197	【APヘタリアMMD】祖国で夏に去りし君を想フ【相棒記念日】	2012-01-30T00:01:17+09:00	3262617		https://nicovideo.cdn.nimg.jp/thumbnails/16827197/16827197	853514	16736	1205	5660	166	MikuMikuDance	APヘタリアMMD	AxisPowersヘタリア	枝豆P	APヘタリアでARPK	APヘタリア島国同盟	島国領の聖地	夏に去りし君を想フ	APヘタリア殿堂入り	APヘタリア日本リンク	APヘタリア眉毛動画
sm33133931	【MV】夏掛けの群青／IA	2018-04-30T19:00:00+09:00	14930313		https://nicovideo.cdn.nimg.jp/thumbnails/33133931/33133931	100481	1445	118	717	216	VOCALOID	IA_-ARIA_ON_THE_PLANETES-	IAオリジナル曲	VOCALOIDオリジナル曲	ちいたな	夏掛けの群青	VOCALOID夏曲	元気が出る曲	IA名曲リンク	JOYSOUND配信中	VOCALOID殿堂入り
sm27266880	夏空と包帯／コウ feat.IA	2015-09-30T19:00:00+09:00	22711505		https://nicovideo.cdn.nimg.jp/thumbnails/27266880/27266880	87343	1859	85	451	288	VOCALOID	コウ(ボカロP)	街屋	夏空と包帯	IA_-ARIA_ON_THE_PLANETES-	IAオリジナル曲	良調教	VOCALOID夏曲	もっと評価されるべき	ききいるぼかうた	IA名曲リンク
sm7911934	【初音ミク・リン・レン・ルカ】夢の続き【オリジナル】	2009-08-12T07:07:24+09:00	1169727		https://nicovideo.cdn.nimg.jp/thumbnails/7911934/7911934	258444	11002	232	10987	325	音楽	初音ミク	鏡音リン	鏡音レン	巡音ルカ	VOCALOIDオリジナル曲	夢の続き(DixieFlatline)	VOCALOID名曲リンク	vocaloidイメージソング	VOCALOID	VOCALOID殿堂入り
sm36584139	夢色フェスティバル／音街ウナより	2020-03-28T19:04:02+09:00	52186396		https://nicovideo.cdn.nimg.jp/thumbnails/36584139/36584139.81721711	175314	1287	335	1532	238	VOCALOID	音街ウナ	キノシタ	夢色フェスティバル	ウナオリジナル曲	VOCALOID和風曲	モノカラーガールスーパーノヴァ収録曲	驚異的な中毒性	元気が出る動画	VOCALOID殿堂入り	かわいいウナうた
sm6606048	【鏡音リン・レン】 大切なコトバ 【PV付オリジナル】	2009-03-31T19:59:24+09:00	1371450		https://nicovideo.cdn.nimg.jp/thumbnails/6606048/6606048	201450	8202	76	6843	253	ゆにめもP	ひよこまんじゅうP	VOCALOID	鏡音リン	鏡音レン	大切なコトバ	JOYSOUND配信中	鏡音リン・レン名曲リンク	鏡音オリジナル曲	VOCALOID殿堂入り	vocaloidコミックpvリンク
sm39042539	【MMDツイステ】失落ペトリ【ラギー･ブッチ】	2021-07-17T13:55:02+09:00	87364570		https://nicovideo.cdn.nimg.jp/thumbnails/39042539/39042539.84859624	1745	12	17	3	75	mmdツイステ	ラギー・ブッチ	失楽ペトリ	mikumikudance	ツイステで失楽ペトリ	まぁぼ式ラギー					
sm35690818	初音ミク「奶z0」オリジナル	2019-09-16T20:11:12+09:00	61566411		https://nicovideo.cdn.nimg.jp/thumbnails/35690818/35690818.67369631	93146	957	513	225	145	VOCALOID	ミクオリジナル曲	通信衛星	宇田もずく	鯖井テトラポット	初音ミク	VOCALOIDと歌ってみた	カットアップ	奶z0	ボカイノセンス	
sm35011634	好きなら私と死んでください / 初音ミク	2019-04-23T19:00:03+09:00	53610183		https://nicovideo.cdn.nimg.jp/thumbnails/35011634/35011634.2945	122838	766	546	4022	49	VOCALOID	好きなら私と死んでください	初音ミク	ななきそなきそ	薬屋	VOCALOID新曲リンク	ミクオリジナル曲	なきそ	VOCALOID殿堂入り	ヤンデロイド	VOCALOID幻想狂気曲リンク
sm30756679	【GUMI】完全無欠のエレジー【オリジナル曲】	2017-03-04T19:00:00+09:00	4027531		https://nicovideo.cdn.nimg.jp/thumbnails/30756679/30756679	81181	1229	75	411	197	VOCALOID	GUMI	YM	完全無欠のエレジー	GUMIオリジナル曲	ぱ	VOCAROCK	蝶々p	サイカイコンプレッサー(2017年版)収録曲		
sm30647385	少年少女家出綺譚/初音ミク	2017-02-16T20:00:00+09:00	39274211		https://nicovideo.cdn.nimg.jp/thumbnails/30647385/30647385	96628	1301	214	451	180	VOCALOID	しじま	少年少女家出綺譚	初音ミク	ミクオリジナル曲	VOCALOID殿堂入り直前					
sm34193555	平気？ / 重音テト	2018-11-20T18:00:00+09:00	28681600		https://nicovideo.cdn.nimg.jp/thumbnails/34193555/34193555	215313	1879	476	625	260	VOCALOID	薄塩指数	中二病な妹	重音テト	テトオリジナル曲	UTAU	UTAUオリジナル曲	UTAUROCK	UTAU殿堂入り	平気？	おれらのうた
nm8994152	【氷山キヨテル】 廃日 【オリジナル】	2009-12-04T07:00:19+09:00	2566558		https://nicovideo.cdn.nimg.jp/thumbnails/8994152/8994152	107146	2371	32	2175	205	VOCALOID	otetsu	キヨテルオリジナル曲	藤代叶	廃日	キヨテル名曲リンク	イケテル	VOCALOID殿堂入り			
sm24197782	【初音ミク】律動厨リズムテスト【オリジナルPV】	2014-08-09T21:20:13+09:00	28259263		https://nicovideo.cdn.nimg.jp/thumbnails/24197782/24197782	279231	1667	283	8526	89	VOCALOID	初音ミク	ミクオリジナル曲	木村わいP	律動厨リズムテスト	VOCALOID殿堂入り	かわいいミクうた				
sm32518035	Original, 初音ミク／ 後の祭	2018-01-01T20:04:15+09:00	8211134		https://nicovideo.cdn.nimg.jp/thumbnails/32518035/32518035	252276	2494	238	2632	209	VOCALOID	初音ミク	ミクオリジナル曲	蜂屋ななし	ドッシー	NAGASAKI	アミメキリン	小川悠斗	古論	後の祭（蜂屋ななし）	VOCALOID殿堂入り
sm36566763	徒花の涙 / HarryP ft. 初音ミク（Music Video）	2020-03-25T19:00:00+09:00	21788239		https://nicovideo.cdn.nimg.jp/thumbnails/36566763/36566763.59795553	104838	830	244	144	326	VOCALOID	初音ミク	はりー	徒花の涙	前略P	南方研究所	ミクオリジナル曲	棚橋EDDYテルアキ	YoP	harryp	VOCALOID殿堂入り
sm37947611	思考アンロック - blues ft. 初音ミク	2020-12-11T20:07:02+09:00	116821094		https://nicovideo.cdn.nimg.jp/thumbnails/37947611/37947611.55189373	70134	637	720	324	225	ボカコレ2020冬ルーキー	vocaloidオリジナル曲	初音ミクオリジナル曲	ボカコレ2020冬	初音ミク	ミクオリジナル曲	Vocaloid処女作	VOCALOID	blues（ボカロP）	思考アンロック	豆柴（絵師）
sm35277963	【人力刀剣乱舞】怪盗Fの台本～消えたダイヤの謎～	2019-06-17T21:28:06+09:00	28877047		https://nicovideo.cdn.nimg.jp/thumbnails/35277963/35277963.39048559	13973	192	72	87	248	刀剣乱舞	人力刀剣乱舞	黒田組	多キャラ刀剣乱舞							
sm29363487	【GUMI】 恋愛デコレート 【オリジナルMV】	2016-08-05T20:00:00+09:00	12718229		https://nicovideo.cdn.nimg.jp/thumbnails/29363487/29363487	180818	2873	120	1175	311	VOCALOID	GUMIオリジナル曲	VOCALOID新曲リンク	あん	紺色。	GUMI	投稿者コメント	恋愛デコレート	JOYSOUND配信決定	VOCALOID殿堂入り	VOCALOID-PV
sm29363487	【GUMI】 恋愛デコレート 【オリジナルMV】	2016-08-05T20:00:00+09:00	12718229		https://nicovideo.cdn.nimg.jp/thumbnails/29363487/29363487	180818	2873	120	1175	311	VOCALOID	GUMIオリジナル曲	VOCALOID新曲リンク	あん	紺色。	GUMI	投稿者コメント	恋愛デコレート	JOYSOUND配信決定	VOCALOID殿堂入り	VOCALOID-PV
sm23312398	【初音ミク V3】  愛して？ ～Love me do 【オリジナル曲】	2014-04-12T18:04:42+09:00	1313476		https://nicovideo.cdn.nimg.jp/thumbnails/23312398/23312398	88753	2066	82	650	281	VOCALOID	初音ミク	Cleantears	ミクオリジナル曲	k2pudding	お洒落なミクうた	愛して？～Love_me_do	サムネホイホイ	英語ミク	黙ってマイリス	VOCAJAZZ
sm30238733	【初音ミク】「愛猫闊歩」【オリジナル】	2016-12-17T20:00:00+09:00	865371		https://nicovideo.cdn.nimg.jp/thumbnails/30238733/30238733	215357	2254	178	833	262	VOCALOID	愛猫闊歩	電ポルP	koyori	初音ミク	糸(絵師)	お洒落なミクうた	VOCALOIDにゃんこ入り	VOCALOID殿堂入り	ミクオリジナル曲	VOCAROCK
sm25861838	【結月ゆかりV4純・凛】懲役三年生【オリジナル】	2015-03-24T19:00:00+09:00	35275687		https://nicovideo.cdn.nimg.jp/thumbnails/25861838/25861838	59404	1154	43	417	224	VOCALOID	ねじ式(火曜日P)	懲役三年生	ミズキヨ	結月ゆかりV4	結月ゆかり	VOCAROCK	ゆかりオリジナル曲	さらに評価されるべき	神調教	
sm25427225	【IA】扇歌コンシール【オリジナル】	2015-01-26T10:00:00+09:00	40940556		https://nicovideo.cdn.nimg.jp/thumbnails/25427225/25427225	184418	4371	49	1926	246	VOCALOID	扇歌コンシール	VOCALOID和風曲	IA	たかちゅう	ぼかりす	JOYSOUND配信中	IA_-ARIA_ON_THE_PLANETES-	香織(動画投稿者)	VOCALOID殿堂入り	VOCALOID処女作
sm26448629	【IA】才の雨に撃たれて【オリジナル】	2015-06-09T19:00:00+09:00	35275687		https://nicovideo.cdn.nimg.jp/thumbnails/26448629/26448629	37590	754	33	566	254	VOCALOID	紺色。	安斉（絵師）	ねじ式(火曜日P)	IAオリジナル曲	才の雨に撃たれて	VOCAROCK	IA_-ARIA_ON_THE_PLANETES-	IA_THE_WORLD_~雨~		
sm29966363	『新訳 ねぇウィリアム』 / 初音ミク - Omoi	2016-11-03T21:30:00+09:00	33110496		https://nicovideo.cdn.nimg.jp/thumbnails/29966363/29966363	252520	1397	239	342	253	VOCALOID	初音ミク	Omoi	ALYSSA	初音ミクDark	新訳_ねぇウィリアム	宮沢賢治	シェイクスピア	VOCALOID殿堂入り		
sm39144452	昔のネット用語だけで曲作ってみました。feat. 可不	2021-08-07T20:49:02+09:00	11415912		https://nicovideo.cdn.nimg.jp/thumbnails/39144452/39144452.49087594	107780	929	2703	1321	67	VOCALOID	CeVIO_AI	可不	可不オリジナル曲	CeVIO新曲リンク	CeVIOオリジナル曲	CeVIO殿堂入り	昔のネット用語だけで曲作ってみました。	出オチ	インターネット老人会	full希望(無理を承知で)
sm6326585	【初音ミク】『星空に願いを込めて ～Good Night～』をS-YXG50で再現してみた	2009-03-04T18:10:26+09:00	2142328		https://nicovideo.cdn.nimg.jp/thumbnails/6326585/6326585	5376	148	3	97	301	音楽	初音ミク	星空に願いを込めて_Good_Night	tomoP	ミクオリジナル曲	ふんわり星空	大音量推奨	星のうた	夜のうた	S-YXG50	
sm31271560	【初音ミク】「春のパズル」【オリジナル】	2017-05-24T20:01:00+09:00	865371		https://nicovideo.cdn.nimg.jp/thumbnails/31271560/31271560	122869	1501	176	627	263	VOCALOID	電ポルP	koyori	春のパズル	ミクオリジナル曲	初音ミク	爽やかなミクうた	マイリス巡回推奨	VOCALOID春曲	VOCALOID殿堂入り	
sm33898910	MV - 晴々アンサー / *Luna feat.鏡音リン・レン	2018-09-22T19:00:00+09:00	25646141		https://nicovideo.cdn.nimg.jp/thumbnails/33898910/33898910.80391	70082	669	114	315	290	VOCALOID	*Luna	君だけがいない夏	鏡音リン	鏡音レン	鏡音オリジナル曲	VOCALOID夏曲	晴々アンサー	爽やかなぼかうた	VOCAROCK	もっと評価されるべき
nm12123552	オリジナル曲・月翅 【VY1】	2010-09-16T07:57:50+09:00	963044		https://nicovideo.cdn.nimg.jp/thumbnails/12123552/12123552	244391	8899	182	2811	186	VOCALOID	VY1	VY1オリジナル曲	SeikoP	月翅	VY1名曲リンク	VOCALOID殿堂入り	伝説のVY1マスター	夜のうた	VOCALOID民族調曲	
sm3780484	【森之宮先生アニメ化計画】　本日営業中PV　【ビデオ絵コンテ版】	2008-06-27T06:51:46+09:00	916123		https://nicovideo.cdn.nimg.jp/thumbnails/3780484/3780484	263340	6145	13	12317	457	森之宮先生	初音ミク	森之宮先生アニメ化計画	本日営業中	森之宮神療所シリーズ	ゆっかママン	VOCALOID名PVリンク	本日失踪中	PVつけてみた	VOCALOID-PV殿堂入り	
sm30071062	【鏡音リン・レン】東京ジェノサイド【Virgin Noize】	2016-11-19T12:00:00+09:00	577871		https://nicovideo.cdn.nimg.jp/thumbnails/30071062/30071062	118224	1011	36	898	292	VOCALOID	鏡音リン	鏡音レン	鏡音オリジナル曲	VOCAROCK	VOCALOIDデジタルロック	神調教	驚異的な中毒性	VOCALOID殿堂入り	さらに評価されるべき	東京ジェノサイド(Virgin_Noize)
sm15207451	【GUMI】次咲く花の色は【オリジナル曲PV付き】	2011-08-04T05:26:46+09:00	5672028		https://nicovideo.cdn.nimg.jp/thumbnails/15207451/15207451	152534	6725	23	5955	261	VOCALOID	次咲く花の色は	タカノン	こみね	GUMI	VOCALOID殿堂入り	EXIT_TUNES_PRESENTS_GUMity	VOCALOID花火曲	GUMIオリジナル曲	VOCALOID学生化計画	
sm23415874	【初音ミク】 止まったまんま 【オリジナル】	2014-04-28T18:30:00+09:00	26688082		https://nicovideo.cdn.nimg.jp/thumbnails/23415874/23415874	68417	1332	62	448	170	VOCALOID	音楽	ミクオリジナル曲	初音ミク	瀬名航	かわいいミクうた	止まったまんま	初音ミク名曲リンク	レトロなボカうた	歌踊コレok	
sm18677063	TVアニメ 氷菓 OP1 【優しさの理由】 FULL 高音質(320kbps)	2012-08-21T20:27:33+09:00	28522245		https://nicovideo.cdn.nimg.jp/thumbnails/18677063/18677063	1931226	16774	221	2188	255	音楽	氷菓	ChouCho	優しさの理由	抽出可	私、気になります	もっと氷菓されるべき	原盤使用許諾楽曲	京都アニメーション	アニソンfull	
sm34399637	【ウォルピス社】泥中に咲く を歌ってみました【提供】	2018-12-30T19:00:00+09:00	16834193		https://nicovideo.cdn.nimg.jp/thumbnails/34399637/34399637.27948	3123983	17947	5981	10979	290	歌ってみた	泥中に咲く	はりー	前略P	YoP	南方研究所	ウォルピスカーター	いすぼくろ	彼女は男性です	歌ってみた伝説入り	トリプルミリオン
sm593231	道化師は大変な洗脳を施していきました	2007-07-11T00:36:53+09:00	575231		https://nicovideo.cdn.nimg.jp/thumbnails/593231/593231	1748891	15027	2051	128346	132	その他	狂気のドナルドシリーズ	ドナルド	全てはここから始まった	盗んでいきましたシリーズ	東方乱々流	ニコニコ預言者	全ての元凶	オワピ	魔理沙は大変なものを盗んでいきました	
sm2959233	ニコニコ動画流星群	2008-04-11T05:05:52+09:00	145217		https://nicovideo.cdn.nimg.jp/thumbnails/2959233/2959233	7444198	113264	9323	1569060	845	音楽	アレンジ	ニコニコ動画流星群	空気の読めるWMP	ニコニコメドレーシリーズ	重要ニコニコ文化財	しも				
sm4538743	【初音ミク(40㍍)】流星ハンター【オリジナル】	2008-09-06T18:18:18+09:00	3343223		https://nicovideo.cdn.nimg.jp/thumbnails/4538743/4538743	186357	3509	54	2226	196	VOCALOID	ミクオリジナル曲	流星ハンター	初音ミク	40㍍P	7:24(絵師)	VOCALOID殿堂入り	MikuPOP	DAM&JOY配信中	初音ミク名曲リンク	星のうた
sm19898956	独りの君と一人の僕に／スズム feat.初音ミク	2013-01-23T20:02:16+09:00	8904219		https://nicovideo.cdn.nimg.jp/thumbnails/19898956/19898956	128568	4387	60	2064	268	VOCALOID	初音ミク	独りの君と一人の僕に(スズム)	スズム	ぎぶそん	VOCALOID殿堂入り	ミクオリジナル曲	VOCALOID処女作			
sm41660944	なとり - 猿芝居	2023-01-16T21:50:03+09:00	126612314		https://nicovideo.cdn.nimg.jp/thumbnails/41660944/41660944.5228614	304111	1281	2006	227	174	なとり	猿芝居	ニコニコインディーズ	羽生まゐご	西月麗音	さぶろう	溢れ出る色気				
sm19216490	【IA】猿マネ椅子盗りゲーム【終焉ノ栞プロジェクト】	2012-10-27T20:10:42+09:00	13279836		https://nicovideo.cdn.nimg.jp/thumbnails/19216490/19216490	873681	15664	272	19967	223	VOCALOID	150P	猿マネ椅子盗りゲーム（150P）	IA_-ARIA_ON_THE_PLANETES-	終焉ノ栞プロジェクト	D音	集団発狂	VOCALOID殿堂入り	IAオリジナル曲	ヤンデロイド	
sm32914818	琴葉姉妹のにゃーねこにゃー！	2018-03-20T18:38:17+09:00	55585385		https://nicovideo.cdn.nimg.jp/thumbnails/32914818/32914818	86540	1069	679	345	173	音楽	VOICEROID	琴葉茜	琴葉葵	歌うボイスロイド	VOICEROIDオリジナル曲	茜・葵オリジナル曲	VOCALOID	vocaloidにゃんこ入り	琴葉姉妹	SCP-040-JP
sm36499486	生きるってなんだよ / 音街ウナ	2020-03-12T20:00:00+09:00	22591607		https://nicovideo.cdn.nimg.jp/thumbnails/36499486/36499486.92834129	237452	2086	759	1286	247	VOCALOID	午後ティー	音街ウナ	VOCALOIDオリジナル曲	ウナオリジナル曲	ゆーすけあくた	VOCAROCK	生きるってなんだよ	爽やかなぼかうた	VOCALOID殿堂入り	
sm26837678	【MMD刀剣乱舞】疑心暗鬼【燭・長・大・鶴】	2015-08-02T00:00:00+09:00	7393032		https://nicovideo.cdn.nimg.jp/thumbnails/26837678/26837678	1532074	39059	977	6838	170	MMD刀剣乱舞	刀剣乱舞	燭台切光忠(刀剣乱舞)	へし切長谷部(刀剣乱舞)	大倶利伽羅(刀剣乱舞)	鶴丸国永(刀剣乱舞)	MMDミリオン達成作品	刀剣乱舞殿堂入り	MMD		
sm43419257	知らないアート / 知声と真島ゆろ	2024-02-24T00:00:00+09:00	64974050		https://nicovideo.cdn.nimg.jp/thumbnails/43419257/43419257.33854505	45331	693	1715	657	230	ボカコレ2024冬TOP100ランキング参加曲	VOCALOID	知声誕生祭2024	voisona	知声	真島ゆろ	砂漠	知らないアート	VOCALOIDと歌ってみた	知声オリジナル曲	カウベルP
sm33213206	【MV】空疎世界の前奏曲／IA	2018-05-15T19:00:00+09:00	14930313		https://nicovideo.cdn.nimg.jp/thumbnails/33213206/33213206	131794	1514	181	926	237	VOCALOID	IA_-ARIA_ON_THE_PLANETES-	IAオリジナル曲	VOCALOIDオリジナル曲	ちいたな	空疎世界の前奏曲	JOYSOUND配信中	VOCALOID殿堂入り			
sm26868703	【IA】窮屈の哲学【オリジナル】	2015-08-06T17:00:00+09:00	31239138		https://nicovideo.cdn.nimg.jp/thumbnails/26868703/26868703	98250	1185	32	440	262	VOCALOID	まきのせな	蜂蜜ハニィ	ANDRIVEBOiz	IA_-ARIA_ON_THE_PLANETES-	IAオリジナル曲	JOYSOUND配信中	VOCALOID殿堂入り直前	神調教	窮屈の哲学	さらに評価されるべき
sm15316485	【鏡音リン】 篝火 【オリジナルＰＶ付】	2011-08-15T18:16:33+09:00	11314366		https://nicovideo.cdn.nimg.jp/thumbnails/15316485/15316485	142464	4952	48	2863	322	VOCALOID	Junky	ミヤ（絵師)	リンオリジナル曲	IKUO	淳士	篝火（Junky）	鏡音リン	VOCALOID殿堂入り	DAM&JOY配信中	
sm13688430	「花火空」【鏡音リン・初音ミクオリジナルPV】	2011-02-23T22:25:19+09:00	7550057		https://nicovideo.cdn.nimg.jp/thumbnails/13688430/13688430	214920	9150	68	6127	182	VOCALOID	KulfiQ	Haq	せむ	季節が追いついた	鏡音リン	初音ミク	VOCALOID夏曲	VOCALOID殿堂入り	花火空	ミク×リンリンク
sm23151391	【さとうささら】花鳥諷詠【オリジナルMV】	2014-03-22T19:46:40+09:00	367259		https://nicovideo.cdn.nimg.jp/thumbnails/23151391/23151391	121538	2658	25	1292	273	VOCALOID	おとよいP	花鳥諷詠	さとうささら	CeVIO	CeVIOオリジナル曲	ささらオリジナル曲	CeVIO和風曲	さらに評価されるべき	コメ<マイリス	CeVIO殿堂入り
so20614676	【sasakure.UK】蜘蛛糸モノポリー feat. 初音ミク【Music Video】	2013-04-16T20:00:00+09:00		171	https://nicovideo.cdn.nimg.jp/thumbnails/20614676/20614676	1075371	21992	1894	5926	282	VOCALOID	sasakure.UK	初音ミク	茶ころ	蜘蛛糸モノポリー	トンデモ未来空奏図	DAM&JOY配信中	ミクオリジナル曲	VOCALOID伝説入り	VOCALOID小説派生曲	
sm35962353	親愛なるあなたは火葬/虻瀬	2019-11-16T20:09:03+09:00	85609604		https://nicovideo.cdn.nimg.jp/thumbnails/35962353/35962353.37873981	536502	2033	3155	572	257	VOCALOID	初音ミク	ミクオリジナル曲	VOCALOIDオリジナル曲	初音ミクオリジナル曲	虻瀬	親愛なるあなたは火葬	VOCALOID殿堂入り	ボカロP自作アニメーションMVリンク	物語音楽	VOCALOID幻想狂気曲リンク
sm18668351	【黒バス手書き】キセキの言い訳	2012-08-20T20:00:00+09:00	19669334		https://nicovideo.cdn.nimg.jp/thumbnails/18668351/18668351	303259	7196	28	25845	289	描いてみた	黒子のバスケ	手書き黒バス	黒子テツヤ	青峰大輝	黄瀬終了のお知らせ	うｐ主はキセキの世代	赤司大量発生	赤司ウイルスの恐怖	これぞ青峰クオリティ	青峰終了のお知らせ
sm43982258	誹謗熱中症 / 重音テト	2024-08-17T20:00:00+09:00	130914440		https://nicovideo.cdn.nimg.jp/thumbnails/43982258/43982258.53622959	36258	290	792	171	195	VOCALOID	重音テト	SynthesizerV	重音テトSV	誹謗熱中症	テトオリジナル曲	SynthesizerVオリジナル曲	読谷あかね	藤原ハガネ	えいぷ(ボカロP)	
sm25529839	【GUMI】貴方様【オリジナルMV】	2015-02-08T22:40:10+09:00	31766601		https://nicovideo.cdn.nimg.jp/thumbnails/25529839/25529839	59153	3053	7	215	257	VOCALOID	GUMI	三重の人	MW	貴方様	VOCAROCK	VOCALOID-PV	GUMIオリジナル曲			
sm20858242	【鏡音リン】赤線モダニズム【オリジナル/ワンオポ】	2013-05-13T23:15:32+09:00	13893300		https://nicovideo.cdn.nimg.jp/thumbnails/20858242/20858242	148586	4988	57	1985	277	VOCALOID	ワンダフル☆オポチュニティ！	鏡音リン	マイナスP	リンオリジナル曲	赤線モダニズム	和ロック	VOCALOID和風曲	domco.	VOCALOID殿堂入り	VOCALOID遊郭入り
sm19905283	過食性:アイドル症候群／スズム feat.GUMI＆MAYU	2013-01-24T18:02:47+09:00	8904219		https://nicovideo.cdn.nimg.jp/thumbnails/19905283/19905283	2557175	29906	1060	32667	249	VOCALOID	GUMI	MAYU(VOCALOID)	さいね（絵師）	過食性:アイドル症候群(スズム)	スズム	VOCALOIDオリジナル曲	GUMI&MAYUリンク	VOCALOID伝説入り	DAM&JOY配信中	
sm8660210	【初音ミク】　道草　【オリジナル曲】	2009-10-31T02:55:07+09:00	14270239		https://nicovideo.cdn.nimg.jp/thumbnails/8660210/8660210	60203	2388	44	594	196	ProjectDIVA-AC楽曲募集	VOCALOID	Wato	ミクオリジナル曲	VOCAJAZZ	道草（Wato）	ミチバタ	JOYSOUND配信中	初音ミク	爽やかなミクうた	
sm1508259	ターミネーターのBGMを間違えてみた	2007-11-11T21:22:03+09:00	1136711		https://nicovideo.cdn.nimg.jp/thumbnails/1508259/1508259	3325764	40731	1580	250382	342	その他	ゲイ☆専	重要ニコニコ文化財								
sm22668039	【結月ゆかり】錯乱ぶる交差点【オリジナル】	2014-01-14T19:00:00+09:00	35275687		https://nicovideo.cdn.nimg.jp/thumbnails/22668039/22668039	60379	1275	53	372	203	VOCALOID	結月ゆかり	ゆかりオリジナル曲	ねじ式（火曜日P）	JOYSOUND配信中	当然の疾走感	VOCAROCK	神調教	驚異的な中毒性	クールなゆかりうた	お洒落なゆかりうた
sm29391757	Original, 初音ミク／ 閃光花火	2016-08-06T19:00:00+09:00	8211134		https://nicovideo.cdn.nimg.jp/thumbnails/29391757/29391757	178869	1659	338	721	237	VOCALOID	初音ミク	ミクオリジナル曲	蜂屋ななし	閃光花火(蜂屋ななし)	ドッシー	古論	アミメキリン	VOCALOID夏曲	VOCALOID花火曲	VOCALOID殿堂入り
sm20024181	【GUMI】 防衛本能 【クワガタP×buzzG】	2013-02-07T19:35:34+09:00	8851187		https://nicovideo.cdn.nimg.jp/thumbnails/20024181/20024181	253404	7944	110	4035	271	VOCALOID	桑爺	クワガタP	buzzG	大鳥	VOCALOID殿堂入り	GUMIオリジナル曲	VOCAROCK	EXIT_TUNES_PRESENTS_GUMitia	防衛本能	
sm27908640	【人力ロンパ】陽炎≒Variation【日/向/創誕生祭2016】	2016-01-01T01:01:00+09:00	16754228		https://nicovideo.cdn.nimg.jp/thumbnails/27908640/27908640	1684	12	3	6	267	その他	スーパーダンガンロンパ2	人力ロンパ	日向創							
sm40358505	雨は実刑 / 初音ミク+Sohbana	2022-04-23T00:00:00+09:00	75236176		https://nicovideo.cdn.nimg.jp/thumbnails/40358505/40358505.83200482	243304	930	1474	492	231	VOCALOID	Sohbana	yuna	雨は実刑	ボカコレ2022春top100参加作品	初音ミク	ミクオリジナル曲	VOCAROCK	VOCALOID梅雨入り	VOCALOID殿堂入り	
sm35790639	雨を待つ。 / 音街ウナ	2019-10-09T20:00:00+09:00	22591607		https://nicovideo.cdn.nimg.jp/thumbnails/35790639/35790639.49284662	112382	1453	337	620	201	VOCALOID	午後ティー	音街ウナ	VOCALOIDオリジナル曲	ウナオリジナル曲	雨を待つ。	雨森ほわ	VOCALOID殿堂入り	vocaloid夏曲	VOCALOID梅雨入り	joysound配信中
sm35029130	MV「青へ向かう」/ GUMI	2019-04-26T20:00:00+09:00	21206545		https://nicovideo.cdn.nimg.jp/thumbnails/35029130/35029130.21604	152986	1024	290	469	292	VOCALOID	VOCALOIDオリジナル曲	GUMI	シャノン	青へ向かう	JOYSOUND配信中	クールなGUMIうた	ボカロP自作アニメーションMVリンク	VOCALOID殿堂入り	GUMI名曲リンク	物語音楽
sm40942796	面白おかしく生きて申し訳ない。 / 重音テト	2022-08-18T20:00:00+09:00	17586425		https://nicovideo.cdn.nimg.jp/thumbnails/40942796/40942796.59669994	142224	722	1143	292	152	VOCALOID	重音テト	UTAU	テトオリジナル曲	UTAUオリジナル曲	面白おかしく生きて申し訳ない。	青谷	謝罪P	ボカロ謝罪シリーズ	UTAU殿堂入り	
sm39540786	風邪ひくなよ / IA [CeVIO AI]	2021-10-27T21:00:00+09:00	20568982		https://nicovideo.cdn.nimg.jp/thumbnails/39540786/39540786.8715201	29829	403	809	338	200	VOCALOID	IAオリジナル曲	IA_-ARIA_ON_THE_PLANETES-	石風呂	CeVIO_AI	CeVIOオリジナル曲	風邪ひくなよ	CeVIOROCK	CeVIO_AI_IA_-ARIA_ON_THE_PLANETES-		
sm11822814	【鏡音レン】 飛雷震 【オリジナル】	2010-08-21T00:26:26+09:00	325945		https://nicovideo.cdn.nimg.jp/thumbnails/11822814/11822814	352449	13552	115	5628	195	VOCALOID	ゆうゆP	鏡音レン	tamajam	あちゃ(どあらP)						
sm26864298	【手描き】飴と鎖【ショートPV＋α】	2015-08-05T19:54:49+09:00	11949379		https://nicovideo.cdn.nimg.jp/thumbnails/26864298/26864298	379781	10894	294	3927	117	VOCALOID	PVつけてみた	飴と鎖	巡音ルカ	わんにゃんぷー	VOCALOID-PV	otetsu	VOCALOID-PV殿堂入り			
sm13129889	【鏡音×バルシェ×囚人P】　騎士道～アニメPV～　【オリジナル曲】	2010-12-26T00:41:44+09:00	8049125		https://nicovideo.cdn.nimg.jp/thumbnails/13129889/13129889	130465	3164	35	8241	515	VOCALOID	バルシェ	囚人P	VOCALOID-PV	中二病	レンオリジナル曲	VOCALOID殿堂入り	VOCALOIDと歌ってみた	騎士道（囚人P）		
sm40347860	魔女と旋律の街 / 可不・きりたん	2022-04-23T19:00:00+09:00	17546525		https://nicovideo.cdn.nimg.jp/thumbnails/40347860/40347860.19390731	76425	796	1346	515	182	ボカコレ2022春TOP100参加作品	VOCALOID	vocaloid民族調曲	cevioオリジナル曲	neutrinoオリジナル曲	可不オリジナル曲	AIきりたん	Fty	アルセチカ	mawari	ニコニコdaily_topics
sm2677711	初音ミクオリジナ曲　「魔法少女ラジカルペイント（LONG VERSION）」	2008-03-17T03:56:13+09:00	1091989		https://nicovideo.cdn.nimg.jp/thumbnails/2677711/2677711	367814	7165	199	15622	228	音楽	ミクオリジナル曲	cosMo（暴走P）	ラジカルペイント	コスモ（魔法少女P）	VOCALOID	VOCALOID殿堂入り	初音ミク	VOCALOID電波ソング	VOCALOID魔法少女入り	ネタが多すぎてタグに困る動画
sm37706081	MV 「魚類による考古学」/ GUMI	2020-10-22T18:01:00+09:00	21206545		https://nicovideo.cdn.nimg.jp/thumbnails/37706081/37706081.35900819	105760	1062	1137	1129	327	VOCALOID	vocaloidオリジナル曲	GUMI	シャノン	GUMIオリジナル曲	VOCALOID-PV	VOCALOID視覚芸術展	ボカロP自作アニメーションMVリンク	魚類による考古学	感性の反乱β	VOCALOID殿堂入り
sm28173207	龍の谷と太陽の砦／歌、Fukase	2016-02-10T19:00:00+09:00	20568982		https://nicovideo.cdn.nimg.jp/thumbnails/28173207/28173207	67421	1123	50	699	259	VOCALOID	石風呂	VOCALOIDFukase	龍の谷と太陽の砦	Fukaseオリジナル曲	VOCALOIDデモソング	切ないぼかうた	物語音楽	DAM配信中	Fukase名曲リンク	もっともっと評価されるべき
sm14934781	【初音ミク】「ヤリたいの。」【オリジナルPV】	2011-07-05T19:49:15+09:00	1251631		https://nicovideo.cdn.nimg.jp/thumbnails/14934781/14934781	317552	9173	46	18434	256	VOCALOID	初音ミク	ミクオリジナル曲	「ヤリたいの。」	ヘッドホン推奨	VOCALOID殿堂入り	釣られてよかった	用意したティッシュで涙を拭いた	タイトルホイホイ	ぼいじゃあ	
sm22068177	アスパラガス/初音ミクV3	2013-10-18T17:02:05+09:00	6310128		https://nicovideo.cdn.nimg.jp/thumbnails/22068177/22068177	78304	2128	44	628	269	VOCALOID	初音ミク	ミクオリジナル曲	606	松尾モノ	初音ミクV3	アスパラガス(606）	「シルエット」収録曲	お洒落なミクうた	DAM＆JOY配信中	
sm29334260	【初音ミク】アダルトファイア【オリジナルMV】	2016-07-28T18:47:14+09:00	36993065		https://nicovideo.cdn.nimg.jp/thumbnails/29334260/29334260	35644	720	52	181	264	VOCALOID	初音ミク	iNat	おいしいみそしる	お洒落なミクうた	ミックホップ	ミクオリジナル曲	アダルトファイア	VOCALOIDと歌ってみた	神曲	
sm29158932	アトモスフィア / はるまきごはん×そらる	2016-07-01T19:00:00+09:00	1796335		https://nicovideo.cdn.nimg.jp/thumbnails/29158932/29158932	247599	3181	110	3384	270	歌ってみた	アトモスフィア	はるまきごはん	そらる	そらるインフォ	ビー玉の中の宇宙	ビー玉の中の宇宙収録曲	ニコニコインディーズ	音楽		
sm31242011	MV - アナザードリーマー / *Luna feat.鏡音レン	2017-05-19T20:30:00+09:00	25646141		https://nicovideo.cdn.nimg.jp/thumbnails/31242011/31242011	107584	1227	130	403	220	VOCALOID	レンオリジナル曲	*Luna	鏡音レン	びび	はるお	のんたん	アナザードリーマー	おむたつ	鏡音レン名曲リンク	VOCALOID殿堂入り
sm6896161	アナロ熊のうたにアニメつけてみた	2009-04-30T00:51:21+09:00	464297		https://nicovideo.cdn.nimg.jp/thumbnails/6896161/6896161	605267	12291	59	10470	71	音楽	アナロ熊のうた	投稿者コメント	今までありがとう	本当にありがとうございました	アナログ	vocaloid	地デジカ	初音ミク	アナロ熊	PVつけてみた
sm43431566	アフター・ザ・ツァイス feat.可不 - ikomai	2024-02-22T19:00:00+09:00	124049105		https://nicovideo.cdn.nimg.jp/thumbnails/43431566/43431566.1586702	25122	473	973	615	365	VOCALOID	ボカコレ2024冬ルーキー参加曲	可不オリジナル曲	夜のうた	星のうた	VOCALOID視覚芸術展	可不	CeVIO_AI	CeVIOオリジナル曲	VOCALOID宇宙派	プログロイド
sm26913599	【初音ミク】アライン【オリジナル曲】	2015-08-13T19:00:00+09:00	12775027		https://nicovideo.cdn.nimg.jp/thumbnails/26913599/26913599	213124	4006	440	1413	256	VOCALOID	初音ミク	ミクオリジナル曲	すしP	VOCAROCK	爽やかなミクうた	VOCALOID夏曲	初音ミク名曲リンク	アライン(すしP)	当然の疾走感	VOCALOID殿堂入り
sm34436474	アンキ厨はアンキ中 ～To the next ERA！～／初音ミク・鏡音リン	2019-01-08T20:00:00+09:00	276638		https://nicovideo.cdn.nimg.jp/thumbnails/34436474/34436474.40703	73760	1085	62	773	287	VOCALOID	ボカロで覚える高校日本史収録曲	初音ミク	鏡音リン	みきとP	MUSIC_STUDY_PROJECT	ミク×リンリンク	ボカロラップ	VOCALOIDオリジナル曲	アンキ厨はアンキ中	vocaloid教材入り
sm41144625	【初音ミク】アンチテーゼ貴様-改-【syudou】	2022-09-28T20:00:00+09:00	3489219		https://nicovideo.cdn.nimg.jp/thumbnails/41144625/41144625.25027897	195068	936	2039	1000	190	VOCALOID	syudou	初音ミク	アンチテーゼ貴様	アンチテーゼ貴様-改-	sakiyama	VOCALOIDアレンジ曲	ダークなぼかうた	ふるさと納税	VOCALOID殿堂入り	ボカロワルツ
sm38893825	アンビバレンス / すりぃ feat.初音ミク	2021-06-18T19:00:00+09:00	78655994		https://nicovideo.cdn.nimg.jp/thumbnails/38893825/38893825.54381699	226542	1356	1421	573	177	VOCALOID	初音ミク	すりぃ	言ノ葉Project	言ノ葉Project_2ndシーズン	BLACK_ROSE	アンビバレンス（すりぃ）	ミクオリジナル曲	しきみ	VOCALOID殿堂入り	maimaiでらっくす
so43460391	インテグラル / Leo/need × 初音ミク	2024-03-01T18:30:00+09:00		2646600	https://nicovideo.cdn.nimg.jp/thumbnails/43460391/43460391.3737817	137172	1040	886	33	276	プロセカ公式	音楽	プロジェクトセカイ	Leo/need	初音ミク	VOCALOIDと歌ってみた	インテグラル	メレ	*Luna	インテグラル(*Luna)	
sm39472875	インヒューマン / エイハブ feat.可不	2021-10-14T00:00:00+09:00	95812305		https://nicovideo.cdn.nimg.jp/thumbnails/39472875/39472875.18005931	82609	668	976	426	183	VOCALOID	ボカコレ2021秋top100	ボカコレ2021秋ルーキー	可不	可不オリジナル曲	エイハブ	CeVIO_AI	インヒューマン	エイハ節	CeVIOオリジナル曲	鰓尾蕪
sm28997411	【初音ミク】ウサギノキモチ【アニマルMV】	2016-06-06T18:16:16+09:00	1091989		https://nicovideo.cdn.nimg.jp/thumbnails/28997411/28997411	70070	963	141	961	243	VOCALOID	初音ミク	cosMo(暴走P)	ウサギノキモチ	ミクオリジナル曲	擬態の新人	DJもちよ	VOCALOID動物園入り	AV(アニマルビデオ)	VOCALOIDうさぎ入り	有名Pの暴走シリーズ
sm39660202	ヴァイオレット・チル / 初音ミク	2021-11-23T18:00:00+09:00	77243007		https://nicovideo.cdn.nimg.jp/thumbnails/39660202/39660202.64502124	73591	308	512	216	183	VOCALOID	初音ミク	ミクオリジナル曲	Glue	アルセチカ	ヴァイオレット・チル	色	A_Fantastic_Go-Cart収録曲			
sm42826638	オーバーレイ・ワールド / 雪乃イト feat. 重音テト	2023-09-30T19:00:00+09:00	119841573		https://nicovideo.cdn.nimg.jp/thumbnails/42826638/42826638.98246830	49210	420	727	170	252	VOCALOID	重音テトsv	音楽	歌踊コレok	雪乃イト	やなぎなぎ	オーバーレイ・ワールド	レイの世界	重音テト	SynthesizerV	
sm42571626	ガラスハナビ / ねじ式 feat.小春六花	2023-08-05T00:00:00+09:00	35275687		https://nicovideo.cdn.nimg.jp/thumbnails/42571626/42571626.14347893	63018	705	1380	492	214	VOCALOID	ボカコレ2023夏TOP100ランキング参加曲	歌踊コレOK	ねじ式(火曜日p)	タカオカミズキ	藤墅。	小春六花オリジナル曲	小春六花	元気が出るボカうた	ガラスハナビ	VOCAROCK
sm24504339	【初音ミク】キュウビ御霊会ミステリヰ　～起承～【オリジナル曲】	2014-09-19T18:21:43+09:00	5272155		https://nicovideo.cdn.nimg.jp/thumbnails/24504339/24504339	262459	4087	106	2179	290	VOCALOID	初音ミク	てにをは	七星	ロウ	妖怪少年探偵團	戸松遥	VOCALOID殿堂入り	木村良平	キュウビ御霊会ミステリヰ＿～起承～	初音ミク名曲リンク
sm9559419	【初音ミク】「キミとボクのはんぶんこ」【オリジナル】	2010-01-31T20:55:40+09:00	865371		https://nicovideo.cdn.nimg.jp/thumbnails/9559419/9559419	112297	3646	69	1327	290	VOCALOID	電ポルP	りょーの	キミとボクのはんぶんこ	VOCAROCK	初音ミク	VOCALOID実写PV	JOYSOUNDリクエスト投票中	初音ミク名曲リンク	ミクオリジナル曲	VOCALOID殿堂入り
sm44581955	キミにしか描けない世界 / 音街ウナ	2025-02-21T19:00:00+09:00	131447130		https://nicovideo.cdn.nimg.jp/thumbnails/44581955/44581955.36769522	17506	541	1062	312	261	ボカコレ2025冬ルーキー参加曲	VOCALOID	音街ウナ	音街ウナSV	ウナオリジナル曲	歌踊コレok	KADクリ	SynthesizerV	どんの音楽工房	キミにしか描けない世界	SynthesizerVオリジナル曲
sm19532707	【鏡音レン様】ギガンティックO.T.N【オリジナル】	2012-12-08T19:00:00+09:00	4845576		https://nicovideo.cdn.nimg.jp/thumbnails/19532707/19532707	5211943	65943	6252	112845	201	VOCALOID	ギガンティックO.T.N	ギガP	れをる	△○□×	鏡音レン	レンオリジナル曲	レンの将来が不安になる動画	VOCALOID伝説入り	鏡音レン名曲リンク	
sm40351141	ギターロックと星の歌 / 初音ミク	2022-04-22T00:06:00+09:00	116628884		https://nicovideo.cdn.nimg.jp/thumbnails/40351141/40351141.76967134	31933	438	851	365	189	VOCALOID	初音ミク	ボカコレ2022春ルーキー参加作品	ボカコレ2022春TOP100参加作品	VOCAROCK	初音ミクNT	ミクオリジナル曲	にっくきゆう	ギターロックと星の歌	夜のうた	星のうた
sm31097356	ギルティダンスは眠らない / flower	2017-04-26T20:00:00+09:00	29053926		https://nicovideo.cdn.nimg.jp/thumbnails/31097356/31097356	121993	1036	61	276	177	VOCALOID	しーくん	みつきさなぎ	ため（叫べP）	v_flower	v_flowerオリジナル曲	VOCAROCK	ギルティダンスは眠らない	JOYSOUND配信中	VOCALOID殿堂入り	
sm9494968	【初音ミク】クソゲー実況プレイ【オリジナル】	2010-01-25T18:11:09+09:00	624824		https://nicovideo.cdn.nimg.jp/thumbnails/9494968/9494968	488198	17860	130	15276	213	VOCALOID	クソゲーだけど無理ゲーじゃない	VOCALOID殿堂入り	クソゲー実況プレイ	おにゅうp	ミクオリジナル曲	初音ミク	おれらのうた	VOCALOID-PV	人生は神ゲー	人生は糞ゲー
sm29047768	【結月ゆかり】 ゲッカビジン 【オリジナル】	2016-06-14T19:00:00+09:00	35275687		https://nicovideo.cdn.nimg.jp/thumbnails/29047768/29047768	64639	908	65	433	241	VOCALOID	ゲッカビジン	結月ゆかり	ねじ式(火曜日P)	ゆかりオリジナル曲	お洒落なゆかりうた	切ないゆかりうた	VOCAJAZZ	刹那い		
sm31225221	【結月ゆかり】コイビトモダチ【オリジナル】	2017-05-16T20:00:00+09:00	35275687		https://nicovideo.cdn.nimg.jp/thumbnails/31225221/31225221	127507	1770	129	1009	233	VOCALOID	結月ゆかり	ゆかりオリジナル曲	ねじ式（火曜日Ｐ）	檀上大空	アルミーダ	コイビトモダチ	守りたい、この笑顔	切ないゆかりうた	VOCALOID殿堂入り	涙腺崩壊
sm34247096	【初音ミク】ココロクバリ【オリジナル】	2018-11-30T19:00:00+09:00	17747959		https://nicovideo.cdn.nimg.jp/thumbnails/34247096/34247096.86592	98100	757	92	415	256	VOCALOID	初音ミクオリジナル曲	初音ミク	絶海	水無月	ミクオリジナル曲	ココロクバリ	アントゥルース・ディストーション	驚異的な中毒性	VOCALOID殿堂入り直前	
sm35704753	【琴葉姉妹オリジナル曲】コトノハクエスト【ドットアニメ風MV】	2019-09-20T19:00:00+09:00	894996		https://nicovideo.cdn.nimg.jp/thumbnails/35704753/35704753.54577773	32844	800	200	222	256	音楽	VOICEROIDオリジナル曲	歌うボイスロイド	KotonoSync	VOICEROID2_琴葉茜・葵	Chiptune	琴葉茜・葵	ボイロドット絵部	もっと評価されるべき	ドット絵	コトノハクエスト
sm3195440	（コラム）山際澄夫- 2ちゃんを見て、長野聖火リレー抗議活動へ参加した	2008-05-04T22:11:52+09:00	4357711		https://nicovideo.cdn.nimg.jp/thumbnails/3195440/3195440	9258	339	0	1033	335	政治	チャンネル桜	北京オリンピック	チベット	2ちゃんねる	草莽崛起	中国	長野県警	山際澄夫	便所の落書き以下の政府	
sm36405170	Miku＆cat nap - サイゼのない町	2020-02-22T22:22:00+09:00	16785147		https://nicovideo.cdn.nimg.jp/thumbnails/36405170/36405170.61960152	56549	1313	261	447	213	VOCALOID	初音ミク	ミクオリジナル曲	サイゼのない町	投稿時間	もっと評価されるべき	渋谷系	フォークロック	cat_nap	VOCALOIDと歌ってみた	
sm12849032	【初音ミク】「サイノウサンプラー」【オリジナル】	2010-11-25T00:19:15+09:00	865371		https://nicovideo.cdn.nimg.jp/thumbnails/12849032/12849032	1034657	19655	840	9268	210	VOCALOID	koyori	電ポルP	ミクオリジナル曲	初音ミク	サイノウサンプラー	初音ミク名曲リンク	VOCAROCK	VOCALOID伝説入り	(´°д°`)ｱｧ!	賢者タイム
sm26606956	【初音ミク】サカサマノカサカラ【オリジナルMV】	2015-07-01T20:00:00+09:00	7716899		https://nicovideo.cdn.nimg.jp/thumbnails/26606956/26606956	51361	1147	51	582	360	VOCALOID	初音ミク	サカサマノカサカラ	おあ	ちき子	spurblue.	VOCALOID梅雨入り	ミクオリジナル曲	ボカロバラード	ききいるミクうた	初音ミク名曲リンク
sm20350106	【鏡音リン・レン】 サクラ舞ガール 【オリジナルPV付】	2013-03-16T19:00:19+09:00	12718229		https://nicovideo.cdn.nimg.jp/thumbnails/20350106/20350106	66201	3643	24	1330	197	VOCALOID	VOCALOID-PV	座敷ウサギP	VOCALOID桜曲	サクラ舞ガール	あんP	鏡音オリジナル曲				
sm33774150	サクラソウ / IA	2018-09-01T17:00:00+09:00	12440440		https://nicovideo.cdn.nimg.jp/thumbnails/33774150/33774150	86842	943	90	392	221	VOCALOID	梅とら	IAオリジナル曲	サクラソウ(梅とら)	IA_-ARIA_ON_THE_PLANETES-	VOCALOIDオリジナル曲	「IA_THE_WORLD～鍵～」収録曲	rfdn（らふどん）	JOYSOUND配信中		
sm39734551	【ボカロ8人】Mr.シャーデンフロイデ【オリジナルMV】	2021-12-11T20:00:00+09:00	3397653		https://nicovideo.cdn.nimg.jp/thumbnails/39734551/39734551.6103336	737426	3107	4935	1912	254	VOCALOID	ひとしずくP	やま△	鈴ノ助	tso(とさお)	鏡音リン・レン	VOCALOIDオールスター	VOCALOID殿堂入り	VOCALOID空想童話曲リンク	「Vocalodelight」収録曲	物語音楽
sm33447553	【初音ミク】シガツビョウ【オリジナル】	2018-06-30T19:00:00+09:00	17747959		https://nicovideo.cdn.nimg.jp/thumbnails/33447553/33447553	110966	843	143	440	292	VOCALOID	初音ミクオリジナル曲	初音ミク	絶海	水無月	ミクオリジナル曲	驚異的な中毒性	シガツビョウ	VOCALOID殿堂入り		
sm37085156	シノノメ / まらしぃ feat.初音ミク	2020-06-24T21:16:02+09:00	2765486		https://nicovideo.cdn.nimg.jp/thumbnails/37085156/37085156.13066455	42084	799	217	691	246	初音ミク	シノノメ	まらしぃ	kors_k	ミクオリジナル曲	VOCALOID	モグモ	七星	drm	VocaR&B	
sm36410621	【手描き】脱法ジュエル feat.島村卯月【人力VOCALOID】	2020-02-23T22:46:02+09:00	17598990		https://nicovideo.cdn.nimg.jp/thumbnails/36410621/36410621.2681275	97111	1981	562	416	190	アイドルマスター	脱法ロック	島村卯月	人力vocaloid	音MAD	2nd_SIDEの最初の部分	音声mad@アイマス	手書き脱法ロック	アイドルマスター_シンデレラガールズ	Voc@loidM@ster	歌ってみたとの掛け合いがある音madリンク
sm34212926	スカーレットハート / flower	2018-11-23T20:00:00+09:00	25469486		https://nicovideo.cdn.nimg.jp/thumbnails/34212926/34212926	86616	700	49	338	194	VOCALOID	スカーレットハート	ぺむ	さかな	がっちゃん	v_flower	VOCAROCK	v_flowerオリジナル曲			
sm15620142	【みんなのリズム天国】悲しみのスコール【Full】	2011-09-16T16:15:44+09:00	6732		https://nicovideo.cdn.nimg.jp/thumbnails/15620142/15620142	190284	3046	102	316	220	ゲーム	みんなのリズム天国	悲しみのスコール	総史	リズム天国	ゲーム音楽	カラテ家	つんく♂	DAM&JOY配信中	Wii	リズム天国BGMリンク
sm27332594	プリズマ☆イリヤ ツヴァイ ヘルツ！ OP  「ワンダーステラ」 歌詞付き	2015-10-09T20:03:26+09:00	43509412		https://nicovideo.cdn.nimg.jp/thumbnails/27332594/27332594	2355934	11605	312	1410	296	音楽	fhána	プリズマ☆イリヤ	ワンダーステラ	ニコニコカラオケDB	アニソンカラオケDB	fate/kaleidliner	風教被害BGM	type-moon音楽関連リンク	on_vocal	
sm44976490	ストリートライト / 初音ミク、鏡音リン、鏡音レン、巡音ルカ、KAITO、MEIKO	2025-05-12T19:00:00+09:00	54491385		https://nicovideo.cdn.nimg.jp/thumbnails/44976490/44976490.59209554	124794	1569	1635	352	197	VOCALOID	初音ミク	KAITO	ネギシャワーP	からながれ	鏡音リン・レン	MEIKO	巡音ルカ	マジカルミライ	クリプトンオールスターズ	VOCALOID殿堂入り
sm24691165	スパークガールシンドローム　うたった【SymaG】	2014-10-14T20:33:25+09:00	23420636		https://nicovideo.cdn.nimg.jp/thumbnails/24691165/24691165	2305702	14027	398	3911	173	歌ってみた	スパークガールシンドローム	島爺	SymaG	島った	マイリス巡回推奨	GEW収録曲				
sm20229507	【初音ミク】 セツナサイクル 【オリジナルPV】	2013-03-03T00:43:10+09:00	280102		https://nicovideo.cdn.nimg.jp/thumbnails/20229507/20229507	178887	7242	59	3095	267	VOCALOID	初音ミク	VOCAROCK	yui_wani	しめのソラ	セツナサイクル	VOCALOID殿堂入り	初音ミク名曲リンク	ミクオリジナル曲	DAM&JOY配信中	VOCALOID春曲
sm30512696	【オリジナル】 センチメンタルキネマ ／ 初音ミク	2017-01-27T19:02:00+09:00	53435803		https://nicovideo.cdn.nimg.jp/thumbnails/30512696/30512696	234565	1646	288	816	208	VOCALOID	初音ミク	ユリイ・カノン	片井雨司	窓付き＠	VOCAROCK	センチメンタルキネマ	ミクオリジナル曲	VOCALOID殿堂入り	レトロなボカうた	ボカロ歌謡曲
sm28091795	セントライト / HarryP feat.初音ミク	2016-01-28T20:00:00+09:00	21788239		https://nicovideo.cdn.nimg.jp/thumbnails/28091795/28091795	69154	960	44	470	339	VOCALOID	初音ミク	はりー	前略P	YoP	ミクオリジナル曲	セントライト(はりー)	もっと評価されるべき	VOCAROCK		
sm29489764	Paradisus-Paradoxum Full  / リゼロ OP２	2016-08-21T02:26:08+09:00	25655332		https://nicovideo.cdn.nimg.jp/thumbnails/29489764/29489764	2622024	23673	675	13615	237	アニメ	音楽	Re:ゼロから始める異世界生活	MYTH&ROID	Paradisus-Paradoxum						
sm22757095	ソイネ／164 feat.GUMI	2014-01-27T20:00:00+09:00	582229		https://nicovideo.cdn.nimg.jp/thumbnails/22757095/22757095	85090	2507	36	928	223	VOCALOID	164	房野聖	GUMI	ソイネ	VOCAROCK	Vocalofanatic収録曲	GUMIオリジナル曲	DAM&JOY配信中		
sm9293649	【鏡音リン】 ソラトバズ 【オリジナル曲】	2010-01-05T00:02:55+09:00	1446360		https://nicovideo.cdn.nimg.jp/thumbnails/9293649/9293649	165659	6581	70	4739	248	VOCALOID	鏡音リン	トラボルタP	野生のNHK	ソラトバズ	リンオリジナル曲	みんなのリンうた	J-PYOPPYO	DAM&JOY配信中	鏡音リン名曲リンク	VOCALOID殿堂入り
sm19242354	【VOCALOID】ダァカァハロウィンヤムヤミギリア【オリジナル曲】	2012-10-31T00:01:10+09:00	145381		https://nicovideo.cdn.nimg.jp/thumbnails/19242354/19242354	229468	4487	111	4201	289	VOCALOID	マチゲリータP	VOCALOIDハロウィン曲	VOCALOIDオリジナル曲	たわし（絵師）	Tom(酒言実行P)	ダァカァハロウィンヤムヤミギリア	VOCALOID幻想狂気曲リンク	VOCALOID殿堂入り	VOCALOIDオールスター	
sm31057328	【初音ミク】 ツキノワグマ 【オリジナル！】	2017-04-19T19:00:00+09:00	8851187		https://nicovideo.cdn.nimg.jp/thumbnails/31057328/31057328	62910	1314	88	641	256	VOCALOID	buzzG	りゅうせー	初音ミク	ツキノワグマ(buzzG)	松岡美弥子	ミクオリジナル曲				
sm43087713	テルミーヘルプミー / 雪乃イト feat. 初音ミク	2023-11-30T19:00:00+09:00	119841573		https://nicovideo.cdn.nimg.jp/thumbnails/43087713/43087713.48752628	71992	428	823	207	159	VOCALOID	初音ミク	音楽	#プロセカNEXT	初音ミクオリジナル曲	ミクオリジナル曲	雪乃イト	かわいいミクうた	MikuPOP	恋するミクうた	テルミーヘルプミー
sm37543264	sasakure. UK - トーチカ feat.初音ミク MV 深瀬佑	2020-09-19T14:18:03+09:00	461870		https://nicovideo.cdn.nimg.jp/thumbnails/37543264/37543264.86162885	189592	1246	843	745	214	VOCALOID	sasakure.UK	初音ミク	深瀬佑	トーチカ	ミクオリジナル曲	切ないミクうた	VOCALOIDと歌ってみた	VOCALOID殿堂入り		
sm38242221	∴煮ル果実「ドクトリーヌ」with Flower	2021-02-10T19:10:00+09:00	32646403		https://nicovideo.cdn.nimg.jp/thumbnails/38242221/38242221.55758699	304670	1569	1787	545	206	VOCALOID	v_flower	煮ル果実	カンタロ	v_flowerオリジナル曲	ドクトリーヌ	お洒落な花うた	VOCALOID殿堂入り	中村リョーマ	うp主誕生祭2021	vocaloid病棟入り
sm26260361	『おねがいダーリン』を歌ってみました。【松下】	2015-05-15T17:06:34+09:00	5888056		https://nicovideo.cdn.nimg.jp/thumbnails/26260361/26260361	2366062	22362	909	7624	195	歌ってみた	おねがいダーリン	松下(歌い手)	CeVIOオリジナルを歌ってみた							
sm44673575	ネバーエンディング・シンフォニー ～交響曲2624～ / キュー feat. 初音ミク	2025-02-21T19:00:00+09:00	126529536		https://nicovideo.cdn.nimg.jp/thumbnails/44673575/44673575.39950165	194122	712	1984	1088	201	ボカコレ2025冬ルーキー参加曲	VOCALOID	初音ミク	ミクオリジナル曲	歌踊コレok	キュー	#プロセカNEXT	ネバーエンディングシンフォニー	KADクリ	VOCALOID殿堂入り	Niar（絵師）
sm25154021	【GUMI】「ノンデ・パナシーア」【オリジナル】	2014-12-19T19:00:34+09:00	865371		https://nicovideo.cdn.nimg.jp/thumbnails/25154021/25154021	228227	3511	209	1572	246	VOCALOID	電ポルP	GUMIオリジナル曲	koyori	GUMI	VOCAROCK	VOCALOID殿堂入り	ノンデ・パナシーア	GUMI名曲リンク	『FOLK』収録曲	驚異的な中毒性
sm27532286	【いじめられっ子の僕が】ハイドアンドシークVer.るぅと	2015-11-07T21:00:00+09:00	47864053		https://nicovideo.cdn.nimg.jp/thumbnails/27532286/27532286	505590	5783	2938	8807	266	歌ってみた	ハイドアンド・シーク	るぅと	くぬあみ							
sm33999026	ハイドランジア / IA 梅とら	2018-10-11T19:00:00+09:00	12440440		https://nicovideo.cdn.nimg.jp/thumbnails/33999026/33999026	102329	992	146	367	168	VOCALOID	梅とら	IAオリジナル曲	ハイドランジア(梅とら)	VOCALOID幻想狂気曲リンク	IA＿－ARIA＿ON＿THE＿PLANETES－	もっと伸びるべき	VOCALOID殿堂入り			
sm32995064	ハズレメイト/花とミク	2018-04-03T20:00:00+09:00	39274211		https://nicovideo.cdn.nimg.jp/thumbnails/32995064/32995064	89459	1037	106	658	276	VOCALOID	初音ミク	v_flower	VOCALOIDオリジナル曲	v_flowerオリジナル曲	しじま	ハズレメイト	ミクオリジナル曲	ミク&flowerリンク	しじま(紫嶌_開世)	
sm27438584	【初音ミク】 ハロウィンナイトパーリー 【n.k】	2015-10-24T19:00:00+09:00	38366207		https://nicovideo.cdn.nimg.jp/thumbnails/27438584/27438584	108394	1696	82	2329	249	VOCALOID	初音ミク	n.k	ハロウィンナイトパーリー	VOCALOIDハロウィン曲	納得の感動	ハロウィン	初音ミク名曲リンク	かわいいミクうた	あらかわいい	VOCALOID殿堂入り
sm19891613	[GUMI・MV] ハンドメイドミライ / TOKOTOKO（西沢さんP）	2013-01-22T20:02:19+09:00	11450042		https://nicovideo.cdn.nimg.jp/thumbnails/19891613/19891613	259213	7247	124	2308	239	VOCALOID	西沢さんP	べて（絵師）	かごめP	ハンドメイドミライ	GUMI	VOCAROCK	VOCALOID殿堂入り	DAM&JOY配信中	GUMIオリジナル曲	
sm28687387	【初音ミク】バベルサーカス【オリジナルMV】	2016-04-22T19:00:00+09:00	22711505		https://nicovideo.cdn.nimg.jp/thumbnails/28687387/28687387	232500	3366	168	1403	214	VOCALOID	Diarays	アボガド6	バベルサーカス	初音ミク	VOCALOID視覚芸術展	VOCALOID-PV	VOCALOID殿堂入り	ミクオリジナル曲	初音ミク名曲リンク	コウ(ボカロp)
sm32460538	【初音ミク】ヒトヒトシイ【オリジナル】	2017-12-24T19:00:00+09:00	17747959		https://nicovideo.cdn.nimg.jp/thumbnails/32460538/32460538	192740	1786	117	709	236	VOCALOID	絶海	ヒトヒトシイ	初音ミク	水無月	ミクオリジナル曲	VOCALOID殿堂入り	最後まで聴くべき	脅威的な中毒性	Chiptune×VOCALOIDリンク	
sm31996010	【結月ゆかり＆IA】ピニャコラーダ【オリジナル】	2017-09-26T20:00:00+09:00	35275687		https://nicovideo.cdn.nimg.jp/thumbnails/31996010/31996010	468534	4272	889	2194	222	VOCALOID	結月ゆかり	IA_-ARIA_ON_THE_PLANETES-	ねじ式(火曜日P)	ゆかりオリジナル曲	檀上大空	ゆかり&IAリンク	ゆかいあ	VOCALOID百合曲	VOCALOID殿堂入り	ピニャコラーダ
sm40632249	『フューチャー・イヴ』feat.初音ミク / sasakure.‌UK + 有形ランペイジ	2022-06-17T19:00:00+09:00	461870		https://nicovideo.cdn.nimg.jp/thumbnails/40632249/40632249.3672661	1482614	9276	11006	3719	219	VOCALOID	初音ミク	sasakure.UK	有形ランペイジ	革蝉	マジカルミライ	フューチャー・イヴ	VOCALOID伝説入り	ミクオリジナル曲	初音ミク名曲リンク	マジカルミライ10th_anniversary
sm43674966	フラフープハレーション /Twinfield FEAT. 初音ミク	2024-04-19T21:00:00+09:00	1663328		https://nicovideo.cdn.nimg.jp/thumbnails/43674966/43674966.67547437	38449	266	443	95	140	VOCALOID	初音ミク	Twinfield	ミクオリジナル曲	メレ	あげは	VOCALOID仏堂入り	vocaloid宗教入り	良調教		
sm6935693	【巡音ルカ】 フルチカゾン 【オリジナル曲】	2009-05-03T22:15:04+09:00	735743		https://nicovideo.cdn.nimg.jp/thumbnails/6935693/6935693	189553	4618	159	3082	209	巡音ルカ	ルカオリジナル曲	なんとかP	DAM&JOY配信中	VOCALOID	VOCALOID殿堂入り	VOCALOID病棟入り	エレクトロルカ	フルチカゾン	電子ドラッグ	
sm8923574	【リンレン・ルカ・KAITO】 プリティふんどし☆悪マレン 【オリジナル】	2009-11-26T19:49:42+09:00	1371450		https://nicovideo.cdn.nimg.jp/thumbnails/8923574/8923574	504682	12815	295	26784	225	VOCALOID	ゆにめもP	ぶっちぎりP	巡音ルカ	プリティふんどし☆悪マレン	KAITO	ルカ＆レンリンク	VOCALOID殿堂入り	レンの将来が不安になる動画	VOCALOIDオリジナル曲	鏡音レン
sm43424452	プリマドンナ / flower	2024-02-23T00:00:00+09:00	4215206		https://nicovideo.cdn.nimg.jp/thumbnails/43424452/43424452.93269728	60095	393	668	101	182	VOCALOID	v_flower	v_flowerオリジナル曲	VOCAROCK	ボカコレ2024冬TOP100ランキング参加曲	ヤスタツ	ケダルイ	プリマドンナ	歌踊コレOK		
sm11350757	「ヘイムダルの角笛」【初音ミクオリジナルPV】	2010-07-11T12:41:55+09:00	7550057		https://nicovideo.cdn.nimg.jp/thumbnails/11350757/11350757	123938	4178	54	2326	211	VOCALOID	KulfiQ	NOCO	Myon5	とれパン(生放送主)	ヘイムダルの角笛	北欧神話	ミクオリジナル曲	世界崩壊曲リンク	JOYSOUND配信中	VOCALOID殿堂入り
nm4384528	【初音ミク】　ペヤングだばあ　【オリジナル曲】	2008-08-23T15:12:37+09:00	7622467		https://nicovideo.cdn.nimg.jp/thumbnails/4384528/4384528	632357	13289	304	11167	110	名誉のＰ名除外	まさかの殿堂だばあ	屈辱のP名ランクイン	chan×co	音楽	ミクオリジナル曲	ペヤングだばあ	VOCALOID殿堂入り	VOCALOID	初音ミク	大ピンチずかん
sm27477249	ホーリーフラッグ ／ CHiCO with HoneyWorks	2015-10-30T18:00:00+09:00	1646151		https://nicovideo.cdn.nimg.jp/thumbnails/27477249/27477249	1178769	16199	174	12723	255	音楽	ホーリーフラッグ	CHiCO_with_HoneyWorks	HoneyWorks							
sm34546386	【鏡音リン】 ボードゲームライフ 【buzzG×ねじ式】	2019-01-29T20:00:00+09:00	8851187		https://nicovideo.cdn.nimg.jp/thumbnails/34546386/34546386.26310	60620	1037	101	437	235	VOCALOID	buzzG	ねじ式	黒野京	鏡音リン	ボードゲームライフ	buzz式	もっと伸びるべき	リンオリジナル曲	VOCAROCK	ねじ式(火曜日P)
sm29014803	☪ポケットサイズ・ドラマチカリ ／ 天月-あまつき-×西沢さんP	2016-06-09T19:00:00+09:00	28385		https://nicovideo.cdn.nimg.jp/thumbnails/29014803/29014803	402820	4574	61	3228	209	歌ってみた	西沢さんP	天月-あまつき-	ポケットサイズ・ドラマチカリ	たるとP						
sm32413210	【鏡音リンレン】ポジティ部vsネガティ部【オリジナルMV/ワンオポ】	2017-12-13T20:00:00+09:00	13893300		https://nicovideo.cdn.nimg.jp/thumbnails/32413210/32413210	327442	2805	495	3160	240	VOCALOID	鏡音リン	鏡音レン	ワンダフル☆オポチュニティ！	じーざすP	グライダー絵師	鏡音オリジナル曲	ポジティ部vsネガティ部	鏡音誕生祭2017	VOCALOID殿堂入り	VOCALOID学生化計画
sm13435239	マスターキートン OST未収録音源集	2011-01-29T07:08:23+09:00	3601910		https://nicovideo.cdn.nimg.jp/thumbnails/13435239/13435239	14800	497	15	184	1709	MASTERキートン	マスターキートン	名曲	サウンドトラック	作業用BGM	探してたあの曲	未収録曲	蓜島邦明	浦沢直樹	アニメ	ケルト音楽
sm16039172	[GUMI] ミュンヒハウゼン / TOKOTOKO（西沢さんP）	2011-10-31T18:06:09+09:00	11450042		https://nicovideo.cdn.nimg.jp/thumbnails/16039172/16039172	180190	6428	54	2393	210	VOCALOID	西沢さんP	夜宵	かごめP	ミュンヒハウゼン(西沢さんP)	GUMIオリジナル曲	GUMI	VOCALOID殿堂入り	VOCAROCK	DAM＆JOY配信中	GUMI名曲リンク
sm31315520	初音ミク - ミッドナイト・プール	2017-06-01T00:00:00+09:00	16785147		https://nicovideo.cdn.nimg.jp/thumbnails/31315520/31315520	78403	1291	228	302	256	VOCALOID	初音ミク	ミクオリジナル曲	cat_nap	夜のうた	VOCALOID実写PV	ミッドナイト・プール	VOCALOIDと歌ってみた	VOCALOID名曲リンク		
sm3605027	初音ミクオリジナル曲 「ミクとピアノとファンタジィ」	2008-06-09T08:30:44+09:00	1091989		https://nicovideo.cdn.nimg.jp/thumbnails/3605027/3605027	213440	3811	101	8445	240	ミクオリジナル曲	ミクとピアノとファンタジィ	cosMo(暴走P)	VOCALOID殿堂入り	空想庭園シリーズ	VOCALOID	初音ミク	ピアノミク	かわいいミクうた		
sm44143141	∴煮ル果実「ムーンガイズ」with 初音ミク	2024-09-27T19:10:00+09:00	32646403		https://nicovideo.cdn.nimg.jp/thumbnails/44143141/44143141.88774405	128506	651	1203	170	209	VOCALOID	初音ミク	煮ル果実	エラハイコ	初音ミクオリジナル曲	ミクオリジナル曲	ムーンガイズ	v_flower	VOCALOID殿堂入り		
sm11119842	【初音ミク】メメント・モリ【オリジナル曲】	2010-06-20T00:24:44+09:00	1297189		https://nicovideo.cdn.nimg.jp/thumbnails/11119842/11119842	63744	2116	40	944	271	VOCALOID	studio_balabushka	メメント・モリ	初音ミク	ポップ・レクイエム	ミクノポップ	黙ってマイリス	ミクオリジナル曲	死を想え		
sm18193604	【GUMI】妄想メランコリー【オリジナル曲PV付】	2012-06-26T00:01:48+09:00	8785358		https://nicovideo.cdn.nimg.jp/thumbnails/18193604/18193604	508784	18474	107	6851	180	VOCALOID	すこっぷ	ぴちょこ	GUMI	GUMIオリジナル曲	妄想メランコリー	「境界センチメンタル」収録曲	VOCALOID殿堂入り	GUMI名曲リンク	DAM&JOY配信中	ラーメンタイマー
sm25338523	【初音ミク】メロウバースデー・イヴ【オリジナル】	2015-01-13T19:00:00+09:00	19096296		https://nicovideo.cdn.nimg.jp/thumbnails/25338523/25338523	75562	1312	84	483	209	VOCALOID	初音ミク	ミクオリジナル曲	ユジー	水溜鳥	柊南	メロウバースデー・イヴ	かわいいミクうた			
sm34186872	メンデーナ/花とミク	2018-11-17T20:00:00+09:00	39274211		https://nicovideo.cdn.nimg.jp/thumbnails/34186872/34186872	51084	665	135	311	190	VOCALOID	初音ミク	v_flower	VOCALOIDオリジナル曲	メンデーナ	しじま	VOCAJAZZ	ミク＆flowerリンク	ボカロP自作アニメーションMVリンク	もっと評価されるべき	
sm25560812	【初音ミク】 モノクロメモリーズ 【オリジナルMV】	2015-02-13T20:00:00+09:00	12718229		https://nicovideo.cdn.nimg.jp/thumbnails/25560812/25560812	77144	2907	15	717	236	VOCALOID	投稿者コメント	初音ミク	ミクオリジナル曲	あん	なか	モノクロメモリーズ				
sm40363124	◈*_ユーフォノスクオリア	2022-04-23T19:00:03+09:00	93563471		https://nicovideo.cdn.nimg.jp/thumbnails/40363124/40363124.47151929	157464	1171	1828	596	260	VOCALOID	UTAU	UTAUオリジナル曲	ボカコレ2022春TOP100参加作品	つくよみちゃん	ゆくえわっと	◈*	つくよみちゃんオリジナル曲	ユーフォノスクオリア	UTAU殿堂入り	
so40820682	ユラルラル / 初音ミク	2022-07-28T18:00:00+09:00		2648319	https://nicovideo.cdn.nimg.jp/thumbnails/40820682/40820682.54337748	38048	729	1350	539	237	ミクオリジナル曲	ボカロワルツ	無色透名祭	VOCALOID	初音ミク	ユラルラル	感性の反乱β	ピアノミク			
sm42445800	ラストメティオ / KAITO・初音ミク - すこやか大聖堂	2023-08-05T00:00:00+09:00	115941476		https://nicovideo.cdn.nimg.jp/thumbnails/42445800/42445800.47341943	42688	449	1024	558	160	VOCALOID	KAITOオリジナル曲	ミクオリジナル曲	ボカコレ2023夏TOP100ランキング参加曲	KAITO	初音ミク	VOCALOIDオリジナル曲	KAITO&ミクリンク	ボカムンベース	すこやか大聖堂	世界崩壊曲リンク
sm34533917	[初音ミク] ランウェイのファンタジスタ / TOKOTOKO（西沢さんP）	2019-01-27T19:00:00+09:00	11450042		https://nicovideo.cdn.nimg.jp/thumbnails/34533917/34533917.81850	317297	3551	377	1553	224	VOCALOID	西沢さんP	初音ミク	ランウェイのファンタジスタ	VOCALOID殿堂入り	友達募集P	モゲラッタ	ミクオリジナル曲	ボカロファンク		
sm37276165	マイリスト数、激減してませんか？	2020-07-31T15:13:02+09:00	55428122		https://nicovideo.cdn.nimg.jp/thumbnails/37276165/37276165.37772818	8760992	26959	38830	2128	142	ニコニコ動画講座	↑動画説明文も見てください	↑いいね！をニコレポに反映するには	↑ニコレポ公開設定の変更が必要です	いいね！	マイリスト	VOICEROID劇場	とりあえずマイリスト	VOICEROID解説	東北きりたん	VOICEROID+_東北きりたん
sm8269164	【鏡音レン】パラジクロロベンゼン【ガルナ/オワタP】	2009-09-19T05:55:54+09:00	1320776		https://nicovideo.cdn.nimg.jp/thumbnails/8269164/8269164	5469605	115679	5640	157424	233	オワタP	三重の人	VOCALOID	鏡音レン	レンオリジナル曲	ベンゼンシリーズ	縣	パラジクロロベンゼン	鏡音レン名曲リンク	DAM&JOY配信中	VOCALOID伝説入り
sm18926528	【クトゥルフ】ルルブのシナリオ全部つなげてみたpart0	2012-09-20T00:31:04+09:00	7250088		https://nicovideo.cdn.nimg.jp/thumbnails/18926528/18926528	526837	11031	315	1538	341	ゲーム	ゆっくりTRPG	クトゥルフ神話TRPG	クトゥルフ神話TRPG第一話リンク	ルルブのシナリオ全部つなげてみた	ゆっくりTRPG完結済みリンク	クトゥルフ神話TRPG完結済みリンク	KP涙拭けよ	TRPG		
sm32711287	【第20回MMD杯本選】かーにばるフレンズ	2018-02-09T21:00:00+09:00	826230		https://nicovideo.cdn.nimg.jp/thumbnails/32711287/32711287	2150980	63825	2506	19998	209	作ってみた	MikuMikuDance	第20回MMD杯本選	すーぱー☆あふぇくしょん	カーニバル・ファンタズム	けものフレンズ	MMDけもフレ	ネタを挟まないと死んじゃう病	本当の愛はここにある	納得の感動	けもフレオールスター
sm16345552	ロック屋さんのぐだぐだ毎日／歌、開発コードmiki	2011-12-04T21:38:59+09:00	20568982		https://nicovideo.cdn.nimg.jp/thumbnails/16345552/16345552	269642	7259	143	5186	202	VOCALOID	石風呂	ロック屋さんのぐだぐだ毎日	AHS生誕祭2011	中学嫌いシリーズ	VOCALOID殿堂入り	mikiオリジナル曲	かごめP	伝説のmikiマスター	DAM&JOY配信中	
sm24365207	『＋♂』をウザさＭＡＸでコラボってみたったwwwwwwwwwwwwwwwwwwwwwwwwwwwwww	2014-08-31T18:00:00+09:00	32091755		https://nicovideo.cdn.nimg.jp/thumbnails/24365207/24365207	4557677	49603	2055	109566	217	歌ってみた	＋♂	あるふぁきゅん。	クプラ	藤	クプラきゅん。	田中×清水＝結婚！！				
sm33144650	-ize / 初音ミク	2018-05-02T20:00:00+09:00	79470667		https://nicovideo.cdn.nimg.jp/thumbnails/33144650/33144650	48150	326	474	108	194	VOCALOID	-ize	初音ミク	r-906	ハイフナイズ	いぜ	クールなミクうた	もっと評価されるべき	先生、タグロックそこであってます	vocarock	
sm4660488	Hot  knows... 【松岡修造】	2008-09-18T05:18:22+09:00	8716972		https://nicovideo.cdn.nimg.jp/thumbnails/4660488/4660488	5323901	77544	3449	261405	186	エンターテイメント	松岡修造	音MAD	God_knows...	トリプルシジミリオン	Hot_knows...	業火ロイド	地球温暖歌	元気が出る動画		
sm43354930	0産工場 / 足立レイ	2024-02-04T22:12:03+09:00	122665369		https://nicovideo.cdn.nimg.jp/thumbnails/43354930/43354930.99186881	20541	262	830	227	202	足立レイオリジナル曲	足立レイ	UTAU	UTAUオリジナル曲	VOCALOID	ボカロp自作アニメーションmvリンク	おれらのうた	VOCALOID工場入り	ボカロインダストリアル	労働用BGM	VOCALOIDドット絵PVリンク
sm16199339	【ミクオリジナル曲】10％Luv.【koma’n】	2011-11-18T07:08:29+09:00	9514005		https://nicovideo.cdn.nimg.jp/thumbnails/16199339/16199339	82273	4280	20	2256	236	VOCALOID	koma’n	初音ミク	10％Luv.	ミクオリジナル曲	VOCAROCK					
sm6168009	ファイアボール 全13話	2009-02-16T05:57:17+09:00	293651		https://nicovideo.cdn.nimg.jp/thumbnails/6168009/6168009	1893945	68621	1178	119706	1377	アニメ	ファイアボール	ドロッセル	ゲデヒトニス	ββ時代の英傑	ショートコント	シュールギャグ				
sm25579199	【第14回MMD杯本選】一般男性脱糞シリーズ	2015-02-15T01:50:51+09:00	46289745		https://nicovideo.cdn.nimg.jp/thumbnails/25579199/25579199	2923570	61415	2216	54436	130	例のアレ	MikuMikuDance	尊師MMD	第14回MMD杯本選	MMD杯14本-華やか	一般男性脱糞シリーズ	M811	ダブルミリオン動画	唐澤貴洋		
sm28505542	1BitHeart / 鏡音リン	2016-03-26T22:30:00+09:00	366367		https://nicovideo.cdn.nimg.jp/thumbnails/28505542/28505542	74030	1487	46	704	203	VOCALOID	鏡音リン	VOCAROCK	△○□×	リンオリジナル曲	VOCALOID-PV	テヅカ	納得の感動	Chiptune×VOCALOIDリンク	良調教	さらに評価されるべき
sm26523237	22世紀の僕らは / 初音ミク	2015-06-19T20:03:46+09:00	33802565		https://nicovideo.cdn.nimg.jp/thumbnails/26523237/26523237	141591	1376	288	370	250	VOCALOID	初音ミク	ミクオリジナル曲	VOCAROCK	はるまきごはん	22世紀の僕らは	良調教	初音ミク名曲リンク	VOCALOID殿堂入り	VOCALOIDオリジナル曲	オルタナティブミック
sm2965975	【KAITOオリ曲】2丁目ブルース～あんたあたいの何なのさ…～【オカマ系】	2008-04-12T00:34:20+09:00	145381		https://nicovideo.cdn.nimg.jp/thumbnails/2965975/2965975	206305	4587	117	19473	298	音楽	マチゲリータP	KAITOオリジナル曲	KAITO	JOYSOUND配信中	カマイト	2丁目ブルース	たわし（絵師）	VOCALOID殿堂入り	訓練されたコメント	VOCALOID
sm8340094	アイドルマスター 宝野ハルカ -MASTER ARTIST 66-	2009-09-26T06:09:39+09:00	299052		https://nicovideo.cdn.nimg.jp/thumbnails/8340094/8340094	433472	19524	100	14075	720	アイドルマスター	RidgerP作品	im@sコラボPV	iM@Sミュージカル	シンクロ率765%	ALIPROJECT	天海春香	黒春香	イライラした結果	ニコマス良作タグ	
sm8100847	初音ミクオリジナル曲 「732日」	2009-08-31T23:57:46+09:00	273443		https://nicovideo.cdn.nimg.jp/thumbnails/8100847/8100847	155579	6701	73	4537	371	初音ミク	ミクオリジナル曲	732日	音楽	VOCALOID殿堂入り	初音ミク名曲リンク	VOCALOIDイメージソング	malo	VOCALOID	8月31日はミク誕生祭	ボカロバラード
sm8074666	【実況】 ８月３２日 part1	2009-08-29T13:59:44+09:00	12433178		https://nicovideo.cdn.nimg.jp/thumbnails/8074666/8074666	1718356	6064	200	147082	702	ゲーム	ぼくのなつやすみ	実況プレイ動画	8月32日	アブ	コワイコワイ	ぼくのずるやすみ	顔面崩壊	驚きの白さ	アブ(実況者)	アブ短め実況シリーズ
sm8074666	【実況】 ８月３２日 part1	2009-08-29T13:59:44+09:00	12433178		https://nicovideo.cdn.nimg.jp/thumbnails/8074666/8074666	1718356	6064	200	147082	702	ゲーム	ぼくのなつやすみ	実況プレイ動画	8月32日	アブ	コワイコワイ	ぼくのずるやすみ	顔面崩壊	驚きの白さ	アブ(実況者)	アブ短め実況シリーズ
sm18049396	【初音ミク&amp;GUMI】9'ON【オリジナル曲・PV】	2012-06-09T18:01:47+09:00	8493719		https://nicovideo.cdn.nimg.jp/thumbnails/18049396/18049396	237465	8936	167	7515	242	VOCALOID	VOCALOID小説派生曲	PIROPARU	多英子	9'ON（クオン）	NO.6	VOCALOIDオリジナル曲	初音ミク	GUMI	VOCALOID殿堂入り	ミク＆GUMIリンク
sm35818316	9andA / ねじ式 feat.紲星あかり	2019-10-15T20:00:00+09:00	35275687		https://nicovideo.cdn.nimg.jp/thumbnails/35818316/35818316.61426316	20471	456	130	252	242	VOCALOID	VOCALOIDオリジナル曲	紲星あかり	ねじ式(火曜日P)	紲星あかりオリジナル曲	ちょま	爽やかなぼかうた	牧内シンジ	きずおね	あかりオリジナル曲	紲星あかり流行れ紲星あかり流行れ
sm28996569	【闇音レンリ】 = Destiny = 【オリジナル】	2016-06-06T18:00:00+09:00	46116463		https://nicovideo.cdn.nimg.jp/thumbnails/28996569/28996569	30882	635	18	229	383	VOCALOID	UTAU	UTAUオリジナル曲	闇音レンリ	レンリオリジナル曲	UTAUバラード	禿親父(ド)Ｍ	神調教	魂実装済み	既存楽曲復活祭2026参加	既存楽曲復活祭2016年～2019年部門
sm2057168	M.C.ドナルドはダンスに夢中なのか？最終鬼畜道化師ドナルド・Ｍ	2008-01-17T02:37:09+09:00	921777		https://nicovideo.cdn.nimg.jp/thumbnails/2057168/2057168	23212832	186621	33628	23828482	318	ドナルド	U.N.オーエンは彼女なのか？	最終鬼畜妹フランドール・Ｓ	エンターテイメント	東方乱々流	音MAD	重要ニコニコ文化財	ドナルド教総本山	国宝「リグル観音」	東方紅毛郷	弾幕動画
sm43433420	A.D.P /Twinfield feat. 初音ミク &amp; 巡音ルカ	2024-02-23T00:00:00+09:00	1663328		https://nicovideo.cdn.nimg.jp/thumbnails/43433420/43433420.96058166	14375	180	456	85	183	ボカコレ2024冬TOP100ランキング参加曲	歌踊コレOK	VOCALOID	初音ミク	巡音ルカ	#コンパスアニメ曲エントリー	Twinfield	めるのめる	ミク&ルカリンク	ミクオリジナル曲	ルカオリジナル曲
sm44988833	【#Vファン】Vファン座談会 #6《今回の特集：あつぶい祭2025春　振り返り》【AILAS】	2025-05-16T21:00:00+09:00	121379227		https://nicovideo.cdn.nimg.jp/thumbnails/44988833/44988833.75110046	32	1	1	0	1827	Vファン座談会	AIGROUP	月影ハク	デスレガ	ラジオ	あつぶい祭2025春					
sm34317013	Anokumene 【Dynamix】	2018-12-14T15:52:07+09:00	86574346		https://nicovideo.cdn.nimg.jp/thumbnails/34317013/34317013	131	0	0	1	124	ゲーム	Dynamix	Jun_Kuroda								
sm15429569	【初音ミク(とく)】Arrow of Love【オリジナル曲】	2011-08-27T03:46:35+09:00	161775		https://nicovideo.cdn.nimg.jp/thumbnails/15429569/15429569	137706	6170	58	4539	222	VOCALOID	とくP	初音ミク	Arrow_of_Love	星のうた	VOCALOID殿堂入り	初音ミク名曲リンク	VOCALO_SMILE_feat.初音ミク収録曲	JOYSOUND配信中	ミクオリジナル曲	
sm19618320	【TAB】Good-bye atman を弾いてみた【ギター】	2012-12-19T19:07:35+09:00	2380847		https://nicovideo.cdn.nimg.jp/thumbnails/19618320/19618320	34323	873	4	343	366	演奏してみた	弾いてみた	Good-bye_atman	ギター	TAB	たつ(演奏者)	超絶技巧	3:59	峰正典	Good-bye_human	もっと評価されるべき
nm22278376	【霧雨が降る森】B/C【手書き】	2013-11-18T00:24:27+09:00	4917788		https://nicovideo.cdn.nimg.jp/thumbnails/22278376/22278376	207596	6257	70	2365	205	描いてみた	霧雨が降る森	須賀シオ	霧雨MAD	手描き霧雨	末長く大爆発してください					
sm13560654	【初音ミク】BadBye【オリジナル曲PV付き】	2011-02-11T07:58:31+09:00	9514005		https://nicovideo.cdn.nimg.jp/thumbnails/13560654/13560654	1542671	40130	1090	17591	178	VOCALOID	軌跡＠CAxis	BadBye	厨二	koma’n	初音ミク	DAM&JOY配信中	VOCALOID伝説入り	VOCAROCK	初音ミク名曲リンク	ミクオリジナル曲
sm10324027	【鏡音リン】BeDash【オリジナル】(ChipTune)	2010-04-08T19:27:00+09:00	1379098		https://nicovideo.cdn.nimg.jp/thumbnails/10324027/10324027	43776	2110	16	1184	285	VOCALOID	鏡音リン	ファミロックP	Chiptune×VOCALOIDリンク	VOCAROCK	BeDash	ニコニ・コモンズ	リンオリジナル曲	良作再浮上リンク		
sm32045	biohazard4　日本語吹き替え版01	2007-03-14T19:24:32+09:00	30094		https://nicovideo.cdn.nimg.jp/thumbnails/32045/32045	381112	4600	26	24993	568	バイオハザード4	実況プレイ動画	日本語吹き替え版	新感覚冷やし系魔法少女ヒャド							
sm31287927	【APヘタリアMMD】Black Out：モーショントレース	2017-05-27T13:30:00+09:00	53868266		https://nicovideo.cdn.nimg.jp/thumbnails/31287927/31287927	268118	5315	774	1257	195	その他	AxisPowersヘタリア	APヘタリアMMD	APヘタリア普憫リンク	APヘタリア親分リンク	MMDモーショントレース	Black_Out(梅とら)	MMDモーション配布あり	APヘタリア南伊太利亜リンク	APヘタリア日本リンク	多人数モーション
sm6267250	【 はちみつれもん × ラストリモート 】 〃ラストリモート～Blaze Mix 〃	2009-02-26T02:35:35+09:00	9651917		https://nicovideo.cdn.nimg.jp/thumbnails/6267250/6267250	930062	5127	31	3513	242	東方	ラストリモート	はちみつれもん	スキマツアー	中恵光城	東方ヴォーカル	東方アレンジ	レイサナの道を歩む	博麗霊夢	東風谷早苗	
sm26817685	【結月ゆかり】BLOOD SHELL【おりじなる】	2015-07-30T10:10:00+09:00	14378590		https://nicovideo.cdn.nimg.jp/thumbnails/26817685/26817685	11389	841	0	303	214	VOCALOID	結月ゆかり	ゆかりオリジナル曲	クンカクンカP	no10	BLOOD_SHELL	主コメ	歌ってみろ			
sm24313370	BU-LA-LA　うたった【SymaG】	2014-08-24T21:05:25+09:00	23420636		https://nicovideo.cdn.nimg.jp/thumbnails/24313370/24313370	968029	9840	97	2010	206	歌ってみた	BU-LA-LA	島爺	SymaG	ボカロオリジナルを歌ってみた	ミリオン予備軍					
sm43334833	Bubble×Kidz! / Twinfield feat. 鏡音リン・レン	2024-01-31T16:00:00+09:00	1663328		https://nicovideo.cdn.nimg.jp/thumbnails/43334833/43334833.9816376	13531	217	354	64	174	VOCALOID	鏡音リン	鏡音レン	Twinfield	めるのめる	鏡音リン・レン	鏡音オリジナル曲	リンオリジナル曲	レンオリジナル曲	もっと評価されるべき	
sm20359720	【初音ミク】BUILD AND SCRAP【オリジナル】	2013-03-17T21:00:00+09:00	32640395		https://nicovideo.cdn.nimg.jp/thumbnails/20359720/20359720	89580	1317	29	374	207	VOCALOID	IronQuality	ナナホシ管弦楽団	No.734	初音ミク	VOCAROCK	BUILD_AND_SCRAP	ミクオリジナル曲	不純異性交遊P		
sm3075492	【初音ミク】rain stops, good-bye【オリジナル曲】	2008-04-23T05:12:56+09:00	1480332		https://nicovideo.cdn.nimg.jp/thumbnails/3075492/3075492	656276	19583	899	3498	330	初音ミク	ミクオリジナル曲	におP	VOCALOID	rain_stops,good-bye	VOCALOID殿堂入り	DAM&JOY配信中	ボカロバラード	初音ミク名曲リンク	ききいるミクうた	vocaloid梅雨入り
sm6018690	巡音ルカ「Bye-Bye Lover」【オリジナル曲】	2009-02-02T01:29:48+09:00	2476652		https://nicovideo.cdn.nimg.jp/thumbnails/6018690/6018690	157220	6172	132	1700	191	音楽	samfree	ルカオリジナル曲	ヘッドホン推奨	巡音ルカ名曲リンク	Bye-Bye_Lover	vocaR&B	VOCALOID殿堂入り	VOCALOID	巡音ルカ	
sm11269476	Choose Me  feat.初音ミク【ヒャダイン】	2010-07-04T00:01:01+09:00	1374465		https://nicovideo.cdn.nimg.jp/thumbnails/11269476/11269476	652246	12674	235	14189	240	VOCALOID	ヒャダイン	初音ミク	COCO	両手に俺	choose_me	ヒャダル子	ミクオリジナル曲	VOCALOID殿堂入り	VOCALOIDと歌ってみた	セルフハーレム
sm29899130	Cigarette - 初音ミク	2016-10-25T20:00:00+09:00	47827818		https://nicovideo.cdn.nimg.jp/thumbnails/29899130/29899130	79734	1410	102	406	230	VOCALOID	フタリ	金子開発	初音ミク	ミクオリジナル曲	驚異的な中毒性	初音ミク名曲リンク	涙腺崩壊	魂実装済み	Cigarette	
sm21402937	〔オリジナル〕cLick cRack ver NORISHIO味	2013-07-21T19:00:00+09:00	16253346		https://nicovideo.cdn.nimg.jp/thumbnails/21402937/21402937	866296	12480	270	10670	276	歌ってみた	ギガP	おればななP	cLick_cRack							
so7387765	【初音ミク】「Dear cocoa girls」PV スペシャルモジュールver.（女性編）【Project DIVA】	2009-06-19T17:58:35+09:00		253	https://nicovideo.cdn.nimg.jp/thumbnails/7387765/7387765	223636	3568	49	5912	187	家庭用ゲーム	SEGA	セガ	PSP	ゲーム	初音ミク-ProjectDIVA-	初音ミク	Dear_cocoa_girls	神前暁	畑亜貴	デッドボールP
sm44071960	Confetti / 箱庭コト	2024-09-06T20:00:00+09:00	11450042		https://nicovideo.cdn.nimg.jp/thumbnails/44071960/44071960.11051865	34672	449	764	133	202	VOCALOID	西沢さんP	箱庭コト	ハコニワリリィ	Kotoha	Confetti	CeVIOオリジナル曲	かわいいぼかうた	箱庭コトオリジナル曲	VOCALOIDデモソング	CeVIOROCK
sm41946278	Copyright / ねじ式 feat.Ci flower &amp; v flower	2023-03-19T00:00:00+09:00	35275687		https://nicovideo.cdn.nimg.jp/thumbnails/41946278/41946278.8745327	50971	600	1335	350	181	ボカコレ2023春TOP100ランキング参加曲	VOCALOID	cevio_ai	ci_flowerオリジナル曲	v_flowerオリジナル曲	ci_flower	VOCALOID&CeVIOオリジナル曲	v_flower	ねじ式(火曜日P)	お洒落な花うた	
sm1946500	【鏡音レン】crystal mic（ちょっとだけ修正版）【オリジナル】	2008-01-04T16:03:12+09:00	204682		https://nicovideo.cdn.nimg.jp/thumbnails/1946500/1946500	144560	3803	50	1572	242	音楽	鏡音レン	VOCALOID2	レンオリジナル曲	天使の鼻声	PVも支援！→sm2108112	クリスタルP	crystal_mic	レンの低音	VOCALOID	VOCALOID殿堂入り
sm19535017	ポケモンが超エキサイティングな3Dアクションゲームになってる件	2012-12-08T22:20:13+09:00	2010519		https://nicovideo.cdn.nimg.jp/thumbnails/19535017/19535017	4231032	92712	5073	161986	340	バトルドーム	バトルドーム発売祭2012冬	ゲーム	えなり	ポケットモンスター	深刻な素材不足	Q時代の賢者	見る抗うつ剤	ツクットモンスター	音MAD	重要ニコニコ文化財
sm27311479	【GUMI】Dear Moon【オリジナルPV】	2015-10-06T21:00:00+09:00	24882114		https://nicovideo.cdn.nimg.jp/thumbnails/27311479/27311479	93837	1657	90	645	228	VOCALOID	レフティモンスターP	天月	たるとP	GUMI	みっ君	Dear_Moon	GUMIオリジナル曲	Major.1stSingle	VOCALOID殿堂入り直前	VOCALOID月曲
sm3228702	「ケロ⑨ destiny」に絵をつけてみました	2008-05-07T18:45:35+09:00	2065777		https://nicovideo.cdn.nimg.jp/thumbnails/3228702/3228702	2615219	56381	1343	40506	197	東方	SilverForest	ケロ⑨destiny	めらみぽっぷ	洩矢諏訪子	東方ヴォーカル	東方風神録	餅屋まろ助			
sm11333292	【初音ミク】Dive'N'Arrive【オリジナル】	2010-07-10T00:03:19+09:00	7852128		https://nicovideo.cdn.nimg.jp/thumbnails/11333292/11333292	52879	2398	10	707	233	VOCALOID	初音ミク	ミクオリジナル曲	磯P	riria009	Dive'N'Arrive	クールなミクうた	VOCAROCK	JOYSOUND配信中	DAMリクエスト投票中	せいしをかけたたたかい
sm5613855	「For me 」　DOUBLE	2008-12-21T15:59:42+09:00	9793071		https://nicovideo.cdn.nimg.jp/thumbnails/5613855/5613855	9896	214	4	110	339	DOUBLE	DOUBLE（ミュージシャン）	R&B	J-R&B	筒美京平	冷たい月	挿入歌	デビュー曲	隠れた名曲	本人作詞	90年代邦楽
sm15406427	神威がくぽオリジナル曲 「Dr.リアリスト」  【星ノ少女ト幻奏楽土】	2011-08-24T20:14:23+09:00	1091989		https://nicovideo.cdn.nimg.jp/thumbnails/15406427/15406427	382440	7303	231	9135	341	VOCALOID	cosMo(暴走P)	神威がくぽ	Dr.リアリスト	星ノ少女ト幻奏楽土	ナスボス	VOCALOID殿堂入り	がくっぽいど	EXIT_TUNES_PRESENTS_煌百花繚乱舞踏会	がくぽオリジナル曲	
so41225456	DREAM PLACE / MORE MORE JUMP！ × MEIKO【3DMV】	2022-10-19T22:30:00+09:00		2646600	https://nicovideo.cdn.nimg.jp/thumbnails/41225456/41225456.87242975	303938	1120	1958	284	140	プロセカ公式	音楽	プロジェクトセカイ	MOREMOREJUMP！	MEIKO	VOCALOIDと歌ってみた	DREAM_PLACE	EasyPop	MORE_MORE_JUMP!	プロセカ殿堂入り	
sm24643818	【VOCALOID 原創】ECHO【Gumi English】	2014-10-08T13:39:07+09:00	19241380		https://nicovideo.cdn.nimg.jp/thumbnails/24643818/24643818	9002870	94917	12357	93848	244	VOCALOID	投稿者コメント	ECHO（CRUSHER-P）	GUMI	:-)	GUMIオリジナル曲	CRUSHER-P	VOCALOID外国語曲リンク	VOCALOID伝説入り	VOCALOID神話入り直前	
sm12585861	【ミクオリジナル曲】Eclair～消えた貴女のための鎮魂歌～【Append】	2010-10-29T23:45:28+09:00	145381		https://nicovideo.cdn.nimg.jp/thumbnails/12585861/12585861	66734	1835	16	4633	245	VOCALOID	マチゲリータP	ミクオリジナル曲	甘党	出オチ	有名Pの暴走シリーズ	Eclair～消えた貴女のための鎮魂歌～	そしてsm19932413へ…	VOCALOID食堂入り	初音ミク	初音ミク迷曲リンク
sm5752170	【 ALiCE'S EMOTiON × 少女さとり～3rd eye 】 〃Tag〃	2009-01-04T22:56:43+09:00	9651917		https://nicovideo.cdn.nimg.jp/thumbnails/5752170/5752170	1753680	14071	109	10838	220	東方地霊殿	ALiCE'S_EMOTiON	スキマツアー	REDALiCE							
sm6689410	beatmania IIDX 9thからEMPRESSまでの選曲画面BGM集	2009-04-08T15:42:25+09:00	39145		https://nicovideo.cdn.nimg.jp/thumbnails/6689410/6689410	113683	2746	31	10222	2001	音ゲー	選曲BGM	音ゲー史料	beatmaniaIIDX	前作でやれ	空気を読まないRyu☆	上田	次回作でやれ			
sm32777927	Endless Dream	2018-02-23T20:00:00+09:00	37661986		https://nicovideo.cdn.nimg.jp/thumbnails/32777927/32777927	85862	505	40	102	182	VOCALOID	forute	ふろく	烏田	ピアノミク	お洒落なミクうた	VOCAJAZZ	Endless_Dream	初音ミク	初音ミクdark	
nm8561077	巡音ルカオリジナル曲・Esmeralda	2009-10-19T21:26:38+09:00	963044		https://nicovideo.cdn.nimg.jp/thumbnails/8561077/8561077	43339	1828	15	525	304	VOCALOID	巡音ルカ	ルカオリジナル曲	SeikoP	巡音幻想曲	架空言語	伝説のルカマスター	VOCALOID民族調曲	クリスタルミュージック	プログロイド	巡音ルカ名曲リンク
sm33101364	【手描きコナン】triple：）face【ゼロの執行人】	2018-04-24T18:00:00+09:00	7933909		https://nicovideo.cdn.nimg.jp/thumbnails/33101364/33101364	512240	11590	1764	1989	232	描いてみた	名探偵コナン	手描きコナン	安室透	赤井秀一	降谷零	バーボン(名探偵コナン)	ゼロの執行人	純黒の悪夢		
sm11951611	【巡音ルカ】fanfan【オリジナル】	2010-08-31T23:02:15+09:00	343167		https://nicovideo.cdn.nimg.jp/thumbnails/11951611/11951611	97829	4433	26	2031	311	VOCALOID	巡音ルカ	ルカオリジナル曲	emon(Tes.)	イママP	fanfan	ミヤ(絵師)	巡音ルカ名曲リンク	VOCALOID-PV	VOCALOID殿堂入り直前	
sm22012769	【PV】ナノ(nano) feat. MY FIRST STORY - SAVIOR OF SONG	2013-10-10T21:50:00+09:00	5447837		https://nicovideo.cdn.nimg.jp/thumbnails/22012769/22012769	3939843	61886	747	17093	251	音楽	蒼き鋼のアルペジオ	SAVIOR_OF_SONG	ナノ(歌い手)	MY_FIRST_STORY	アニソンfull	ニコニコインディーズ	ニコニコインディーズ伝説入り			
sm11950673	初音ミクオリジナル曲 「Flowering」	2010-08-31T22:04:23+09:00	273443		https://nicovideo.cdn.nimg.jp/thumbnails/11950673/11950673	150620	4696	68	3309	268	音楽	VOCALOID	初音ミク	ミクオリジナル曲	Flowering	初音ミク名曲リンク	VOCALOID殿堂入り	心の休憩所	malo	8月31日はミク誕生祭	ピアノミク
sm38530055	Fluffy Blue Comet / irucaice feat. 初音ミク	2021-04-03T20:00:00+09:00	25451746		https://nicovideo.cdn.nimg.jp/thumbnails/38530055/38530055.44768552	48404	397	396	201	300	音楽	vocaloid	初音ミク	ミクオリジナル曲	ミクノポップ	いるかアイス	うどんタイマー	idemitsu	MikuPOP	Fluffy_Blue_Comet	VOCALOID宇宙派
sm14270346	【GUMI】 FRAME OUT 【オリジナル曲PV付】	2011-04-26T20:48:36+09:00	4694033		https://nicovideo.cdn.nimg.jp/thumbnails/14270346/14270346	111038	4939	12	2825	247	VOCALOID	ダルビッシュＰ	ＧＵＭＩ	EiK	EXIT_TUNES_PRESENTS_Supernova5	GUMIオリジナル曲	VOCALOID殿堂入り	かる	シエル*	たま葱	VOCAROCK
sm20720638	【APヘタリアMMD】俺様による黒鷲の舞FREYJA.sys～システム・フレイヤ～	2013-04-28T20:03:34+09:00	3973362		https://nicovideo.cdn.nimg.jp/thumbnails/20720638/20720638	251093	6905	289	2396	267	その他	APヘタリアMMD	AxisPowersヘタリア	MikuMikuDance	APヘタリア普憫リンク	FREYJA.sys～システム・フレイヤ～	MMDカメラ配布あり	アクロバットP	普領の聖地	APヘタリア殿堂入り	
sm30167871	jet to the futere 限定なおかれ	2016-12-04T21:53:08+09:00	43565650		https://nicovideo.cdn.nimg.jp/thumbnails/30167871/30167871	583	8	0	4	130	Futer	神谷奈緒	Jet_to_the_Futere	デレステ	アイドルマスターシンデレラガールズ	アイドルマスター_シンデレラガールズ	北条加蓮	アイドルマスター			
sm6085510	【巡音ルカと神威がくぽ】ggrks-ググれカス-【オリジナル曲】	2009-02-08T18:27:38+09:00	1148330		https://nicovideo.cdn.nimg.jp/thumbnails/6085510/6085510	1049591	27265	906	29585	219	音楽	巡音ルカ	がくっぽいど	ルカオリジナル曲	がくぽオリジナル曲	ggrks-ググれカス-	がくぽ＆ルカリンク	VOCALOID	あー民P	VOCALOID伝説入り	VOCALOIDオリジナル曲
sm34457656	【MV】GHOST／まふまふ×nqrse	2019-01-11T18:00:00+09:00	18874531		https://nicovideo.cdn.nimg.jp/thumbnails/34457656/34457656.84898	1942461	18601	1105	12953	262	歌ってみた	GHOST	まふまふ	nqrse	Mes	寺田てら	MONO-Devoid	GHOST(まふまふ×nqrse)	NNIオリジナル曲	ニコニコインディーズ伝説入り	
sm21981492	【鏡音リン】giga戯画witch【オリジナル曲】	2013-10-06T04:00:04+09:00	31695079		https://nicovideo.cdn.nimg.jp/thumbnails/21981492/21981492	502599	5635	914	7220	222	VOCALOID	鏡音リン	giga戯画witch	黒澤まどか	えみりお(絵師)	リンオリジナル曲	VOCALOID殿堂入り	VOCALOID幻想狂気曲リンク	子供犯罪シリーズ	VOCALOIDハロウィン曲	VOCALOID魔法少女入り
sm35866152	【初音ミク×鏡音リン】Gimme×Gimme【八王子P×Giga】	2019-10-26T18:00:00+09:00	15104449		https://nicovideo.cdn.nimg.jp/thumbnails/35866152/35866152.16699174	3916252	35515	8887	7155	220	VOCALOID	八王子P	ギガP	q*Left	初音ミク	鏡音リン	Gimme×Gimme	VOCALOIDオリジナル曲	ミク×リンリンク	VOCALOID伝説入り	VOCALOIDデュエット曲
sm7116638	【作業用BGM】☆Girls Rock Star☆【洋楽】	2009-05-22T05:27:25+09:00	5212006		https://nicovideo.cdn.nimg.jp/thumbnails/7116638/7116638	2750462	60206	189	26674	5343	音楽	洋楽	ガールズロック	洋楽作業用BGM	アニメ色のない作業用BGM						
sm10037227	氷山キヨテルオリジナル曲「Guilty Verse」（PV付き）	2010-03-15T21:00:19+09:00	144833		https://nicovideo.cdn.nimg.jp/thumbnails/10037227/10037227	1075065	15933	704	23625	253	VOCALOID	ぺぺろんP	キヨテルオリジナル曲	氷山キヨテル	Guilty_Verse	魂実装済み	VOCALOID伝説入り	ボカロ史上最高のシャウト	2017年ver→sm32368779	伝説のキヨテルマスター	DAM&JOY配信中
sm6054716	【初音ミク】Happy Birthday to You（for 巡音ルカ）【オリジナルPV】	2009-02-06T00:06:03+09:00	3379829		https://nicovideo.cdn.nimg.jp/thumbnails/6054716/6054716	42416	2120	15	515	105	音楽	初音ミク	ミクオリジナル曲	Vocaloid-PV	巡音ルカ	Happy_Birthday_to_You	VOCALOID	TEAM犬小屋	ネギトロ	JOYSOUND配信中	ミク＆ルカリンク
sm4113963	初音ミク「HAPPY SUNDAY」【オリジナル曲】	2008-07-29T05:06:10+09:00	2476652		https://nicovideo.cdn.nimg.jp/thumbnails/4113963/4113963	190745	5177	74	4035	263	音楽	初音ミク	HAPPY_SUNDAY	samfree	VOCALOID	初音ミク名曲リンク	ミクオリジナル曲	VOCALOID殿堂入り	日曜日	元気が出るミクうた	かわいいミクうた
sm15355081	【第7回MMD杯本選】Heart Beats PV	2011-08-19T18:36:52+09:00	1293397		https://nicovideo.cdn.nimg.jp/thumbnails/15355081/15355081	966262	34390	219	13425	313	踊ってみた	第7回MMD杯本選	MMD杯7本-縄文時代	Heart_Beats	MikuMikuDance	ussyP	MMD杯受賞作品	MMD傑作選	MikuMikuDance殿堂入り	MMD-PV	MMDモーション配布あり
sm14981888	【初音ミク PV】Heart Shooter	2011-07-10T21:17:34+09:00	876644		https://nicovideo.cdn.nimg.jp/thumbnails/14981888/14981888	256615	12806	32	6804	301	VOCALOID	初音ミク	味噌汁P	MikuMikuDance	あるぴ	MMD傑作選	VOCALOID-PV殿堂入り	MikuMikuDance殿堂入り	ブラザーP	ラジP	MMD-PV
sm33773666	初音ミクオリジナル曲「Helium」	2018-08-30T16:04:02+09:00	2044734		https://nicovideo.cdn.nimg.jp/thumbnails/33773666/33773666	27469	450	139	101	258	VOCALOID	初音ミク	ミクオリジナル曲	keisei	VOCALOEDM	どくみつ	VOCALOIDイメージソング	初音ミク誕生祭2018	Helium(keisei)	ミクノポップ	
sm5911252	【初音ミク】Hope【オリジナル】	2009-01-22T06:50:47+09:00	4283869		https://nicovideo.cdn.nimg.jp/thumbnails/5911252/5911252	461516	12854	255	3609	197	音楽	ゆよゆっぺ	ミクオリジナル曲	Hope	meola	VOCALOID	VOCALOID殿堂入り	DAM&JOY配信中	初音ミク	HOPE(ゆよゆっぺ)	VOCAROCK
sm9688253	【第4回MMD杯本選】I sing for you【MMD-PV】	2010-02-12T21:00:41+09:00	4011478		https://nicovideo.cdn.nimg.jp/thumbnails/9688253/9688253	96141	4560	14	2450	315	VOCALOID	第4回MMD杯本選	mikumikudance	I_sing_for_you	MMD-Band_Edition	cort	パワーコードP	第4回MMD杯【無冠の傑作】リンク	魂実装済み	厚手のハンカチをご用意ください	VOCALOID殿堂入り直前
sm17685613	【手描きIb】深海のIb【完成版※ネタバレ注意】	2012-04-30T08:45:42+09:00	2066977		https://nicovideo.cdn.nimg.jp/thumbnails/17685613/17685613	1962107	61966	1253	45536	263	描いてみた	Ib	手描きIb	深海のリトルクライ	目からマカロン	手描きMAD	手描きmad殿堂入り	フリゲmadリンク	Ib非プレイ動画リンク		
sm7951730	【第3回MMD杯本選】Vocaloid On Ice ～ ミクのICE☆SHOW ～ 	2009-08-16T14:46:52+09:00	5156396		https://nicovideo.cdn.nimg.jp/thumbnails/7951730/7951730	264209	10858	50	7586	223	第3回MMD杯本選	MMD杯3本-1	MikuMikuDance	つんでれんこ	エンターテイメント	魂実装済み	MikuMikuDance殿堂入り	MMDスケート	MMD傑作選	初音ミク	
sm7919275	【巡音ルカ】Ignition【オリジナル】	2009-08-13T00:22:03+09:00	1169727		https://nicovideo.cdn.nimg.jp/thumbnails/7919275/7919275	252394	7585	94	3126	312	音楽	巡音ルカ	Dixieflatline	みとさ	ルカオリジナル曲	VOCALOID殿堂入り	Ignition	VOCALOID	DAM&JOY配信中	VOCALOIDドライブソング	ボカムンベース
sm7919275	【巡音ルカ】Ignition【オリジナル】	2009-08-13T00:22:03+09:00	1169727		https://nicovideo.cdn.nimg.jp/thumbnails/7919275/7919275	252394	7585	94	3126	312	音楽	巡音ルカ	Dixieflatline	みとさ	ルカオリジナル曲	VOCALOID殿堂入り	Ignition	VOCALOID	DAM&JOY配信中	VOCALOIDドライブソング	ボカムンベース
sm39543812	『iki』／ 鏡音リン	2021-10-28T22:45:00+09:00	56431939		https://nicovideo.cdn.nimg.jp/thumbnails/39543812/39543812.15964970	111056	877	1060	361	216	VOCALOID	鏡音リン	Noz.	mikuma	iki(Noz.)	kagamination2収録曲	kagaminationFESTA	リンオリジナル曲	VOCALOIDと歌ってみた	VOCALOID殿堂入り	
sm30331557	【合作】東方夏淫夢2016 ~the Immorality Medley of Pornstars	2016-12-31T00:00:00+09:00	22344857		https://nicovideo.cdn.nimg.jp/thumbnails/30331557/30331557	188163	1784	252	3011	729	例のアレ	東方	真夏の夜の淫夢	東方夏淫夢	音MAD	メドレーと化した先輩	夏淫夢メドレーシリーズ	淫夢オールスター	淫夢音MADリンク	114514再生	
sm37230719	ImmortalClub/初音ミク MV	2020-07-23T19:00:00+09:00	78627783		https://nicovideo.cdn.nimg.jp/thumbnails/37230719/37230719.61565901	55479	442	190	89	216	VOCALOID	VOCALOIDオリジナル曲	ミクオリジナル曲	Peg	ウエダツバサ	ImmortalClub	初音ミク	MikuPOP	もっと評価されるべき		
sm13123138	【初音ミク】iMPErIAL PaRaDE【オリジナル】	2010-12-25T12:25:37+09:00	1578269		https://nicovideo.cdn.nimg.jp/thumbnails/13123138/13123138	88181	2115	70	730	193	VOCALOID	初音ミク	ミクオリジナル曲	世界の新着動画完走組	ドMホイホイ	もっと評価されるべき	Tom（酒言実行P）	VOCAROCK	iMPErIAL_PaRaDE	歌ってみろ	
sm4666590	【MEIKO】INTERMISSION(オリジナル曲)	2008-09-18T22:51:25+09:00	330524		https://nicovideo.cdn.nimg.jp/thumbnails/4666590/4666590	133714	3733	95	3282	315	yanagiP	伝説のMEIKOマスター	音楽	INTERMISSION	VOCALOID殿堂入り	ハイパークールな姉さんリンク	MEIKOオリジナル曲	MEIKO	VOCALOID	Meikonic収録曲	
sm11868958	【初音ミクappend】INTIMACY【オリジナル曲】	2010-08-24T21:27:15+09:00	554170		https://nicovideo.cdn.nimg.jp/thumbnails/11868958/11868958	111147	3287	37	1470	252	VOCALOID	初音ミク	whoo	初音ミクAppend	ミクオリジナル曲	INTIMACY	s10rw	VOCALOID殿堂入り	プログロイド	マスロック	ポストミック
sm5463116	鏡音レン・初音ミクオリジナル曲　Invisible Tears（完成版）	2008-12-06T10:55:32+09:00	1809435		https://nicovideo.cdn.nimg.jp/thumbnails/5463116/5463116	126930	3378	80	1063	184	鏡音レン	初音ミク	レンオリジナル曲	ミクオリジナル曲	tysP	Invisible_Tears	ミク＆レンリンク	VOCALOID殿堂入り	VOCALOID	ボカロラップ	DAM&JOY配信中
sm38422741	【にじさんじMMD】Joker Boy 【モーション配布終了】	2021-03-15T04:08:02+09:00	47803408		https://nicovideo.cdn.nimg.jp/thumbnails/38422741/38422741.94315452	12217	188	202	29	59	mmdにじさんじ	不破湊	不破湊mmd	にじさんじmmd	JokerBoy	JokerBoy（アオワイファイ）	MMD	MMDバーチャルYouTuber			
so43453051	JUMPIN’ OVER ! / MORE MORE JUMP! × 初音ミク	2024-02-27T22:45:00+09:00		2646600	https://nicovideo.cdn.nimg.jp/thumbnails/43453051/43453051.62603851	281275	1648	1786	148	201	プロセカ公式	音楽	プロジェクトセカイ	MORE_MORE_JUMP！	初音ミク	VOCALOIDと歌ってみた	r-906	JUMPIN'_OVER_!	プロセカ殿堂入り	米室	
sm38625854	◈*_keli	2021-04-24T00:02:02+09:00	93563471		https://nicovideo.cdn.nimg.jp/thumbnails/38625854/38625854.8123529	101058	625	870	186	186	VOCALOID	UTAU	UTAUオリジナル曲	ボカコレ2021春TOP30	ボカコレ2021春ルーキー	keli	氷歌ナツコ	健音テイ	水音ラル	ゆくえわっと	UTAU殿堂入り
sm21707095	『Let me know』　～ヨンソ動画に乗せて～(re)	2013-08-29T21:01:58+09:00	25675491		https://nicovideo.cdn.nimg.jp/thumbnails/21707095/21707095	50128	988	1	159	212	音楽	ヨンソ	ソヒョン								
sm19802092	‐ IA ‐　『 Let-ters 』　オリジナル曲	2013-01-11T20:00:00+09:00	76265		https://nicovideo.cdn.nimg.jp/thumbnails/19802092/19802092	115931	4812	42	1327	272	VOCALOID	Heavenz	モゲラッタ	IA_-ARIA_ON_THE_PLANETES-	Let-ters	DAM配信中	IAオリジナル曲	IA名曲リンク	VOCALOID殿堂入り		
sm4101016	【初音ミク】Liberate～赤い海の夜明け～【オリジナル曲】	2008-07-27T23:21:51+09:00	7767524		https://nicovideo.cdn.nimg.jp/thumbnails/4101016/4101016	343991	8205	38	13084	234	音楽	初音ミク	Tatsh	愛羽薫	鳴海ゆう&菱野優希	Liberate～赤い海の夜明け～	VOCALOID	ミクオリジナル曲	VOCALOID殿堂入り		
sm20161748	巡音ルカ「Lie」Music Video	2013-02-23T05:36:15+09:00	6446962		https://nicovideo.cdn.nimg.jp/thumbnails/20161748/20161748	126752	4403	93	1808	210	VOCALOID	巡音ルカ	ルカオリジナル曲	Lie（Circus-P）	Mike_Inel	海外PのVOCALOID	英語ルカ	VOCALOIDアニメ化計画	Circus-P	切ないルカうた	VOCALOID殿堂入り
sm2064366	【 SOUND HOLIC × 亡き王女の為のセプテット 】 −No Life Queen−	2008-01-17T23:03:36+09:00	629401		https://nicovideo.cdn.nimg.jp/thumbnails/2064366/2064366	5400226	51699	928	74930	240	東方	東方ヴォーカル	SOUNDHOLIC	No_Life_Queen	亡き王女の為のセプテット						
sm26787011	Lingering Fireworks / feat.初音ミク	2015-07-25T23:00:01+09:00	32260190		https://nicovideo.cdn.nimg.jp/thumbnails/26787011/26787011	873063	3820	809	1778	260	VOCALOID	Orangestar	Lingering_Fireworks	残灯花火	初音ミク	ミクオリジナル曲	VOCALOID殿堂入り	蜜柑星P	M.B	VOCALOID夏曲	VOCALOID外国語曲リンク
sm18725684	【Lily・巡音ルカ・結月ゆかり】Love Redrum【おりじなる】	2012-08-27T09:00:00+09:00	14378590		https://nicovideo.cdn.nimg.jp/thumbnails/18725684/18725684	49068	4325	6	1269	269	VOCALOID	Lily	巡音ルカ	結月ゆかり	Lily誕生祭2012	クンカクンカP	Love_Redrum	VOCALOIDオリジナル曲	エロカッコイイ	信頼のマイリス率	
sm23053733	LUVORATORRRRRY! ver れをる feat.nqrse	2014-03-09T18:00:00+09:00	16253346		https://nicovideo.cdn.nimg.jp/thumbnails/23053733/23053733	4634381	39278	1355	10539	205	歌ってみた	LUVORATORRRRRY!	れをる	nqrse	ギガP	真琴	お菊				
sm36699550	lvy/numoo	2020-04-18T18:36:02+09:00	89465382		https://nicovideo.cdn.nimg.jp/thumbnails/36699550/36699550.85992876	168	2	0	2	200	ニコニコインディーズ	音楽	ヒップホップ	ニコラップ							
sm37053734	M.C.TOKYO feat. 初音ミク	2020-06-19T18:00:00+09:00	92893091		https://nicovideo.cdn.nimg.jp/thumbnails/37053734/37053734.22615366	19530	335	95	81	201	VOCALOID	初音ミク	ミクオリジナル曲	お洒落なミクうた	M.C.TOKYO（白風珈琲）	白風珈琲	VOCALOIDと歌ってみた	もっと評価されるべき			
sm16322083	【初音ミク】Marble Bright【オリジナル】	2011-12-02T11:24:06+09:00	1578269		https://nicovideo.cdn.nimg.jp/thumbnails/16322083/16322083	188060	8416	40	4221	188	VOCALOID	Marble_Bright	こみね	ミクオリジナル曲	Tom（酒言実行P）	DAM＆JOY配信中	初音ミク	VOCAROCK	VOCALOID殿堂入り	イケミク	
sm16073157	【KAITO】Would you marry me?【オリジナル】	2011-11-04T10:37:43+09:00	275049		https://nicovideo.cdn.nimg.jp/thumbnails/16073157/16073157	47419	1895	32	2205	272	VOCALOID	KAITO	フルーツ（笑）Ｐ	壱維	汽笛P	KAITOオリジナル曲	VOCALOID嫁入り	JOYSOUND配信中	Would_you_marry_me?	VOCALOIDオリジナル曲	
sm18684672	【GUMI】Masked bitcH【オリジナル】	2012-08-22T19:30:00+09:00	4845576		https://nicovideo.cdn.nimg.jp/thumbnails/18684672/18684672	1798043	27295	1282	6828	223	VOCALOID	Masked_bitcH	ギガP	梅太郎	q*Left	VOCALOID伝説入り	GUMIオリジナル曲	GUMI	GUMI名曲リンク	DAM&JOY配信中	「ボカ☆フレ!2」収録曲
sm18684672	【GUMI】Masked bitcH【オリジナル】	2012-08-22T19:30:00+09:00	4845576		https://nicovideo.cdn.nimg.jp/thumbnails/18684672/18684672	1798043	27295	1282	6828	223	VOCALOID	Masked_bitcH	ギガP	梅太郎	q*Left	VOCALOID伝説入り	GUMIオリジナル曲	GUMI	GUMI名曲リンク	DAM&JOY配信中	「ボカ☆フレ!2」収録曲
sm8392941	オリジナル曲「Mermaid」 song by リツカ	2009-10-01T21:38:06+09:00	14262092		https://nicovideo.cdn.nimg.jp/thumbnails/8392941/8392941	196989	6763	49	3169	300	音楽	doriko	nezuki	リツカ	CDアルバム「の、バラード祭り」収録曲	ニコニコインディーズ	JOYSOUND交渉中	ニコニコインディーズ殿堂入り	人魚姫のひいさま	Mermaid(リツカ)	doriko(きりたんP)
sm33458397	【初音ミク】MIKU'S BOUNCE feat.初音ミク【オリジナル曲】BIGHEAD x S0f.l1d	2018-07-02T18:00:00+09:00	33416085		https://nicovideo.cdn.nimg.jp/thumbnails/33458397/33458397	21054	439	36	234	154	VOCALOID	初音ミク	BIGHEAD	s0f.l1d	MikuMikuDance	MIKU'STAPE	MMD-PV	ミクオリジナル曲	英語ミク	DubSteloid	
sm1400559	【初音ミク】moon(Fullver.)【オリジナル】	2007-10-29T12:04:22+09:00	351409		https://nicovideo.cdn.nimg.jp/thumbnails/1400559/1400559	725366	20617	755	20438	336	音楽	初音ミク	iroha(sasaki)	moon(iroha)	VOCALOID殿堂入り	VOCALOID	ミクオリジナル曲	DAM&JOY配信中	初音ミク名曲リンク	ミクノ	VOCALOID月曲
sm15066408	【鏡音リンAppend】morning shift【オリジナル曲】	2011-07-20T05:51:09+09:00	7871361		https://nicovideo.cdn.nimg.jp/thumbnails/15066408/15066408	60837	2776	32	1842	260	VOCALOID	L-tone	リンオリジナル曲	鏡音リンAppend	morning_shift	マイリス巡回推奨	JOYSOUND交渉中	VOCAROCK	クールなリンうた	鏡音リン名曲リンク	鏡音リン
sm39892234	【SOLARIA】Naming You【SynthVカバー】	2022-01-13T15:12:03+09:00	14043659		https://nicovideo.cdn.nimg.jp/thumbnails/39892234/39892234.79655196	46236	544	827	342	248	cillia	synthesizerv	VOCALOID	SOLARIA	Naming_You	魂実装済み	神調教	違和感が行方不明	鳥肌注意	もっと評価されるべき	VOCALOID→SynthVカバー
sm27286444	【鏡音レン】NARAZUMONO【オリジナルMV/ワンオポ】	2015-10-03T19:00:00+09:00	13893300		https://nicovideo.cdn.nimg.jp/thumbnails/27286444/27286444	72363	1400	58	1319	217	VOCALOID	鏡音レン	ワンダフル☆オポチュニティ！	マイナスP	456	さらに評価されるべき	おれらのうた	レンオリジナル曲	レンの将来が不安になる動画	神調教	
sm18641842	NO STARS／164 feat.GUMI	2012-08-17T21:01:05+09:00	582229		https://nicovideo.cdn.nimg.jp/thumbnails/18641842/18641842	141104	5170	68	2773	202	VOCALOID	164	tsukasa	GUMI	NO_STARS	VOCAROCK	GUMIオリジナル曲	DAM&JOY配信中	VOCALOID殿堂入り	EXIT_TUNES_PRESENTS_GUMing	GUMI名曲リンク
sm6789505	【初音ミク】OVER【オリジナル曲】	2009-04-19T04:51:35+09:00	96361		https://nicovideo.cdn.nimg.jp/thumbnails/6789505/6789505	488257	17658	323	8452	348	初音ミク	ミクオリジナル曲	ShakeSphere	鮭P	VOCALOID殿堂入り	VOCALOID	VOCALOID春曲	初音ミク名曲リンク	JOYSOUND配信中	OVER(ShakeSphere)	VocaR&B
sm22857280	【VOCALOIDミュージカル】Music Wizard of OZ【オリジナル曲】	2014-02-10T18:20:27+09:00	308936		https://nicovideo.cdn.nimg.jp/thumbnails/22857280/22857280	675687	22959	495	30608	1223	VOCALOID	初音ミク	鏡音リン・レン	巡音ルカ	GUMI	KAITO	Music_Wizard_of_OZ	VOCALOIDミュージカル	VOCALOID殿堂入り	MEIKO	クリプトンオールスターズ
sm13188060	ゆっくり実況[Parasite Eve 2]Part 1	2011-01-01T06:16:17+09:00	19355087		https://nicovideo.cdn.nimg.jp/thumbnails/13188060/13188060	575671	4064	59	11632	830	ゲーム	猫マグロ	ゆっくり実況プレイ	焼き饅頭	アヤ・グリルス	変態ミトコンドリア	パラサイト・イヴ2	ゆっくり実況プレイpart1リンク	Parasite_Eve_2	ゆっくり実況プレイ完結済みリンク	
sm13188060	ゆっくり実況[Parasite Eve 2]Part 1	2011-01-01T06:16:17+09:00	19355087		https://nicovideo.cdn.nimg.jp/thumbnails/13188060/13188060	575671	4064	59	11632	830	ゲーム	猫マグロ	ゆっくり実況プレイ	焼き饅頭	アヤ・グリルス	変態ミトコンドリア	パラサイト・イヴ2	ゆっくり実況プレイpart1リンク	Parasite_Eve_2	ゆっくり実況プレイ完結済みリンク	
sm37074106	ど～ぱみん - 「Prima Vista」feat.初音ミク	2020-06-22T18:01:03+09:00	79410618		https://nicovideo.cdn.nimg.jp/thumbnails/37074106/37074106.22425170	80400	738	266	131	195	vocaloid新曲リンク	vocaloidオリジナル曲	初音ミク	vocaloid	自作曲	爆発電波	ミクオリジナル曲	クールなミクうた	ど～ぱみん	Prima_vista(ど～ぱみん)	VOCALOID民族調曲
sm37950704	【初音ミクNT】PS5が当たらない【オリジナル曲】	2020-12-12T11:58:02+09:00	116628884		https://nicovideo.cdn.nimg.jp/thumbnails/37950704/37950704.39470996	141395	1580	3868	3778	167	VOCALOID	初音ミク	ボカコレ2020冬	ボカコレ2020冬ルーキー	初音ミクNT	ミクオリジナル曲	PS5が当たらない	おれらのうた	VOCALOID殿堂入り	続編→sm39685404	saki(絵師)
sm19898621	「Q」椎名もた feat.鏡音リン	2013-01-23T19:20:07+09:00	5619789		https://nicovideo.cdn.nimg.jp/thumbnails/19898621/19898621	3322771	35540	10449	39047	258	VOCALOID	椎名もた	さいた	Q	米米PLUS	Q(椎名もた)	鏡音リン	リンオリジナル曲	VOCALOID伝説入り	鏡音リン名曲リンク	永遠に評価されるべき
nm8848650	巡音ルカオリジナル曲・Queen Nereid	2009-11-19T03:43:10+09:00	963044		https://nicovideo.cdn.nimg.jp/thumbnails/8848650/8848650	223297	8390	105	4706	280	VOCALOID	巡音ルカ	ルカオリジナル曲	SeikoP	Queen_Nereid	巡音ルカ名曲リンク	VOCALOID民族調曲	架空言語	伝説のルカマスター	VOCALOID殿堂入り	VOCALOIDインスト曲
sm22931255	【初音ミク・IA】Rabbit【オリジナルPV/一億円P】	2014-02-20T19:24:26+09:00	24539171		https://nicovideo.cdn.nimg.jp/thumbnails/22931255/22931255	515284	18443	436	4639	261	VOCALOID	初音ミク	IA_-ARIA_ON_THE_PLANETES-	一億円P	依存（絵師）	Rabbit（一億円P)	VOCALOID殿堂入り	DAM&JOY配信中	VOCALOIDオリジナル曲	VOCALOIDうさぎ入り	ミクノポップ
sm12656615	巡音ルカオリジナル曲 「rainy」	2010-11-05T21:34:38+09:00	7032706		https://nicovideo.cdn.nimg.jp/thumbnails/12656615/12656615	268234	9284	152	6443	248	VOCALOID	ジミーサムP	Stellarium	ボーマス14参加	巡音ルカ	rainy(ジミーサムP)	VOCALOID殿堂入り	The_200000th	VOCALOID梅雨入り	ルカオリジナル曲	Aquarius
sm31791968	【MAD】Re:CREATORS  - Red fraction	2017-08-22T16:59:57+09:00	41483908		https://nicovideo.cdn.nimg.jp/thumbnails/31791968/31791968	10603	220	3	46	270	アニメ	Re:CREATORS	レクリエイターズ	MAD	BlackLagoon	Red_fraction	もっと評価されるべき	もっと伸びるべき	MELL		
sm28549943	IAオリジナル曲 『Re;2』	2016-04-01T22:45:26+09:00	1166507		https://nicovideo.cdn.nimg.jp/thumbnails/28549943/28549943	48869	515	50	378	216	VOCALOID	IAオリジナル曲	IA_-ARIA_ON_THE_PLANETES-	seleP	ヤンデレ好きに定評のあるうp主	Re;2	優木きら	黙ってマイリス	IA名曲リンク	ヤンデロイド	クールなIAうた
sm39639665	【UTAUカバー】夕歌ユウマでRepechage【＋UST】	2021-11-18T20:12:03+09:00	28556786		https://nicovideo.cdn.nimg.jp/thumbnails/39639665/39639665.30429432	116	1	2	2	236	UTAU	ust配布	VOCALOID→UTAUカバー曲	夕歌ユウマ	Repêchage						
sm43235592	ど～ぱみん -「Retrofuture」feat.初音ミク	2024-01-05T19:05:00+09:00	79410618		https://nicovideo.cdn.nimg.jp/thumbnails/43235592/43235592.99946056	22017	245	423	193	194	VOCALOID	初音ミクオリジナル曲	藤墅MV統一祭	ど～ぱみん	藤墅。	Retrofuture	Complextro	ミクオリジナル曲	初音ミク	クラブで使えるボカロ曲リンク	
sm19265441	NAKED GENIUS - 早見 沙織　【Ribbon Revolution】	2012-11-03T01:38:19+09:00	207591		https://nicovideo.cdn.nimg.jp/thumbnails/19265441/19265441	225375	3470	36	1089	266	音楽	早見沙織	神のみぞ知るセカイ	声優ライブ	声優の本気	Ribbon_Revolution					
sm16833226	【マロン】Rising Sun【踊ってみた】	2012-01-30T20:32:59+09:00	18072049		https://nicovideo.cdn.nimg.jp/thumbnails/16833226/16833226	63408	1666	8	2747	290	踊ってみた	マロン（踊り手）	Rising_Sun	マロンくんを生で観たくなる動画	なりきりダンスシアター						
nm6399415	巡音ルカオリジナル曲・Rousalka(ルサルカ)	2009-03-11T13:36:10+09:00	963044		https://nicovideo.cdn.nimg.jp/thumbnails/6399415/6399415	33976	1060	15	395	221	VOCALOID	巡音ルカ	ルカオリジナル曲	SeikoP	VOCALOID民族調曲	架空言語	VOCALOID処女作	伝説のルカマスター	巡音ルカ名曲リンク	黙ってマイリス	
sm5085658	【初音ミク】 Showered 【オリジナル曲】	2008-10-29T18:08:28+09:00	7622467		https://nicovideo.cdn.nimg.jp/thumbnails/5085658/5085658	124080	3522	41	2103	281	音楽	chan×co	パイパンP	口角炎で覚醒	VOCALOID-PV	初音ミク	ミクオリジナル曲	VOCALOID殿堂入り	Showered	VOCALOID	vocaloid梅雨入り
sm6388329	【PV】鏡音リン・レン「siGrE」に絵をつけてみた	2009-03-10T05:25:42+09:00	1079636		https://nicovideo.cdn.nimg.jp/thumbnails/6388329/6388329	336329	12247	82	5874	245	VOCALOID-PV	ひよこまんじゅうP	siGrE	VOCALOID-PV殿堂入り	VOCALOID名PVリンク	涙腺崩壊	VOCALOID	PVつけてみた	鏡音リン	鏡音レン	
sm12399734	【初音ミクAppend】 Specification 【オリジナル曲】	2010-10-11T20:03:40+09:00	1137213		https://nicovideo.cdn.nimg.jp/thumbnails/12399734/12399734	303756	9889	60	7073	212	VOCALOID	蝶々P	Specification	riria009	初音ミク	VOCALOID殿堂入り	初音ミク名曲リンク	ミクオリジナル曲	ピアノミク	初音ミクVivid	VOCALOIDイメージソング
sm28775339	【MV】SPELL OF RAINY WEATHER【初音ミク】	2016-05-04T20:22:26+09:00	8211134		https://nicovideo.cdn.nimg.jp/thumbnails/28775339/28775339	20871	389	92	165	310	VOCALOID	初音ミク	ミクオリジナル曲	蜂屋ななし	VOCAROCK	神調教	驚異的な中毒性	納得の感動	最後まで聴くべき	SPELL_OF_RAINY_WEATHER	
sm15755252	【ニコニコメドレー】Nico Start!【共作】	2011-09-30T21:00:57+09:00	9736748		https://nicovideo.cdn.nimg.jp/thumbnails/15755252/15755252	402086	15314	130	35887	905	音楽	ニコニコメドレーシリーズ	Nico_Start!	抽出可	溶接職人	創聖の真っ赤なきしめんにしてやんよ	ニコニコオールスター	ニコニコメドレー殿堂入り	空気の読めるWMP	11:38~弾幕	
sm9747012	Stay with You/capsule	2010-02-17T21:06:31+09:00	6968514		https://nicovideo.cdn.nimg.jp/thumbnails/9747012/9747012	45513	720	6	718	335	音楽	capsule	中田ヤスタカ	こしじまとしこ	Stay_with_You	LIAR_GAME	ライアーゲーム	アルバムver→sm9905486	いい最終回だった		
sm22719893	【ViA Factory】 straggling 【feat. Miku Dark 】	2014-01-22T00:00:00+09:00	23624810		https://nicovideo.cdn.nimg.jp/thumbnails/22719893/22719893	101036	2573	103	752	283	VOCALOID	濡れ透け	ROMO	DubSteloid	straggling	ViA_Factory	初音ミク	ミクオリジナル曲	先生、タグロックそこじゃないです	dubstep	VOCALOID殿堂入り
sm31648092	【ルカミクグミIAリン】SUPER DAYS【オリジナル】	2017-07-28T19:00:00+09:00	12440440		https://nicovideo.cdn.nimg.jp/thumbnails/31648092/31648092	158086	1202	90	628	204	VOCALOID	梅とら	VOCALOIDオリジナル曲	巡音ルカ	SUPER_DAYS	初音ミク	GUMI	IA_-ARIA_ON_THE_PLANETES-	鏡音リン	VOCALOID殿堂入り	
sm24644934	【鏡音リン】　SUPER11　【オリジナル・のぼる↑】	2014-10-08T18:06:41+09:00	1136553		https://nicovideo.cdn.nimg.jp/thumbnails/24644934/24644934	370900	1604	45	719	239	VOCALOID	のぼる↑	鏡音リン	リンオリジナル曲	DAM配信中	VOCALOID殿堂入り	SUPER11	驚異的な中毒性	クールなリンうた		
sm40601343	ど～ぱみん -「SWAG」Feat.初音ミク	2022-06-10T20:20:00+09:00	79410618		https://nicovideo.cdn.nimg.jp/thumbnails/40601343/40601343.99668007	72125	635	842	300	208	vocaloid新曲リンク	vocaloid	初音ミク	Bass_House	初音ミクオリジナル曲	ど～ぱみん	SWAG(ど～ぱみん)	ミクオリジナル曲			
sm9047689	Synchronicity～第二章　光と影の楽園～	2009-12-09T23:15:15+09:00	3397653		https://nicovideo.cdn.nimg.jp/thumbnails/9047689/9047689	992638	29631	314	59375	325	VOCALOID	VOCALOID-PV	鈴ノ助	ひとしずくP	やま△	synchronicity~第二章_光と影の楽園~	Synchronicity～巡る世界のレクイエム～	鏡音オリジナル曲	鏡音リン・レン	VOCALOID殿堂入り	VOCALOID伝説入り直前
sm2556607	東方VocalBGM −taboo tears you up−	2008-03-08T03:18:28+09:00	629401		https://nicovideo.cdn.nimg.jp/thumbnails/2556607/2556607	1466315	7380	50	15015	218	東方	東方ヴォーカル	IOSYS	REDALiCE							
sm15680404	【MMD】バニー・ガガ『 Telephone 』(仮)【TIGER&amp;BUNNY】	2011-09-22T19:29:21+09:00	76190		https://nicovideo.cdn.nimg.jp/thumbnails/15680404/15680404	221035	7628	46	1950	44	アニメ	MMDタイバニ	TIGER&BUNNY	バーナビー・ブルックスJr.	ダークネスバニー	仕事を厳選したバニー	バニー廃の聖地	MikuMikuDance	MMD傑作選	MikuMikuDance殿堂入り	
sm17065616	theory／164 feat.GUMI	2012-02-24T21:00:47+09:00	582229		https://nicovideo.cdn.nimg.jp/thumbnails/17065616/17065616	205190	7705	54	5149	314	VOCALOID	164	鳥越タクミ	GUMI	GUMIオリジナル曲	theory(164)	VOCALOID殿堂入り	DAM&JOY配信中	メグッポイド	マイリス巡回推奨	vocarock
sm17317656	【蒼姫ラピス】Think the Future【オリジナル曲】	2012-03-21T19:39:54+09:00	768803		https://nicovideo.cdn.nimg.jp/thumbnails/17317656/17317656	110425	2468	61	2532	355	VOCALOID	蒼姫ラピス	i-styleproject	ラピスオリジナル曲	Taishi	公式デモ	i-styleデモソング	Think_the_Future	蒼姫ラピス名曲リンク	VOCALOID殿堂入り	VOCALOIDデモソング
sm2063383	【 SYNC.ART'S × U.N.オーエンは彼女なのか？ 】 −Sweets Time−	2008-01-17T21:26:22+09:00	629401		https://nicovideo.cdn.nimg.jp/thumbnails/2063383/2063383	4821478	54297	1135	93242	280	東方	U.N.オーエンは彼女なのか？	SYNC.ART'S	東方ヴォーカル	RC2時代の怪傑	スキマツアー	Sweets_Time				
sm31401854	TODAY THE FUTURE / HarryP ft. 初音ミク（Music Video）	2017-06-16T17:00:00+09:00	21788239		https://nicovideo.cdn.nimg.jp/thumbnails/31401854/31401854	161194	2341	178	903	290	VOCALOID	初音ミク	はりー	前略P	YoP	あごなすび	TODAY_THE_FUTURE	グルーヴコースター収録曲	ミクオリジナル曲	VOCALOID殿堂入り	
nm7453196	【メグッポイド】transient dream【オリジナル】	2009-06-26T14:34:21+09:00	2566558		https://nicovideo.cdn.nimg.jp/thumbnails/7453196/7453196	66307	2101	26	1190	263	otetsu	VOCALOID	transient_dream	meola	VOCAROCK	GUMIオリジナル曲	GUMI	12STARS	JOYSOUND交渉中		
sm16381645	【初音ミク】　twitter　【オリジナル曲PV付】	2011-12-09T18:00:16+09:00	4694033		https://nicovideo.cdn.nimg.jp/thumbnails/16381645/16381645	431404	17267	136	11428	250	VOCALOID	ダルビッシュP	twitter（ダルビッシュP）	初音ミク	twitter	hellipa	ナノ（nano）	７＠	Eik	5150_収録曲	devilish5150
so44063759	ULTRA C / Vivid BAD SQUAD × 初音ミク	2024-09-04T15:00:00+09:00		2646600	https://nicovideo.cdn.nimg.jp/thumbnails/44063759/44063759.41616309	522248	2526	2694	209	180	プロセカ公式	音楽	プロジェクトセカイ	Vivid_BAD_SQUAD	初音ミク	VOCALOIDと歌ってみた	ULTRA_C	teddyloid	ギガP	れをる	プロセカ殿堂入り
so44063759	ULTRA C / Vivid BAD SQUAD × 初音ミク	2024-09-04T15:00:00+09:00		2646600	https://nicovideo.cdn.nimg.jp/thumbnails/44063759/44063759.41616309	522248	2526	2694	209	180	プロセカ公式	音楽	プロジェクトセカイ	Vivid_BAD_SQUAD	初音ミク	VOCALOIDと歌ってみた	ULTRA_C	teddyloid	ギガP	れをる	プロセカ殿堂入り
sm38166011	Vocaloid Become Human / 初音ミク	2021-01-27T20:00:00+09:00	20970403		https://nicovideo.cdn.nimg.jp/thumbnails/38166011/38166011.2562453	31438	293	452	117	223	VOCALOID	初音ミク	ミクオリジナル曲	VOCALOIDイメージソング	ボカロシンフォニー	ボカムンベース	ミックホップ	yanagamiyuki	breakcore		
sm26880240	VOCALOIDと区別される音楽の解釈。 / 結月ゆかり	2015-08-08T00:00:15+09:00	10853		https://nicovideo.cdn.nimg.jp/thumbnails/26880240/26880240	33524	429	107	138	259	VOCALOID	VOICEROID	VOCAROCK	C88	結月ゆかり	POEMLOID	ギターレス	ゆかりオリジナル曲	Haniwa	ポエトリーリーディング	VOCALOIDと区別される音楽の解釈。
sm5857175	【初音ミク】VOiCE【３DPVっぽい何か】	2009-01-16T15:11:15+09:00	9249430		https://nicovideo.cdn.nimg.jp/thumbnails/5857175/5857175	958255	38218	405	38460	280	エンターテイメント	VOiCE	ラヴリーP	ニョホホ	VOCALOID-PV殿堂入り	VOiCE(ラヴリーP)	VOCALOID-PV	VOCALOID	VOCALOID名PVリンク	PVつけてみた	JOYSOUND本人映像採用
sm5857175	【初音ミク】VOiCE【３DPVっぽい何か】	2009-01-16T15:11:15+09:00	9249430		https://nicovideo.cdn.nimg.jp/thumbnails/5857175/5857175	958255	38218	405	38460	280	エンターテイメント	VOiCE	ラヴリーP	ニョホホ	VOCALOID-PV殿堂入り	VOiCE(ラヴリーP)	VOCALOID-PV	VOCALOID	VOCALOID名PVリンク	PVつけてみた	JOYSOUND本人映像採用
sm5857175	【初音ミク】VOiCE【３DPVっぽい何か】	2009-01-16T15:11:15+09:00	9249430		https://nicovideo.cdn.nimg.jp/thumbnails/5857175/5857175	958255	38218	405	38460	280	エンターテイメント	VOiCE	ラヴリーP	ニョホホ	VOCALOID-PV殿堂入り	VOiCE(ラヴリーP)	VOCALOID-PV	VOCALOID	VOCALOID名PVリンク	PVつけてみた	JOYSOUND本人映像採用
sm4419503	【KAITOオリジナル曲】WEBデザイン	2008-08-26T17:12:43+09:00	763825		https://nicovideo.cdn.nimg.jp/thumbnails/4419503/4419503	354535	11362	153	14411	211	音楽	VOCALOID	KAITO	KAITOオリジナル曲	はごろもP	JOYSOUND配信中	おれらのうた	KAITO迷曲リンク	VOCALOID殿堂入り	Webデザイン	良調教
sm21081963	【Lily・巡音ルカ・結月ゆかり】Wet bluemoon【おりじなる】	2013-06-10T09:02:00+09:00	14378590		https://nicovideo.cdn.nimg.jp/thumbnails/21081963/21081963	99640	4683	12	1091	210	VOCALOID	Lily	巡音ルカ	結月ゆかり	Wet_bluemoon	クンカクンカP	ルカオリジナル曲	ゆかりオリジナル曲	Lilyオリジナル曲	VOCAJAZZ	VOCALOID殿堂入り直前
sm41465590	What a ずんだふる☆わ～るど♪ / ずんだもん【歌うVOICEVOX×NEUTRINO】	2022-12-05T19:00:00+09:00	44748853		https://nicovideo.cdn.nimg.jp/thumbnails/41465590/41465590.7011720	18919	229	616	118	133	ずんだもん	ずんだもんオリジナル曲	VOICEVOX	NEUTRINO(歌声合成エンジン)	歌うVOICEVOX	ずんだもん生誕祭2022	ずんだもんあそ～と	ニコニコDAILY_TOPICS	くりたにか		
sm10458942	【初音ミク】Whereabouts of curry【オリジナル曲PV付き】	2010-04-21T12:09:55+09:00	13983983		https://nicovideo.cdn.nimg.jp/thumbnails/10458942/10458942	284459	5192	252	6849	286	VOCALOID	初音ミク	FB777	あんうつ	M.S.SProject	Whereabouts_of_curry	VOCALOID殿堂入り	VOCALOID食堂入り	ミクオリジナル曲	衝撃のラスト	ボカムンベース
sm17547062	【ときメモGS3】whiteout【手描き】	2012-04-14T20:31:57+09:00	1617508		https://nicovideo.cdn.nimg.jp/thumbnails/17547062/17547062	182338	7151	391	2172	236	描いてみた	ときメモGS3	手描きGSリンク	whiteout	乙女ゲー手描きMAD	信頼のマイリス率	芸術パラ573	ファッションLv:573	GS3ファンの聖地	もっとときめかれるべき	野生の公式
sm22319723	【進撃のMMD】Ｈｅ Ｗｏｌｆ.【自作兵長＋団長】	2013-11-24T13:19:16+09:00	37034861		https://nicovideo.cdn.nimg.jp/thumbnails/22319723/22319723	88993	2606	19	1007	118	その他	MikuMikuDance	進撃のMMD	MMDユーザーモデル（漫画、アニメ関連）	あうー	She_Wolf	もっと進撃されるべき	ヤヴァイ兵長	エルヴィン・スミス	リヴァイ	
sm13622336	【初音ミク】Wander Girl 【オリジナル曲】	2011-02-17T03:36:06+09:00	1159685		https://nicovideo.cdn.nimg.jp/thumbnails/13622336/13622336	244021	7248	76	3722	379	VOCALOID	鼻そうめんP	VOCALOID殿堂入り	初音ミク	初音ミク名曲リンク	DAM&JOY配信中	先生何やってんすかシリーズ	プロの犯行	ミクオリジナル曲	Wander_Girl	Hi-NRG
sm44741644	みきとP 『 YAMI CROW 』 MV	2025-03-09T21:16:00+09:00	276638		https://nicovideo.cdn.nimg.jp/thumbnails/44741644/44741644.23075353	13910	247	511	137	240	VOCALOID	miki(SV)	みきとP	mikiオリジナル曲	YAMI_CROW	SynthesizerV	VOCALOID視覚芸術展	VOCALOIDデモソング	開発コードmiki(SynthV)	VOCALOID実写PV	オルタナティブミック
sm41408653	∴煮ル果実「YOMI」with Flower	2022-11-25T19:10:00+09:00	32646403		https://nicovideo.cdn.nimg.jp/thumbnails/41408653/41408653.34253127	158148	682	1309	568	224	VOCALOID	v_flower	煮ル果実	Zemyata	うぐいす工房	vocaloidオリジナル曲	v_flowerオリジナル曲	YOMI(煮ル果実)	VOCALOID殿堂入り	「FRUITÁGE」収録曲	ききいる花うた
sm44163536	スーパーウルトラハイパーミラクルお姉ちゃ～～～～～～～～～んっ！	2024-09-30T20:00:00+09:00	121779257		https://nicovideo.cdn.nimg.jp/thumbnails/44163536/44163536.68348978	136346	1137	4629	382	92	音MAD	学園アイドルマスター	ｽｰﾊﾟｰｳﾙﾄﾗﾊｲﾊﾟｰﾐﾗｸﾙﾛﾏﾝﾁｯｸ	花海咲季	花海佑芽	学マスmad	アイドルマスター	作曲者巡回済み	ドナルド	ニコマス良作タグ	ごはんバーガー
sm255304	ラストチャンス ／ Something ELse	2007-05-07T00:47:24+09:00	116948		https://nicovideo.cdn.nimg.jp/thumbnails/255304/255304	162337	3572	20	1268	295	音楽	名曲	雷波少年	PV	SomethingELse	1998年	邦楽名曲集				
sm15902434	【鏡音リン】❀ヰタ・セクスアリス【オリジナルギターロック】	2011-10-16T19:00:15+09:00	588688		https://nicovideo.cdn.nimg.jp/thumbnails/15902434/15902434	37922	1677	13	1034	196	VOCALOID	リンオリジナル曲	orange(作詞家）	タイスケ	VOCAROCK	❀ヰタ・セクスアリス	JOYSOUND配信中	鏡音リン	ウィタ・セクスアリス	そっと評価されるべき	
sm22510890	【結月ゆかり】あぐれっしぶしんでれら【おりじなる】	2013-12-23T10:35:00+09:00	14378590		https://nicovideo.cdn.nimg.jp/thumbnails/22510890/22510890	105299	3482	14	835	265	VOCALOID	結月ゆかり	結月ゆかり誕生祭2013	春野ほたる	no10	クンカクンカP	ゆかりオリジナル曲	サムネホイホイ	あぐれっしぶしんでれら	ゆかり廃専用動画	VOCALOID殿堂入り
sm5716724	【初音ミク】あけましておめでとう!【オリジナル】	2009-01-01T00:00:42+09:00	484808		https://nicovideo.cdn.nimg.jp/thumbnails/5716724/5716724	234911	2036	169	6728	177	音楽	猫虫P	お正月	初音ミク	VOCALOID	あけましておめでとう!	投稿日	ミクオリジナル曲	VOCALOIDお正月曲	VOCALOID殿堂入り	猫虫
sm44989132	遼遼, 初音ミク『あなたの聲になれたなら』MV	2025-05-16T19:00:00+09:00	47824608		https://nicovideo.cdn.nimg.jp/thumbnails/44989132/44989132.72683853	16168	223	400	97	206	VOCALOID	ミクオリジナル曲	遼遼	初音ミク	あなたの聲になれたなら	歌うPシリーズ	VOCALOIDと歌ってみた	VOCALOID新曲リンク	オリジナルmv(ミュージックビデオ)		
sm44746281	あなたは羽ばたかなきゃならなかった / ナースロボ＿タイプT	2025-04-04T19:00:00+09:00	128381041		https://nicovideo.cdn.nimg.jp/thumbnails/44746281/44746281.88773589	15695	209	660	92	71	VOCALOID	言葉遊び楽曲投稿祭	voicevoxオリジナル曲	ナースロボ_タイプt	母音統一	歌うvoicevox	リポグラム	あなたは羽ばたかなきゃならなかった			
sm26531830	初音ミク 『あの夏に嗄れる』MV/ルワン	2015-06-21T19:00:00+09:00	47824608		https://nicovideo.cdn.nimg.jp/thumbnails/26531830/26531830	106258	1995	102	917	333	VOCALOID	初音ミク	ミクオリジナル曲	あの夏に嗄れる	ルワン	くじら	VOCALOID夏曲	VOCAROCK	VOCALOID殿堂入り	主コメ	
sm6681083	あまいやまい feat.椎名林檎	2009-04-07T17:43:27+09:00	11945241		https://nicovideo.cdn.nimg.jp/thumbnails/6681083/6681083	132097	2176	34	1001	255	音楽	マボロシ	Rhymester	Mummy-D	椎名林檎	あまいやまい	日本語ラップ	HIPHOP	ライムスター	00年代邦楽	ラッパー＆シンガー
sm35135065	【鏡音リンレン】あやしい業者じゃありません【オリジナルMV/ワンオポ】	2019-05-17T21:00:00+09:00	13893300		https://nicovideo.cdn.nimg.jp/thumbnails/35135065/35135065.73147	29578	353	103	685	189	VOCALOID	鏡音レン	鏡音リン	じーざすP	ワンダフル☆オポチュニティ！	chiya	鏡音オリジナル曲	マイナスP	あやしい業者じゃありません	あやしすぎる	
sm29711131	ありったけのしゅちをあなたに／初音ミクより	2016-09-24T20:00:10+09:00	52186396		https://nicovideo.cdn.nimg.jp/thumbnails/29711131/29711131	92273	950	149	876	234	VOCALOID	キノシタ	ありったけのしゅちをあなたに	初音ミク	ミクオリジナル曲	かわいいミクうた	vocaloidオリジナル曲	我々の業界ではご褒美です	VOCALOIDイメージソング	VOCALOID殿堂入り直前	
sm3957821	【初音さん】うそつきでもすき【オリジナル】	2008-07-14T03:46:43+09:00	478339		https://nicovideo.cdn.nimg.jp/thumbnails/3957821/3957821	119208	2776	59	2831	241	初音ミク	ミクオリジナル曲	うそつきでもすき	初音さん	若干P	コメントの若干率	JOYSOUND配信中	じゃっかんべー	VOCALOID殿堂入り	VOCALOID	
sm36771963	【モーション配布】うちゅうだいばくはつ【オリジナル振付】	2020-05-01T17:14:02+09:00	93979983		https://nicovideo.cdn.nimg.jp/thumbnails/36771963/36771963.91495281	62806	1516	625	342	183	MMD	MikuMikuDance	MMDモーション配布あり	MMD振り付け	オリジナル振り付け	つみ式初音ミク	プロの犯行	初音ミク	期待の新人	うちゅうだいばくはつ	踊ってみろ
sm39474672	ど～ぱみん - 「うちょうてん」feat.flower	2021-10-14T00:00:00+09:00	79410618		https://nicovideo.cdn.nimg.jp/thumbnails/39474672/39474672.39714963	89507	806	1205	441	180	VOCALOID	ボカコレ2021秋	vocaloidオリジナル曲	ラーメンタイマー	ど～ぱみん	ボカコレ2021秋ルーキー	v_flower	v_flowerオリジナル曲	カトレア(絵師)	うちょうてん	
sm43463091	うらやみしい feat.Kai,初音ミク,可不	2024-02-29T19:00:00+09:00	126431038		https://nicovideo.cdn.nimg.jp/thumbnails/43463091/43463091.45082312	104425	505	962	201	163	VOCALOID	初音ミクオリジナル曲	可不オリジナル曲	初音ミク	可不	CeVIO_AI	Kai	ESHIKARA	苺山	VOCALOID&CeVIOオリジナル曲	VOCALOID殿堂入り
sm38455382	◈*_うわさがたり	2021-03-19T19:00:03+09:00	93563471		https://nicovideo.cdn.nimg.jp/thumbnails/38455382/38455382.76570203	106714	570	610	213	138	VOCALOID	UTAU	UTAUオリジナル曲	ゆくえわっと	◈*	うわさがたり	闇音レンリ	こちぇ(UTAU)	湯鬱声からす	ひし形P	UTAU殿堂入り
sm5361038	鏡音リン「えもラブ」	2008-11-26T06:17:53+09:00	2476652		https://nicovideo.cdn.nimg.jp/thumbnails/5361038/5361038	144608	3736	63	9248	296	音楽	samfree	鏡音リン	vocaloid	リンオリジナル曲	かわいいリンうた	えもラブ	鏡音リン名曲リンク	ミクノポップ	VOCALOID殿堂入り	萌えリンソング
sm2176931	【鏡音リン】 おてんば姫の歌♪ 【オリジナル曲】	2008-01-30T09:46:51+09:00	1446360		https://nicovideo.cdn.nimg.jp/thumbnails/2176931/2176931	241057	5757	68	5774	195	音楽	鏡音リン	VOCALOID	トラボルタP	おてんば姫の歌♪	DAM&JOY配信中	リンオリジナル曲	鏡音リン名曲リンク	Prism／鏡音リン・レンfeat.下田麻美収録曲	VOCALOID殿堂入り	VOCALOID宮殿入り
sm16143243	おもひでしゃばだば / 初音ミク	2011-11-11T22:49:37+09:00	865591		https://nicovideo.cdn.nimg.jp/thumbnails/16143243/16143243	275440	7299	227	3893	253	VOCALOID	ピノキオP	おもひでしゃばだば	初音ミク	VOCALOID殿堂入り	アイマイナちゃん	どうしてちゃん	切ないミクうた	ミクオリジナル曲	もにゃっと評価されるべき	ピノキオピー
sm29171875	【MMD艦これ】提督が着任・・お断りします！	2016-07-03T11:40:12+09:00	28862472		https://nicovideo.cdn.nimg.jp/thumbnails/29171875/29171875	10513	43	7	99	300	MMD艦これ	MMD紙芝居	らぶ式ミク	浜風（艦これ）	浦風（艦これ）	西行寺幽々子	東方艦隊娘	MikuMikuDance	初音ミク	むせる鎮守府	
sm17673720	【手描きIb】カメリア【忘れられた肖像】（完成版）	2012-04-29T02:25:07+09:00	14314318		https://nicovideo.cdn.nimg.jp/thumbnails/17673720/17673720	381153	14398	64	7878	385	手描きIb	Ib	忘れられた肖像	驚異のシンクロ率	野生のゲルテナ	目からマカロン	涙腺崩壊	天野月	レースのハンカチをご準備下さい	視聴者が美術品	Ib非プレイ動画リンク
so42972305	からっぽへ / カゼヒキ	2023-11-02T22:00:00+09:00		2648319	https://nicovideo.cdn.nimg.jp/thumbnails/42972305/42972305.38764050	35089	840	1742	252	180	カゼヒキ	音楽	VOCALOID	無色透名祭Ⅱ	無色透名祭Ⅱ参加曲	ラーメンタイマー	カゼヒキオリジナル曲	sm43168492	vx_beta	カゼヒキβ	Δ
so42972305	からっぽへ / カゼヒキ	2023-11-02T22:00:00+09:00		2648319	https://nicovideo.cdn.nimg.jp/thumbnails/42972305/42972305.38764050	35089	840	1742	252	180	カゼヒキ	音楽	VOCALOID	無色透名祭Ⅱ	無色透名祭Ⅱ参加曲	ラーメンタイマー	カゼヒキオリジナル曲	sm43168492	vx_beta	カゼヒキβ	Δ
sm32946896	【UTAUカバー】きっとこの命に意味はなかった【NANAO】	2018-03-26T02:31:16+09:00	43999543		https://nicovideo.cdn.nimg.jp/thumbnails/32946896/32946896	6364	55	19	24	167	VOCALOID	UTAUカバー曲	VOCALOID→UTAUカバー曲	NANAO(UTAU)	きっとこの命に意味はなかった	UTAU	きっとこの命に意味は無かった				
sm33400939	きらわないで / 結月ゆかり	2018-06-22T19:00:00+09:00	63367816		https://nicovideo.cdn.nimg.jp/thumbnails/33400939/33400939	39522	520	43	121	265	VOCALOID	VOCALOIDオリジナル曲	ゆかりオリジナル曲	結月ゆかり	SEVENTHLINKS	yo-k@	古宮	はるお	きらわないで	もっと評価されるべき	
sm35477620	『くそったれ讃歌』- ちいたな feat.ONE -	2019-08-01T18:00:00+09:00	14930313		https://nicovideo.cdn.nimg.jp/thumbnails/35477620/35477620.86401685	68933	778	141	1142	224	VOCALOID	ちいたな	ツチヤサキ	ONE_-ARIA_ON_THE_PLANETES-	CeVIO	ONEオリジナル曲	くそったれ讃歌	CeVIOオリジナル曲			
sm30730093	sea-no / くらやみ世界の幽霊	2017-03-01T20:00:00+09:00	26090726		https://nicovideo.cdn.nimg.jp/thumbnails/30730093/30730093	25737	402	46	69	238	ニコニコインディーズ	sea-no	初音ミク	risou	金子開発	夜のすがた	VOCALOID	VOCALOIDと歌ってみた	くらやみ世界の幽霊		
so40744647	くりたしげたか / 琴葉茜・琴葉葵・東北きりたん・東北ずん子（NEUTRINO）	2022-07-28T18:00:00+09:00		2648319	https://nicovideo.cdn.nimg.jp/thumbnails/40744647/40744647.63409511	28057	354	1647	749	65	NEUTRINO(歌声合成エンジン)	NEUTRINOオリジナル曲	栗田穣崇	無色透名祭	アカペラ	VOCALOID	栗田穣崇テーマソングリンク	丁寧なゴリ押し	謎の感動		
sm19925939	【GUMI】ごめんなさいを言えるかな【オリジナル曲】	2013-01-27T01:20:14+09:00	145381		https://nicovideo.cdn.nimg.jp/thumbnails/19925939/19925939	82174	1393	59	2211	224	VOCALOID	マチゲリータP	GUMIオリジナル曲	＜●＞	ごめんなさいを言えるかな	VOCALOID3	VOCALOID幻想狂気曲リンク	GUMI	エクレアの恨み	目サムネ	
sm19789541	さよなら優等生／マグヴェリー	2013-01-09T21:37:28+09:00	24922158		https://nicovideo.cdn.nimg.jp/thumbnails/19789541/19789541	2851	66	1	86	255	音楽	鮪苺	マグヴェリー	歌謡ロック	さよなら優等生	いじめ、ダメ、ゼッタイ	学ラン	セーラー服	MV		
sm5937205	【勝手にPV】しねばいいのに【っぽいもの】	2009-01-25T00:41:57+09:00	1598501		https://nicovideo.cdn.nimg.jp/thumbnails/5937205/5937205	1940029	41395	4847	263140	332	Vocaloid	しねばいいのに	逃げ切れなかったミリオン	VOCALOID-PV伝説入り	自殺防止ソング	VOCALOID-PV	どぶウサギ	俺ミク	大事なことなので39回言いました	KAITO	PVつけてみた
sm5937205	【勝手にPV】しねばいいのに【っぽいもの】	2009-01-25T00:41:57+09:00	1598501		https://nicovideo.cdn.nimg.jp/thumbnails/5937205/5937205	1940029	41395	4847	263140	332	Vocaloid	しねばいいのに	逃げ切れなかったミリオン	VOCALOID-PV伝説入り	自殺防止ソング	VOCALOID-PV	どぶウサギ	俺ミク	大事なことなので39回言いました	KAITO	PVつけてみた
sm10948305	【鏡音リンオリジナル曲】しゅうまつがやってくる！【ＰＶ】	2010-06-04T18:17:48+09:00	461870		https://nicovideo.cdn.nimg.jp/thumbnails/10948305/10948305	1696964	27920	1604	24742	230	VOCALOID	sasakure.UK	「終末」シリーズ	鏡音リン	リサナカムラ	リンオリジナル曲	しゅうまつがやってくる!	世界崩壊曲リンク	「終末」シリーズ_公式ゲーム→sm11789602	鏡音リン名曲リンク	VOCALOID伝説入り
sm27817807	『しんでしまうとはなさけない！』をウザさMAXでコラボってみたったwwwwwww	2015-12-18T18:00:00+09:00	32091755		https://nicovideo.cdn.nimg.jp/thumbnails/27817807/27817807	3696268	40502	1964	89842	250	歌ってみた	しんでしまうとはなさけない！	あるふぁきゅん。	クプラ	藤	ちくわ大明神					
so44572953	そこに在る、光。 / 25時、ナイトコードで。	2025-01-28T18:30:00+09:00		2646600	https://nicovideo.cdn.nimg.jp/thumbnails/44572953/44572953.8601582	724957	3733	4694	563	195	プロセカ公式	音楽	プロジェクトセカイ	25時、ナイトコードで。	そこに在る、光。	DECO*27	すりぃ	劇場版プロジェクトセカイ	プロセカ殿堂入り	夢の共演	
so44572953	そこに在る、光。 / 25時、ナイトコードで。	2025-01-28T18:30:00+09:00		2646600	https://nicovideo.cdn.nimg.jp/thumbnails/44572953/44572953.8601582	724957	3733	4694	563	195	プロセカ公式	音楽	プロジェクトセカイ	25時、ナイトコードで。	そこに在る、光。	DECO*27	すりぃ	劇場版プロジェクトセカイ	プロセカ殿堂入り	夢の共演	
sm33811779	それでも生きてみた。 / flower	2018-09-07T20:00:00+09:00	25469486		https://nicovideo.cdn.nimg.jp/thumbnails/33811779/33811779	54260	767	82	418	208	VOCALOID	ぺむ	v_flower	それでも生きてみた。	v_flowerオリジナル曲	もっと伸びるべき	涙腺崩壊	期待の新人			
sm25989446	それはつまり ／ 初音ミク	2015-04-10T19:00:00+09:00	26688082		https://nicovideo.cdn.nimg.jp/thumbnails/25989446/25989446	58471	912	42	366	192	VOCALOID	音楽	初音ミク	ミクオリジナル曲	瀬名航	みわみみ	それはつまり	もっと評価されるべき	歌踊コレok		
sm14108973	ギガンティックただいマンボウ	2011-04-09T13:27:30+09:00	196479		https://nicovideo.cdn.nimg.jp/thumbnails/14108973/14108973	1731064	24251	621	18659	57	アニメ	攻強皇國機甲	ただいマンボウ	あいさつの魔法	ギガンティックただいマンボウ						
sm44161997	ついになって / ついなちゃん(VOCALOID6 AI) [EO(エオ)]	2024-09-30T20:00:00+09:00	116064862		https://nicovideo.cdn.nimg.jp/thumbnails/44161997/44161997.67708190	16655	318	560	121	169	vocaloid	vocaloidオリジナル曲	ついなちゃんオリジナル曲	ついなちゃん	vocaloid6_ai_ついなちゃん	vocaloidデモソング	EO(エオ)	ついになって	カトレア(絵師)		
sm18153702	【鏡音リン・レン】てれびぞんび【オリジナル曲】	2012-06-21T16:22:53+09:00	11362506		https://nicovideo.cdn.nimg.jp/thumbnails/18153702/18153702	171932	4824	140	3537	180	VOCALOID	Mr.カウパーソン	てれびぞんび	擬態の新人	お前のような新人がいるか	VOCALOIDゾンビ曲リンク	VOCALOID殿堂入り	鏡音オリジナル曲	レトロなボカうた	DAM&JOY配信中	
sm3777353	初音ミク+鏡音リンの百合ジナル曲６ とある娼婦の恋 -Full ver.-	2008-06-26T23:08:42+09:00	1075175		https://nicovideo.cdn.nimg.jp/thumbnails/3777353/3777353	238978	3484	79	7489	245	デッドボールP	VOCALOID	とある娼婦の恋	初音ミク	鏡音リン	ミク×リンリンク	VOCALOID殿堂入り	vocaloid百合曲	vocaloidデュエット曲	vocaloidオリジナル曲	限りなくアウトを超越したなにか
sm9022641	【初音ミク/手描きPV】VOC@LOIDでどうしてこうなった	2009-12-07T00:37:21+09:00	543548		https://nicovideo.cdn.nimg.jp/thumbnails/9022641/9022641	320319	9843	54	4363	163	VOCALOID	お茶のまギター	どうしてこうなった（うどんゲルゲ）	VOCALOID-PV殿堂入り	うどんゲルゲ	どうしてこうなった	衝撃のラスト	これは伸びる。縦に。	驚異的な中毒性	発想の勝利	PVつけてみた
sm12169079	【初音ミク】なでなで【オリジナル】	2010-09-20T13:56:37+09:00	21778		https://nicovideo.cdn.nimg.jp/thumbnails/12169079/12169079	239722	7169	109	1567	28	VOCALOID	30秒の壁を越えた	えへへＰ	初音ミク	なでなで（えへへP）	ミクオリジナル曲	VOCALOID殿堂入り	卓球少年	さち太	20万再生	信頼のコメ率(音楽用)
sm2568244	【初音ミク】勝手に「なんということでしょう」のPV作ってみた	2008-03-08T21:26:14+09:00	377258		https://nicovideo.cdn.nimg.jp/thumbnails/2568244/2568244	129692	4467	29	5780	246	音楽	初音ミク	VOCALOID-PV	なんということでしょう	スガ@supercell	VOCALOID-PV殿堂入り	みくーん	PVつけてみた	三輪士郎		
sm39919568	【鏡音リンレン】にっこり^^調査隊のテーマ【ワンオポ/オリジナルMV】/ Niccori^^ Survey Team Theme	2022-01-19T22:30:00+09:00	13893300		https://nicovideo.cdn.nimg.jp/thumbnails/39919568/39919568.44999240	1125617	5653	6024	2322	210	VOCALOID	鏡音リン	鏡音レン	じーざすP	ワンダフル☆オポチュニティ！	グライダー絵師	にっこり^^調査隊のテーマ	鏡音オリジナル曲	プロジェクトセカイ収録曲	VOCALOID伝説入り	元気が出るボカうた
sm6484112	【初音ミク】ねぇ聞いてよレモネード【オリジナル】	2009-03-19T23:58:29+09:00	5079333		https://nicovideo.cdn.nimg.jp/thumbnails/6484112/6484112	117197	2935	58	4460	241	VOCALOID	ねぇ聞いてよレモネード	hanzo	シュラ種種種	JOYSOUND配信中	ミクオリジナル曲	なるほど、わからん	VOCALOID殿堂入り	初音ミク	伝説の超展開マスター	VOCALOID炭酸入り
sm3124800	【鏡音レンオリジナル】のぼり棒【配信してます】	2008-04-28T04:55:07+09:00	1002933		https://nicovideo.cdn.nimg.jp/thumbnails/3124800/3124800	328673	3373	120	30150	170	VOCALOID	鏡音レン	レンオリジナル曲	乱数P	VOCALOID殿堂入り	のぼり棒	レンの将来が不安になる動画	棒isLOVE	鏡音レン迷曲リンク	のぼり棒アレンジツアー	全ての元凶の元凶
sm1723778	【初音ミクオリジナル】は☆あ☆と☆にキスしてっ	2007-12-08T18:06:00+09:00	2055546		https://nicovideo.cdn.nimg.jp/thumbnails/1723778/1723778	77751	2128	21	1941	152	は☆あ☆と☆にキスしてっ	ミクちゃんといっしょ	VOCALOID	かわいいミクうた	ミクオリジナル曲	初音ミク					
so40804654	はじめましてさん / flower	2022-07-28T18:00:00+09:00		2648319	https://nicovideo.cdn.nimg.jp/thumbnails/40804654/40804654.13717094	17515	326	507	116	130	VOCALOID	vocaloidオリジナル曲	v_flower	v_flowerオリジナル曲	無色透名祭	もっと評価されるべき	お洒落なぼかうた	はじめましてさん	変拍子	ZEROKU	
sm33933083	はたらけニートOP	2018-09-28T22:34:10+09:00	1362808		https://nicovideo.cdn.nimg.jp/thumbnails/33933083/33933083	5778	100	6	209	119	アニメ	おそ松さん	はたらく細胞	OP差し替え	合わせてみた	もっと評価されるべき	これは伸びるべき	歌ってみた			
sm38412032	はなぐすり / 可不	2021-03-13T18:00:00+09:00	865371		https://nicovideo.cdn.nimg.jp/thumbnails/38412032/38412032.87375016	93124	859	940	372	194	VOCALOID	CeVIO_AI	可不	電ポルP	koyori	可不オリジナル曲	はなぐすり	CeVIOオリジナル曲	可不名曲リンク	VOCALOIDデモソング	CeVIO殿堂入り直前
so40820499	ばぁーか♡ / 初音ミク	2022-07-28T18:00:00+09:00		2648319	https://nicovideo.cdn.nimg.jp/thumbnails/40820499/40820499.61036222	99591	1512	3194	1034	152	VOCALOID	初音ミク	vocaloidオリジナル曲	ミクオリジナル曲	無色透名祭	ばぁーか♡	サムネホイホイ	ミクトロニカ	ポエマーメスガキ	ボカロラップ	VOCALOID殿堂入り直前
sm8476421	【初音ミク】ぱそこんの前で。【オリジナル】	2009-10-10T23:34:27+09:00	10720121		https://nicovideo.cdn.nimg.jp/thumbnails/8476421/8476421	57215	1887	8	1077	228	音楽	ミクオリジナル曲	あ、う、とP	ぱそこんの前で。	CHAN×CO	初音ミク	初音ミク名曲リンク	VOCALOID	おれらのうた		
sm9155963	【初音ミクAppendのオリジナル曲】 ひらり、ひらり	2009-12-21T21:57:50+09:00	781719		https://nicovideo.cdn.nimg.jp/thumbnails/9155963/9155963	86442	2426	131	1104	210	VOCALOID	たまぁ～ずP	ひらり、ひらり	桃華なゆた	初音ミクAppend	わくらば	JOYSOUND交渉中	ボカロバラード	初音ミク名曲リンク	神調教	もっともっと評価されるべき
sm11497956	【ニコカラ】ぺろぺろ【off vocal】	2010-07-24T17:55:06+09:00	12744139		https://nicovideo.cdn.nimg.jp/thumbnails/11497956/11497956	207891	9570	1	169	30	ニコニコカラオケDB	vocaloid	なぜ作った	ぺろぺろ	歌いたいけど歌痛い	ボカロカラオケDB					
sm24909819	【鏡音リンレン】ぼうけんのしょがきえました！【オリジナル/ワンオポ】	2014-11-14T19:01:00+09:00	13893300		https://nicovideo.cdn.nimg.jp/thumbnails/24909819/24909819	1506224	19272	1942	21881	227	VOCALOID	鏡音リン	鏡音レン	ワンダフル☆オポチュニティ！	じーざすP	グライダー絵師	鏡音オリジナル曲	ぼうけんのしょがきえました！	鏡音リン・レン名曲リンク	VOCALOID伝説入り	
sm16999365	【ミク リン レン ルカ KAITO MEIKO GUMI がくぽ】ゆめのかたち【オリジナル】	2012-02-17T20:53:59+09:00	2721625		https://nicovideo.cdn.nimg.jp/thumbnails/16999365/16999365	665951	24471	672	46150	392	VOCALOID	ねこむら	ふわりP	ゆめのかたち	VOCALOIDオールスター	神調教	VOCALOIDオリジナル曲	VOCALOID殿堂入り	VOCALOID名曲リンク	元気が出るボカうた	
so40799472	ようやく君が死んだんだ。 / 可不	2022-07-28T18:00:00+09:00		2648319	https://nicovideo.cdn.nimg.jp/thumbnails/40799472/40799472.53560767	225075	1786	3421	772	160	可不オリジナル曲	音楽的同位体可不(kafu)	ボカロオリジナル曲	vocaloidオリジナル曲	可不	VOCALOID	CeVIO_AI	vocaloid新曲リンク	CeVIO新曲リンク	無色透名祭	CeVIO殿堂入り
sm14534283	よるがくればまた/くらげP【歌、初音ミク】	2011-05-23T05:01:51+09:00	466979		https://nicovideo.cdn.nimg.jp/thumbnails/14534283/14534283	208900	8306	140	1806	241	VOCALOID	ここに田んぼを作ろう	くらげP	ミクオリジナル曲	初音ミク	よるがくればまた	切ないミクうた	VOCALOID殿堂入り	先生、タグロックそこじゃないです	初音ミク名曲リンク	夜のうた
sm22005220	男10人で モーニング娘。 - わがまま 気のまま 愛のジョーク を踊ってみた	2013-10-09T19:30:00+09:00	723042		https://nicovideo.cdn.nimg.jp/thumbnails/22005220/22005220	394499	5288	45	5276	264	白服	わがまま気のまま愛のジョーク	むすめん。	morning_musumen。	mesemoa.	ハロヲタ	ハロヲタの本気	水貴智哉	今川碧海	白瀬裕大	踊ってみた殿堂入り
sm34546554	【初音ミク】七草夢物語 【ねじ式×buzzG】	2019-01-29T20:00:00+09:00	35275687		https://nicovideo.cdn.nimg.jp/thumbnails/34546554/34546554.27709	141745	1375	151	930	230	VOCALOID	初音ミク	ミクオリジナル曲	ねじ式(火曜日P)	檀上大空	アルミーダ	七草夢物語	buzzG	切ないミクうた	VOCALOID殿堂入り	
sm7085873	DECO*27 - 三つ葉のクローバー feat. 初音ミク	2009-05-18T23:16:26+09:00	811012		https://nicovideo.cdn.nimg.jp/thumbnails/7085873/7085873	222120	3141	242	1695	118	初音ミク	DECO*27	ｷｭ━.+ﾟ*(оﾟдﾟо)*ﾟ+.━ﾝ☆	VOCALOID	ミクオリジナル曲	三つ葉のクローバー	初音ミク名曲リンク	VOCALOID殿堂入り			
sm32392594	┗|∵|┓必要不可欠／LIP×LIP(CV：内山昂輝・島﨑信長)【HoneyWorks】	2017-12-09T18:30:00+09:00	1646151		https://nicovideo.cdn.nimg.jp/thumbnails/32392594/32392594	1088221	14886	540	11726	161	音楽	HoneyWorks	LIP×LIP	必要不可欠	内山昂輝	島﨑信長					
sm27135446	【MMD艦これ】世界で一番近くにいるのに【榛名】	2015-09-12T00:10:43+09:00	4881444		https://nicovideo.cdn.nimg.jp/thumbnails/27135446/27135446	1441	36	0	3	306	エンターテイメント	MMD艦これ	MikuMikuDance	つみ式モデル	艦隊これくしょん	世界で一番近くにいるのに	榛名ファンクラブ				
sm20441465	【結月ゆかり】世界最後の飛行士【オリジナル】	2013-03-26T20:46:33+09:00	194994		https://nicovideo.cdn.nimg.jp/thumbnails/20441465/20441465	55609	1807	30	615	256	VOCALOID	YonoP	△○□×	StudioMoko	世界最後の飛行士	結月ゆかり	ゆかりオリジナル曲	ききいるゆかりうた	マイリス巡回推奨	月の響-ツキノヒビキ-収録曲リンク	結月ゆかり名曲リンク
sm16654981	【巡音ルカ】予定調和に沈む【オリジナル曲】	2012-01-09T21:44:21+09:00	20345306		https://nicovideo.cdn.nimg.jp/thumbnails/16654981/16654981	133945	3617	30	1181	242	VOCALOID	投稿者コメント	巡音ルカ	ルカオリジナル曲	根音ネネ	黒田亜津	予定調和に沈む	JOYSOUND配信中	さく子	お洒落なルカうた	VOCALOID殿堂入り
sm36742430	人生はコメディ/鏡音リン	2020-04-25T20:13:02+09:00	41144290		https://nicovideo.cdn.nimg.jp/thumbnails/36742430/36742430.24390656	98159	927	467	592	248	鏡音リン	人生はコメディ	カンザキイオリ	VOCALOID	リンオリジナル曲	VOCAROCK	VOCALOID-PV	VOCALOID殿堂入り直前			
sm18134351	【初音ミク】人畜無害【音遊び】	2012-06-19T01:14:54+09:00	120867		https://nicovideo.cdn.nimg.jp/thumbnails/18134351/18134351	230907	6873	187	4842	213	VOCALOID	初音ミク	えびら	さつきがてんこもり	人畜無害	ミクオリジナル曲	VOCALOID殿堂入り	y0c1e			
sm36893640	人間未満/feat.flower	2020-05-20T19:54:04+09:00	96291838		https://nicovideo.cdn.nimg.jp/thumbnails/36893640/36893640.56902664	67984	483	288	117	78	VOCALOID	flower	v_flower	v_flowerオリジナル曲	鮫島ぬりえ	かごめP	人間未満	もっと評価されるべき	吐息(ボカロP)		
sm26844676	ものすごい代打ミク	2015-08-02T21:36:32+09:00	17106		https://nicovideo.cdn.nimg.jp/thumbnails/26844676/26844676	603098	5216	82	3327	84	スポーツ	VOCALOID球場入り	MikuMikuDance	ストリークP	初音ミク	代打のものすごい奴シリーズ	MikuMikuDance殿堂入り	MMD野球	代打逆転サヨナラ満塁優勝決定ホームラン		
sm19207153	【GUMI】伝承戦争【オリジナル】	2012-10-26T17:35:52+09:00	30135348		https://nicovideo.cdn.nimg.jp/thumbnails/19207153/19207153	75448	3230	11	1614	169	VOCALOID	あやりす	伝承戦争	七種ひのる	GUMI	GUMIオリジナル曲	JOYSOUND配信中	GUMI_Power	VOCALOID処女作	GUMI_Whisper	
sm29219162	【初音ミク】低体温少年【ばぶちゃん】	2016-07-10T17:00:00+09:00	27483733		https://nicovideo.cdn.nimg.jp/thumbnails/29219162/29219162	22901	260	16	349	317	VOCALOID	ばぶちゃん	初音ミク	こもりうた	松太	VOCALOID幻想狂気曲リンク	ききいるミクうた	ミクオリジナル曲	ヘッドホン推奨	ミクトロニカ	低体温少年
sm21666380	【初音ミク】低音厨音域テスト【オリジナルPV】	2013-08-24T13:33:08+09:00	28259263		https://nicovideo.cdn.nimg.jp/thumbnails/21666380/21666380	532616	3482	503	13973	89	VOCALOID	初音ミク	ミクオリジナル曲	低音厨	VOCALOID殿堂入り	低音厨音域テスト	歌ってみろ	木村わいpのテストシリーズ	最初からクライマックス	低音最高記録更新	木村わいP
sm3348305	【初音ミク】　俯いた花　【オリジナル】	2008-05-18T05:05:06+09:00	130349		https://nicovideo.cdn.nimg.jp/thumbnails/3348305/3348305	89444	2710	35	2461	329	初音ミク	ミクオリジナル曲	VOCALOID	kalP	俯いた花	初音ミク名曲リンク	MIKuPOP	ピアノミク	コメント＜マイリスト	爽やかなミクうた	驚異のマイリス率
sm15635914	【初音ミク】 偽善正義 【NfN】	2011-09-18T03:12:43+09:00	1647664		https://nicovideo.cdn.nimg.jp/thumbnails/15635914/15635914	204746	6306	111	3735	208	VOCALOID	初音ミク	Maki	偽善者P	真理恵	VOCAROCK	偽善正義	JOYSOUND配信中	ミクオリジナル曲	VOCALOID殿堂入り	
sm33673398	MV - 僕らの夏はまた巡って / *Luna feat.IA	2018-08-11T19:00:00+09:00	25646141		https://nicovideo.cdn.nimg.jp/thumbnails/33673398/33673398.56355	206921	2052	342	505	220	VOCALOID	IA	*Luna	君だけがいない夏	IAオリジナル曲	びび	织布机loom	僕らの夏はまた巡って	VOCALOID夏曲	ゆある	VOCALOID殿堂入り
sm44690537	僕らまだそんなんじゃないでしょ - 初音ミク	2025-02-23T18:01:04+09:00	44501655		https://nicovideo.cdn.nimg.jp/thumbnails/44690537/44690537.18748296	8196	250	584	368	207	VOCALOID	初音ミク	ボカコレ2025冬TOP100ランキング参加曲	あたたかい水族館	ボカロエレクトロ	ミクオリジナル曲					
sm41171114	先生のこと好きになっちゃう / 歌愛ユキ	2022-10-08T00:00:00+09:00	122608535		https://nicovideo.cdn.nimg.jp/thumbnails/41171114/41171114.97727538	107659	757	1572	631	159	オリジナル楽曲	歌愛ユキ	VOCALOID	ボカコレ2022秋TOP100参加作品	式浦。	ユキオリジナル曲	先生のこと好きになっちゃう	ROTUS.	VOCALOIDオリジナル曲	VOCALOID殿堂入り	
sm31781732	全部、夏のせいにしていいですか？ / 初音ミク	2017-08-20T19:00:00+09:00	6295414		https://nicovideo.cdn.nimg.jp/thumbnails/31781732/31781732	27130	412	43	194	225	VOCALOID	初音ミク	ミクオリジナル曲	のーねーむ	あす缶	全部、夏のせいにしていいですか？	ストラ	VOCAROCK	VOCALOID夏曲		
sm14223749	フゥーハハハ！を逆再生してみた	2011-04-21T22:57:58+09:00	62870		https://nicovideo.cdn.nimg.jp/thumbnails/14223749/14223749	3116448	69082	1973	125924	155	ゲーム	Steins;Gate	宮野真守	逆再生	オカリン	岡部倫太郎	原宿時代の精鋭	狂気	くしゃみ	フゥーハハハ!	(╬ﾟдﾟ)フーーーーーーーーーーン!!!!
sm14223749	フゥーハハハ！を逆再生してみた	2011-04-21T22:57:58+09:00	62870		https://nicovideo.cdn.nimg.jp/thumbnails/14223749/14223749	3116448	69082	1973	125924	155	ゲーム	Steins;Gate	宮野真守	逆再生	オカリン	岡部倫太郎	原宿時代の精鋭	狂気	くしゃみ	フゥーハハハ!	(╬ﾟдﾟ)フーーーーーーーーーーン!!!!
so40804410	再生しないで / 鏡音リン・可不	2022-07-28T18:00:00+09:00		2648319	https://nicovideo.cdn.nimg.jp/thumbnails/40804410/40804410.43828725	18936	336	639	200	138	VOCALOID	可不	鏡音リン	CeVIO_AI	VOCALOIDオリジナル曲	CeVIOオリジナル曲	無色透名祭	カリギュラ効果	もっと評価されるべき	VOCAROCK	ヒバナチル
sm43429891	冥冥白白 - 重音テト	2024-02-22T19:00:00+09:00	130883899		https://nicovideo.cdn.nimg.jp/thumbnails/43429891/43429891.82130445	58610	815	1784	389	174	ボカコレ2024冬ルーキー参加曲	歌踊コレOK	VOCALOID	重音テト	重音テトsv	naraku	VOCALOID和風曲	テトオリジナル曲	SynthesizerVオリジナル曲		
sm44584441	「凶器は「愛」でした/初音ミク」【#ボカコレ2025冬TOP100ランキング参加曲】	2025-02-22T00:00:00+09:00	122285721		https://nicovideo.cdn.nimg.jp/thumbnails/44584441/44584441.27878586	5031	110	365	412	181	ボカコレ2025冬TOP100ランキング参加曲	音楽	VOCALOID	初音ミク	vocaloidオリジナル曲	ミクオリジナル曲	プロセカNEXT	VOCAROCK	歌踊コレok		
sm13203143	【初音ミク】初めて買った安いＰＣを今日俺は売った【オリジナル】	2011-01-03T05:21:44+09:00	2450908		https://nicovideo.cdn.nimg.jp/thumbnails/13203143/13203143	124973	3798	22	4492	208	VOCALOID	えへへP	初めて買った安いPCを今日俺は売った	恥Ｐ	かわいいミクうた	ミクオリジナル曲	初音ミク	終わりよければすべてよし	VOCALOID殿堂入り	dam&joy配信中	
sm7902754	【PV完全版】 初音ミクの消失 -DEAD END- 【MotionGraphics】	2009-08-11T09:41:01+09:00	1875443		https://nicovideo.cdn.nimg.jp/thumbnails/7902754/7902754	1929161	75264	386	70000	302	motiongraphics	KineticTypography	初音ミクの消失	VOCALOID	cosMo（暴走P）	VOCALOID-PV	初音ミク	PVつけてみた	VOCALOID-PV伝説入り		
sm2114763	初音ミクオリジナル曲　「初音ミクの終焉 -Worst END-」	2008-01-23T14:59:20+09:00	1091989		https://nicovideo.cdn.nimg.jp/thumbnails/2114763/2114763	368696	5265	209	5801	154	音楽	ミクオリジナル曲	初音ミクの終焉-Worst_END-	cosMo(暴走P)	おまいらはミクを大切にしてよ	VOCALOID殿堂入り	「消失」ストーリー	VOCALOID	初音ミク	VOCALOIDイメージソング	フカヒレ
sm2114763	初音ミクオリジナル曲　「初音ミクの終焉 -Worst END-」	2008-01-23T14:59:20+09:00	1091989		https://nicovideo.cdn.nimg.jp/thumbnails/2114763/2114763	368696	5265	209	5801	154	音楽	ミクオリジナル曲	初音ミクの終焉-Worst_END-	cosMo(暴走P)	おまいらはミクを大切にしてよ	VOCALOID殿堂入り	「消失」ストーリー	VOCALOID	初音ミク	VOCALOIDイメージソング	フカヒレ
sm27807456	【鏡音リン】 前向きに笑え 【オリジナルMV】	2015-12-18T20:00:00+09:00	12718229		https://nicovideo.cdn.nimg.jp/thumbnails/27807456/27807456	115279	2903	31	1537	261	VOCALOID	投稿者コメント	鏡音リン	あん	夜宵	リンオリジナル曲	前向きに笑え	JOYSOUND配信決定	鏡音誕生祭2015	VOCALOID殿堂入り	VOCALOIDイメージソング
sm27325704	助平コミックス／歌、鏡音リン	2015-10-08T20:37:13+09:00	20568982		https://nicovideo.cdn.nimg.jp/thumbnails/27325704/27325704	69684	948	87	526	250	VOCALOID	石風呂	助平コミックス	鏡音リン	リンオリジナル曲	VOCAROCK	ハッピーガールズコレクション				
sm19640722	【結月ゆかりの】北鴉山電波ガール	2012-12-22T18:00:36+09:00	466979		https://nicovideo.cdn.nimg.jp/thumbnails/19640722/19640722	136419	2424	67	741	273	VOCALOID	結月ゆかり	ゆかりオリジナル曲	北鴉山電波ガール	くらげP	結月ゆかり誕生祭2012	結月ゆかり名曲リンク	JOYSOUND配信中	VOCAROCK	VOCALOID殿堂入り	VOCALOID-PV
sm4251883	【鏡音リン】十六夜夢想【オリジナル】	2008-08-11T04:44:59+09:00	234179		https://nicovideo.cdn.nimg.jp/thumbnails/4251883/4251883	97269	3201	26	2287	311	鏡音リン	卑屈P	VOCALOID和風曲	リンオリジナル曲	VOCALOID	十六夜夢想	VOCALOID殿堂入り直前	新録→sm20694932			
so40820471	半透過 / 可不	2022-07-28T18:00:00+09:00		2648319	https://nicovideo.cdn.nimg.jp/thumbnails/40820471/40820471.24381310	28178	589	901	191	120	VOCALOID	cevioオリジナル曲	音楽的同位体可不(kafu)	可不オリジナル曲	cevio_ai	無色透名祭	無色透名祭透明曲リンク	可不	社会派VOCALOID	ボカロファンク	無色透名祭作者不明曲リンク
so40820471	半透過 / 可不	2022-07-28T18:00:00+09:00		2648319	https://nicovideo.cdn.nimg.jp/thumbnails/40820471/40820471.24381310	28178	589	901	191	120	VOCALOID	cevioオリジナル曲	音楽的同位体可不(kafu)	可不オリジナル曲	cevio_ai	無色透名祭	無色透名祭透明曲リンク	可不	社会派VOCALOID	ボカロファンク	無色透名祭作者不明曲リンク
sm44675582	叫鳴クロニクル / 雪乃イト feat. 夏色花梨×小春六花×花隈千冬	2025-02-21T19:00:00+09:00	119841573		https://nicovideo.cdn.nimg.jp/thumbnails/44675582/44675582.40114520	126513	1007	2161	763	224	音楽	VOCALOID	ボカコレ2025冬ルーキー参加曲	歌踊コレok	synthesizervオリジナル曲	夏色花梨	小春六花	花隈千冬	叫鳴クロニクル	雪乃イト	SynthesizerV殿堂入り
sm37660330	【鏡音リンレン】右NOU左NOU【オリジナルMV/ワンオポ】	2020-10-12T19:24:02+09:00	13893300		https://nicovideo.cdn.nimg.jp/thumbnails/37660330/37660330.73755669	82698	770	621	895	209	VOCALOID	鏡音リン・レン	ワンダフル☆オポチュニティ!	じーざすp	グライダー絵師	投稿者コメント	神調教	さらに評価されるべき	驚異的な中毒性	右NOU左NOU	鏡音オリジナル曲
sm28022071	【初音ミク&amp;鏡音リン】 叶えよラッタッタ！【オリジナルMV】	2016-01-22T20:00:00+09:00	12718229		https://nicovideo.cdn.nimg.jp/thumbnails/28022071/28022071	63446	1595	22	1433	212	VOCALOID	初音ミク	鏡音リン	あん	おむ烈	叶えよラッタッタ！	投稿者コメント	ミク×リンリンク			
sm15024920	【vip店長・赤飯】合鍵ガンマンと合鍵忍者 を歌いました。【vipエレキ飯】	2011-07-15T23:39:25+09:00	543776		https://nicovideo.cdn.nimg.jp/thumbnails/15024920/15024920	624737	17088	82	25643	253	歌ってみた	赤飯	vip店長	vipエレキ飯	合鍵ガンマンと合鍵忍者	だが男だ	ボカロオリジナルを歌ってみた	最後まで見るべき	歌ってみた殿堂入り	集団タップダンス	性別が迷子
sm25453766	【初音ミク＆GUMI】同族嫌悪【オリジナルPV付】	2015-01-30T18:30:00+09:00	25307537		https://nicovideo.cdn.nimg.jp/thumbnails/25453766/25453766	37846	820	13	460	184	VOCALOID	初音ミク	GUMI	Becky.	るみあ	ねじ式	ミク&GUMIリンク	神調教	同族嫌悪	驚異的な中毒性	VOCALOID名曲リンク
sm18244109	【ミクAppend】名称未設定.txt【オリジナル曲/MV】	2012-07-01T23:46:29+09:00	111429		https://nicovideo.cdn.nimg.jp/thumbnails/18244109/18244109	144874	3006	66	1048	244	VOCALOID	ねこぼーろ	初音ミクオリジナル曲	名称未設定.txt	ミクオリジナル曲	初音ミク	初音ミクAppend	初音ミク名曲リンク	VOCALOID殿堂入り	ききいるミクうた	
sm14462775	【初音ミク】君がそばにいるように【オリジナル曲】	2011-05-15T18:52:16+09:00	668157		https://nicovideo.cdn.nimg.jp/thumbnails/14462775/14462775	222668	9965	123	3576	271	VOCALOID	君がそばにいるように	じょん(VOCALOIDプロデューサー)	VOCALOID殿堂入り	初音ミク	ミクオリジナル曲	魂実装済み	涙腺崩壊	初音ミク名曲リンク	切ないミクうた	ピアノミク
sm33354822	【MV】君の抜け殻と羅針盤／IA	2018-06-12T19:00:00+09:00	14930313		https://nicovideo.cdn.nimg.jp/thumbnails/33354822/33354822	30660	337	28	259	227	VOCALOID	IA_-ARIA_ON_THE_PLANETES-	IAオリジナル曲	VOCALOIDオリジナル曲	ちいたな	君の抜け殻と羅針盤	藍瀬まなみ	もっと評価されるべき	驚異的な中毒性		
sm31843688	君は大嫌いな8月に、涕のように落ちてゆく/初音ミクとハテナ	2017-08-31T21:00:00+09:00	39274211		https://nicovideo.cdn.nimg.jp/thumbnails/31843688/31843688	76576	1054	396	602	360	VOCALOID	初音ミク	ミクオリジナル曲	しじま	初音ミク誕生祭2017	VOCALOIDイメージソング	君は大嫌いな8月に、涕のように落ちてゆく	VOCALOIDと歌ってみた	ボカロp自作アニメーションmvリンク	vocaloid視覚芸術展	もっと評価されるべき
sm30585944	君は愚かで愛しいアリス■枉音ゼロアイ_オリジナル	2017-02-07T12:59:05+09:00	1313469		https://nicovideo.cdn.nimg.jp/thumbnails/30585944/30585944	54814	299	116	333	168	VOCALOID	UTAU	UTAUオリジナル曲	枉音ゼロアイ	ust配布	しとお	君は愚かで愛しいアリス	もっと評価されるべき	JOYSOUND配信中	ボカロアリス曲リンク	
sm6256856	【鏡音レン】君を捜す空【オリジナル】	2009-02-25T01:31:44+09:00	3397653		https://nicovideo.cdn.nimg.jp/thumbnails/6256856/6256856	1045059	37229	298	24999	168	鈴ノ助	ひとしずくＰ	鏡音レン	君を捜す空	VOCALOID	Synchronicity～巡る世界のレクイエム～	鏡音レン名曲リンク	レンオリジナル曲	VOCALOID伝説入り	DAM&JOY配信中	EndlessroLL収録曲
sm19543406	J.T.ジョースターの奇妙な冒険なのか?【最終吸血鬼ブランドー・D】	2012-12-09T21:00:26+09:00	21073301		https://nicovideo.cdn.nimg.jp/thumbnails/19543406/19543406	2083002	36028	2134	52303	211	アニメ	ジョジョの奇妙な冒険(アニメ)	最終鬼畜妹フランドール・S	音MAD	ジョジョのきみょんな東方	ジョジョMAD	ダブルミリオン				
sm2801358	【ボイトレ】ウォームアップ編その１（out of 4）～呼吸準備	2008-03-27T12:58:27+09:00	999957		https://nicovideo.cdn.nimg.jp/thumbnails/2801358/2801358	296935	15761	31	10980	261	カラオケ	字幕はうｐ主	その2:sm2807579	ニコニコ動画講座	エリック兄さん	ボイストレーニング	1:20～	(2:16~)			
sm19259107	【IA】哀傷歌コンテキスト【オリジナル曲/MV】	2012-11-02T04:01:33+09:00	111429		https://nicovideo.cdn.nimg.jp/thumbnails/19259107/19259107	275762	5066	256	1673	266	VOCALOID	IA_-ARIA_ON_THE_PLANETES-	ねこぼーろ	IAオリジナル曲	哀傷歌コンテキスト	すち	VOCALOID実写PV	IA名曲リンク	VOCALOID殿堂入り		
nm4136946	【がくっぽいど】 喪失モノクローム 【オリジナル】	2008-07-31T13:39:06+09:00	2566558		https://nicovideo.cdn.nimg.jp/thumbnails/4136946/4136946	202274	3888	50	4245	266	otetsu	がくぽオリジナル曲	がくっぽいど	がくっぽいどコンテスト	VOCALOID	神威がくぽ					
sm27512085	【初音ミク】嘘つき魔女と灰色の虹【オリジナルPV】	2015-11-03T19:13:40+09:00	1796335		https://nicovideo.cdn.nimg.jp/thumbnails/27512085/27512085	472389	7816	413	7824	230	VOCALOID	嘘つき魔女と灰色の虹	そらる	CHRIS	まふまふ	ぎぶそん	プレリズムアーチ収録曲	初音ミクオリジナル曲	初音ミク	ミクオリジナル曲	VOCALOID殿堂入り
sm7814947	【鏡音リン・レン】嘘とタイムマシン【オリジナル】	2009-08-02T09:28:47+09:00	1924139		https://nicovideo.cdn.nimg.jp/thumbnails/7814947/7814947	202917	7182	116	2946	230	音楽	モテ曲（当社比）	アヒル軍曹P	りょーの	JOYSOUNDリクエスト投票中	VOCALOID	嘘とタイムマシン	鏡音リン・レン名曲リンク	鏡音オリジナル曲	JOYSOUND配信中	VOCALOID殿堂入り
sm20307795	嘘吐きの世界(未完）	2013-03-11T21:16:32+09:00	28296708		https://nicovideo.cdn.nimg.jp/thumbnails/20307795/20307795	418	2	0	7	291	描いてみた	徳川家康(戦国BASARA)	石田三成(戦国BASARA)	手書きBASARA	戦国BASARA						
sm21881543	【 囮物語 】 中毒になるOP	2013-09-22T03:40:12+09:00	34927103		https://nicovideo.cdn.nimg.jp/thumbnails/21881543/21881543	1171132	14523	166	13415	246	アニメ	囮物語	〈物語〉シリーズセカンドシーズン	もうそう♥えくすぷれす	千石撫子	花澤香菜	脅威の中毒性	神前暁	meg_rock	中毒になる動画シリーズ	
sm43400599	図書室A（星界、初音ミク）	2024-02-23T20:00:00+09:00	84633535		https://nicovideo.cdn.nimg.jp/thumbnails/43400599/43400599.5007290	12246	286	673	270	246	ボカコレ2024冬TOP100ランキング参加曲	VOCALOID	星界	初音ミク	オリジナル曲	歌ってみろ	最後まで聴くべき	VOCALOIDよれよれ曲リンク	感性の反乱β	ボカロP自作アニメーションMVリンク	VOCALOID視覚芸術展
sm29840069	堕天クラブ - LITCHI×鏡音リン	2016-10-15T19:00:00+09:00	39499264		https://nicovideo.cdn.nimg.jp/thumbnails/29840069/29840069	45660	650	41	187	262	VOCALOID	LITCHI	逢人	鏡音リン	リンオリジナル曲	VOCAROCK	堕天クラブ	もっと評価されるべき	ポストミック	オルタナティブミック	
sm16802077	【IA】塵塵呪詛(チリチリジュソ)【オリジナル曲】	2012-01-27T13:13:26+09:00	432349		https://nicovideo.cdn.nimg.jp/thumbnails/16802077/16802077	789714	10023	577	10856	226	VOCALOID	きくお	塵塵呪詛(チリチリジュソ)	IA_-ARIA_ON_THE_PLANETES-	IAオリジナル曲	電子ドラッグ	VOCALOID殿堂入り	ia/vt-colorful-	IA名曲リンク	VOCALOIDデモソング	VOCALOID幻想狂気曲リンク
sm3582790	【初音みくのオリジナル曲】 墓参り	2008-06-07T16:39:03+09:00	781719		https://nicovideo.cdn.nimg.jp/thumbnails/3582790/3582790	155413	5664	83	4888	189	初音みく	ミクオリジナル曲	墓参り	vocaloid	たまぁ～ずP	VOCALOID殿堂入り	ピアノミク	初音ミク名曲リンク	VOCALOID夏曲	VOCALOID処女作	VOCALOIDお盆入り
so29789350	恋愛依存と恋愛回避の心理学～いい恋愛をするための行動変容のポイント前半	2016-10-09T06:00:00+09:00		2606872	https://nicovideo.cdn.nimg.jp/thumbnails/29789350/29789350	53781	1070	11	271	5401	ニコニコ動画講座	メンタリスト	メンタル	心理学	恋愛	2016/07/02(土)放送	性教育				
so40825544	夏が吹く。/ 初音ミク	2022-07-28T18:00:00+09:00		2648319	https://nicovideo.cdn.nimg.jp/thumbnails/40825544/40825544.60167842	121860	1001	2489	1536	225	VOCALOID	初音ミク	ボカロオリジナル曲	vocaloid新曲リンク	ミクオリジナル曲	VOCALOID夏曲	爽やかなミクうた	無色透名祭	夏が吹く。	無色透名祭殿堂入り	VOCALOID殿堂入り
so40825544	夏が吹く。/ 初音ミク	2022-07-28T18:00:00+09:00		2648319	https://nicovideo.cdn.nimg.jp/thumbnails/40825544/40825544.60167842	121860	1001	2489	1536	225	VOCALOID	初音ミク	ボカロオリジナル曲	vocaloid新曲リンク	ミクオリジナル曲	VOCALOID夏曲	爽やかなミクうた	無色透名祭	夏が吹く。	無色透名祭殿堂入り	VOCALOID殿堂入り
sm35049588	『夏空と蜃気楼』- IA -	2019-04-30T19:00:00+09:00	14930313		https://nicovideo.cdn.nimg.jp/thumbnails/35049588/35049588.94066	54739	686	85	452	211	VOCALOID	ちいたな	IA_-ARIA_ON_THE_PLANETES-	アリアノート収録曲	夏空と蜃気楼	VOCALOID夏曲	夏が待ち遠しい	マイリス巡回推奨	sm33133931	IAオリジナル曲	
sm35751117	音街ウナ「夜想モンスター」	2019-09-30T19:00:00+09:00	3343223		https://nicovideo.cdn.nimg.jp/thumbnails/35751117/35751117.18919247	146320	1578	181	938	277	VOCALOID	音街ウナ	40mP	たま（絵師）	夜想モンスター	ウナオリジナル曲	VOCAROCK	クールなぼかうた	DAM&JOY配信中	VOCALOID殿堂入り	
sm31837608	【初音ミク10周年】 夢よ未来へ 【3910Project】	2017-08-31T00:00:00+09:00	31033161		https://nicovideo.cdn.nimg.jp/thumbnails/31837608/31837608	126632	2715	132	3273	600	VOCALOID	初音ミク	ミクオリジナル曲	初音ミク誕生祭2017	はりーP	YoP	前略P	電ポルP	夢よ未来へ	あごなすび	VOCALOID殿堂入り
sm13807934	【初音ミク】「夢町コントラスト」【オリジナル】	2011-03-08T00:14:34+09:00	865371		https://nicovideo.cdn.nimg.jp/thumbnails/13807934/13807934	286854	8203	214	3149	291	VOCALOID	夢町コントラスト	koyori	VOCALOID殿堂入り	初音ミク	ミクオリジナル曲	DAM&JOY配信中	初音ミクAppend	目から電柱	初音ミクSoft	ボカロバラード
sm18609730	【初音ミク】「夢続きドロップス」【オリジナル】	2012-08-14T04:00:11+09:00	865371		https://nicovideo.cdn.nimg.jp/thumbnails/18609730/18609730	127157	2770	107	835	211	VOCALOID	電ポルP	koyori	初音ミク	夢続きドロップス	初音ミクdark	ミクオリジナル曲	VOCALOID殿堂入り	JOYSOUND配信中	EXIT_TUNES_PRESENTS_Supernova_7	『Youthfull』収録曲
sm15911392	【初音ミク】夢カラス影【オリジナル】	2011-10-17T18:07:57+09:00	2409014		https://nicovideo.cdn.nimg.jp/thumbnails/15911392/15911392	88288	3471	37	1627	207	VOCALOID	kous	さいね（絵師）	初音ミク	夢カラス影	VOCALOID-PV	ミクオリジナル曲	初音ミクAppend			
sm32483700	【鏡音リン】 大切な君へ贈る歌 【オリジナル曲】	2017-12-27T00:00:00+09:00	1446360		https://nicovideo.cdn.nimg.jp/thumbnails/32483700/32483700	48884	893	164	614	371	VOCALOID	鏡音リン	トラボルタP	なぎみそ	リンオリジナル曲	鏡音誕生祭2017	鏡音リン・レン誕生祭記念動画	大切な君へ贈る歌	良作再浮上リンク	vocaloidイメージソング	
sm22333188	【結月ゆかり】大惨事ぼっち戦争【オリジナル】	2013-11-26T19:00:00+09:00	35275687		https://nicovideo.cdn.nimg.jp/thumbnails/22333188/22333188	127097	2692	88	589	194	VOCALOID	結月ゆかり	ゆかりオリジナル曲	VOCALOID3	VOCAROCK	神調教	JOYSOUND配信中	驚異的な中毒性	VOCALOID殿堂入り	ねじ式(火曜日p)	クールなゆかりうた
sm13600409	【第6回MMD杯本選】恋天使ルシフェル	2011-02-14T21:22:49+09:00	4897820		https://nicovideo.cdn.nimg.jp/thumbnails/13600409/13600409	2084129	63414	773	93729	302	エンターテイメント	MMD杯6本-1	第6回MMD杯本選	第6回MMD杯本選遅刻組	エルシャダイ	エルシャダイ神話入り	いまいち萌えない娘	大丈夫だ、問題無い	恋天使		
sm13600409	【第6回MMD杯本選】恋天使ルシフェル	2011-02-14T21:22:49+09:00	4897820		https://nicovideo.cdn.nimg.jp/thumbnails/13600409/13600409	2084129	63414	773	93729	302	エンターテイメント	MMD杯6本-1	第6回MMD杯本選	第6回MMD杯本選遅刻組	エルシャダイ	エルシャダイ神話入り	いまいち萌えない娘	大丈夫だ、問題無い	恋天使		
sm18502546	【神威がくぽV3】「太陽の絆」オリジナル曲【PV付】	2012-08-01T17:01:48+09:00	2393707		https://nicovideo.cdn.nimg.jp/thumbnails/18502546/18502546	128433	2382	83	1449	260	VOCALOID	SCL_Project	神威がくぽ	がくっぽいど	natsuP	太陽の絆	がくっぽいど誕生祭2012	がくぽオリジナル曲	春アキ	VOCALOID民族調曲	VOCALOID殿堂入り
sm37239626	太陽様/虻瀬	2020-07-24T19:57:02+09:00	85609604		https://nicovideo.cdn.nimg.jp/thumbnails/37239626/37239626.44341677	73368	348	311	220	221	vocaloid	vocaloid新曲リンク	初音ミクオリジナル曲	初音ミクの暴走	虻瀬	ミクオリジナル曲	もっと評価されるべき	太陽様	マイリス巡回推奨	初音ミク	VOCALOID幻想狂気曲リンク
sm26885931	【初音ミク】 失敗作少女 【オリジナル曲】	2015-08-08T20:04:17+09:00	21990565		https://nicovideo.cdn.nimg.jp/thumbnails/26885931/26885931	3524684	26478	8595	27376	195	VOCALOID	かいりきベア	初音ミク	失敗作少女	鏡見エリス	のう	ミクオリジナル曲	VOCALOID伝説入り	DAM&JOY配信中	初音ミク名曲リンク	
sm23721916	【GUMI】妄想疾患■ガール【オリジナル】	2014-06-07T19:00:00+09:00	2591026		https://nicovideo.cdn.nimg.jp/thumbnails/23721916/23721916	1839944	18187	5663	8705	177	VOCALOID	妄想疾患■ガール	GUMI	れるりり	もじゃ	三重の人	GUMIオリジナル曲	VOCALOID伝説入り	かごめP	かーと	「地獄型人間動物園」収録曲
sm23721916	【GUMI】妄想疾患■ガール【オリジナル】	2014-06-07T19:00:00+09:00	2591026		https://nicovideo.cdn.nimg.jp/thumbnails/23721916/23721916	1839944	18187	5663	8705	177	VOCALOID	妄想疾患■ガール	GUMI	れるりり	もじゃ	三重の人	GUMIオリジナル曲	VOCALOID伝説入り	かごめP	かーと	「地獄型人間動物園」収録曲
sm18145871	【初音ミク】「妄想進化論」【オリジナル】	2012-06-20T16:14:17+09:00	865371		https://nicovideo.cdn.nimg.jp/thumbnails/18145871/18145871	229093	5760	164	2052	227	VOCALOID	電ポルP	初音ミク	koyori	VOCAROCK	VOCALOID殿堂入り	妄想進化論	『HUMAN』収録曲	dam&joy配信中	ミクオリジナル曲	
sm12350296	人間が大好きなこわれた妖怪の唄PV	2010-10-07T14:39:33+09:00	1326910		https://nicovideo.cdn.nimg.jp/thumbnails/12350296/12350296	1471978	45272	659	24436	310	東方	人間が大好きなこわれた妖怪の唄	河城にとり	COOL&CREATE	信頼のコメ率(音楽用)						
sm36698102	婚祭/虻瀬	2020-04-18T15:11:02+09:00	85609604		https://nicovideo.cdn.nimg.jp/thumbnails/36698102/36698102.99483182	38660	205	147	195	270	VOCALOID	初音ミク	初音ミクオリジナル曲	vocaloidオリジナル曲	虻瀬	のいず	ミクオリジナル曲	婚祭	感性の反乱β	VOCALOID民族調曲	ボカロP自作アニメーションMVリンク
sm11480547	【初音ミク】家に帰ると妻が必ず死んだふりをしています。	2010-07-23T01:56:03+09:00	3236137		https://nicovideo.cdn.nimg.jp/thumbnails/11480547/11480547	2628873	53296	1761	39793	165	描いてみた	VOCALOID	ほぼ日P	初音ミク	家に帰ると妻が必ず死んだふりをしています	死ンデレ	Yahoo!知恵袋	ミクオリジナル曲	VOCALOID伝説入り	初音ミク名曲リンク	謎の感動
sm35385941	小説　夏と罰 (下)　/  feat. 猫村いろは	2019-07-11T19:15:00+09:00	52158359		https://nicovideo.cdn.nimg.jp/thumbnails/35385941/35385941.35285137	152029	974	348	240	225	VOCALOID	猫村いろは	いろはオリジナル曲	傘村トータ	小説__夏と罰_(下)	ボカロバラード	VOCALOID夏曲	神調教	魂実装済み	ききいるいろはうた	VOCALOID殿堂入り
sm34871294	少女失格 / 初音ミク	2019-03-29T19:00:02+09:00	53610183		https://nicovideo.cdn.nimg.jp/thumbnails/34871294/34871294.83950	94468	712	371	233	168	VOCALOID	少女失格	初音ミク	ななきそなきそ	檀上大空	VOCALOID新曲リンク	ミクオリジナル曲	なきそ	クールなミクうた	VOCALOID殿堂入り直前	
sm33076089	少女如来の許し方 - LITCHI×鏡音リン	2018-04-19T19:10:00+09:00	39499264		https://nicovideo.cdn.nimg.jp/thumbnails/33076089/33076089	42695	584	45	346	279	VOCALOID	LITCHI	あけの	鏡音リン	少女如来の許し方	リンオリジナル曲	VOCALOID仏堂入り				
sm33076089	少女如来の許し方 - LITCHI×鏡音リン	2018-04-19T19:10:00+09:00	39499264		https://nicovideo.cdn.nimg.jp/thumbnails/33076089/33076089	42695	584	45	346	279	VOCALOID	LITCHI	あけの	鏡音リン	少女如来の許し方	リンオリジナル曲	VOCALOID仏堂入り				
sm24614967	少女溶解　歌いました【鹿乃】	2014-10-04T19:01:23+09:00	15078610		https://nicovideo.cdn.nimg.jp/thumbnails/24614967/24614967	261560	4521	40	1580	176	歌ってみた	ボカロオリジナルを歌ってみた	少女溶解	鹿乃	PolyphonicBranch	かわいいは正義	歌ってみた殿堂入り				
sm21258854	【MV】少年ノアとΦの邂逅 / 黒猫アンティーク feat.GUMI	2013-07-02T19:07:49+09:00	1091989		https://nicovideo.cdn.nimg.jp/thumbnails/21258854/21258854	93182	2559	67	1064	298	VOCALOID	GUMI	少年ノアとΦの邂逅	黒猫アンティーク	GUMIオリジナル曲	EXIT_TUNES_PRESENTS_GUMity	cosMo(暴走P)	Morithシリーズ	VOCALOID殿堂入り直前		
sm19618454	Synchronicity～第三章 巡る世界のレクイエム～	2012-12-19T19:55:00+09:00	3397653		https://nicovideo.cdn.nimg.jp/thumbnails/19618454/19618454	642804	15772	311	13931	243	VOCALOID	鈴ノ助	ひとしずくP	やま△	TSO(とさお)	VAVA	VOCALOID殿堂入り	Synchronicity～巡る世界のレクイエム～	EndlessroLL収録曲	物語音楽	鏡音リン・レン
sm31764168	【実況】UNDERTALE（PS4版）で地上に帰りたい人Part１	2017-08-17T21:00:00+09:00	379368		https://nicovideo.cdn.nimg.jp/thumbnails/31764168/31764168	281783	1983	204	3573	1474	実況プレイ動画	ゲーム	towaco	UNDERTALE	花がなければ即死だった	迫り来るとわこ	顔芸担当クソ花	Undertaleサウンドトラックまみれ	昔のソフトバンク携帯	バタスコ	ネズミシリーズ
sm33868550	幸せ者 - ゲキヤク	2018-09-17T02:20:02+09:00	85613881		https://nicovideo.cdn.nimg.jp/thumbnails/33868550/33868550	272315	2605	1251	673	251	VOCALOID	UTAU	ゲキヤク	UTAUオリジナル曲	ゲキヤクオリジナル曲	クールなUTA	デフォ子	UTAU殿堂入り	幸せ者(ゲキヤク)	幸せ者(A_II)	A_II
sm16583118	【藤宮ゆき】君のための幻想歌【いえろ～ぜぶら】	2012-01-01T17:14:57+09:00	12977852		https://nicovideo.cdn.nimg.jp/thumbnails/16583118/16583118	121133	2443	46	871	337	音楽	いえろ～ぜぶら	藤宮ゆき	ネクロファンタジア	君のための幻想歌	いえろ～ぜぶら→あ～るの～と	東方	東方ヴォーカル	JOYSOUND配信中	八雲一家	10万再生
sm29366124	【結月ゆかり】 幼年期 【オリジナル】	2016-08-02T19:00:00+09:00	35275687		https://nicovideo.cdn.nimg.jp/thumbnails/29366124/29366124	38683	737	44	350	203	VOCALOID	結月ゆかり	ねじ式(火曜日P)	ゆかりオリジナル曲	幼年期（ねじ式）	切ないゆかりうた	結月ゆかり名曲リンク				
sm45319795	幽霊と果実 (to i) ／初音ミク.mp4	2025-08-22T19:00:00+09:00	132580340		https://nicovideo.cdn.nimg.jp/thumbnails/45319795/45319795.53573561	16877	537	1027	230	264	ボカコレ2025夏ルーキー参加曲	初音ミク	VOCALOID	この世に帰ってみた	オルタナティブミック	歌踊コレok	VOCALOIDと歌ってみた	幽霊と果実	最後まで聴くべき	VOCALOID実写PV	メトロノーム＝人生
sm17628858	【GUMI】「幾千年ラヴソング」【オリジナル】	2012-04-23T21:13:35+09:00	865371		https://nicovideo.cdn.nimg.jp/thumbnails/17628858/17628858	201314	6601	222	2237	288	VOCALOID	電ポルP	りょーの	GUMI	幾千年ラヴソング	koyori	GUMIオリジナル曲	ボカロバラード	目から電柱	VOCALOID殿堂入り	VOCALOID実写PV
sm31562970	┗|∵|┓弱者の宣言／HoneyWorks feat.Gero	2017-07-14T20:00:00+09:00	190917		https://nicovideo.cdn.nimg.jp/thumbnails/31562970/31562970	280043	3459	139	1691	242	歌ってみた	Gero	HoneyWorks	ろこる	ziro	弱者の宣言	NNIオリジナル曲	ニコニコインディーズ	ニコニコインディーズ殿堂入り		
sm7023246	鏡音リン / 強烈な色	2009-05-12T09:58:39+09:00	6025804		https://nicovideo.cdn.nimg.jp/thumbnails/7023246/7023246.53014091	124415	4004	50	1734	266	鏡音リン	VOCALOID	リンオリジナル曲	ライブP	VOCAROCK	強烈な色	JOYSOUND配信中	鏡音リン名曲リンク	イケリン	VOCALOID殿堂入り	
sm18450781	【GUMI Whisper】彼の彼女【れるりり×もじゃ】	2012-07-26T21:01:27+09:00	2591026		https://nicovideo.cdn.nimg.jp/thumbnails/18450781/18450781	193164	6921	96	1662	271	VOCALOID	れるりり	もじゃ	GUMI	彼の彼女	GUMI_whisper	V3GUMI	GUMIオリジナル曲	失恋	VOCALOID殿堂入り	
sm18450781	【GUMI Whisper】彼の彼女【れるりり×もじゃ】	2012-07-26T21:01:27+09:00	2591026		https://nicovideo.cdn.nimg.jp/thumbnails/18450781/18450781	193164	6921	96	1662	271	VOCALOID	れるりり	もじゃ	GUMI	彼の彼女	GUMI_whisper	V3GUMI	GUMIオリジナル曲	失恋	VOCALOID殿堂入り	
sm23514243	【ボカロ曲初投稿】心とかいう名前の未発見の臓器の機能についての考察	2014-05-09T19:05:20+09:00	31087181		https://nicovideo.cdn.nimg.jp/thumbnails/23514243/23514243	242140	4264	513	1179	219	VOCALOID	adstlaxy	ミクオリジナル曲	初音ミク	こことか(adstlaxy)	VOCALOID処女作	JOYSOUND配信中	物語音楽	VOCALOID殿堂入り		
sm43977284	心音賛歌 / r-906 (ft.水槽 &amp; 狐子)｜[DnB向上委員会]｜[VocaDuo]	2024-08-16T20:00:00+09:00	79470667		https://nicovideo.cdn.nimg.jp/thumbnails/43977284/43977284.60198537	40527	391	887	122	177	VocaDuo2024	ただいまニコニコ	水槽	狐子	ミツ蜂	Cymo	VOCALOID	CeVIO_AI	VOCALOIDと歌ってみた	r-906	ボカムンベース
sm26055837	【ミク・リン・レン・IA・MAYU】忘却日記【オリジナル】	2015-04-18T20:00:00+09:00	22711505		https://nicovideo.cdn.nimg.jp/thumbnails/26055837/26055837	382364	2674	163	1558	240	VOCALOID	Diarays	うに(絵師)	房野聖	忘却日記	VOCALOID殿堂入り	dam&joy配信中	vocaloidオリジナル曲	コウ(ボカロp)		
sm23259272	【GUMI】 忘却リテラシー 【オリジナルMV】	2014-04-05T19:00:00+09:00	12718229		https://nicovideo.cdn.nimg.jp/thumbnails/23259272/23259272	25922	1248	5	517	184	VOCALOID	忘却リテラシー	あん	ミハヤ	VOCALOIDオリジナル曲						
sm26018629	思春期少年少女　…歌ってみました　byこの子	2015-04-13T19:00:00+09:00	38206038		https://nicovideo.cdn.nimg.jp/thumbnails/26018629/26018629	281292	2779	58	881	222	歌ってみた	思春期少年少女	わき子♂	一之瀬秀典	この子	謎の技術	変態画質				
sm22306590	【初音ミク・鏡音リン】 恋せよラッタッタ！ 【オリジナルMV】	2013-11-22T19:00:00+09:00	12718229		https://nicovideo.cdn.nimg.jp/thumbnails/22306590/22306590	81292	3644	28	3315	207	VOCALOID	トミサカ	初音ミク	恋せよラッタッタ！	JOYSOUND配信中	ミク×リンリンク	かわいいぼかうた	鏡音リン	爽やかなぼかうた		
sm12157121	Robert Palmer - Addicted To Love（恋におぼれて）	2010-09-19T14:00:34+09:00	5772952		https://nicovideo.cdn.nimg.jp/thumbnails/12157121/12157121	1624	13	0	4	235	音楽	洋楽	洋楽名曲集	PV	80's	Robert_Palmer					
sm25338496	【GUMI】恋吹雪の空に【オリジナル】	2015-01-13T19:00:00+09:00	35275687		https://nicovideo.cdn.nimg.jp/thumbnails/25338496/25338496	31081	826	28	388	220	VOCALOID	GUMIオリジナル曲	ＧＵＭＩ	ねじ式(火曜日P)	切ないGUMIうた	フロウ	ききいるGUMIうた	恋吹雪の空に	VOCALOID雪曲	もっと評価されるべき	VOCAROCK
sm25493849	【初音ミク】悩めるAの事情【オリジナル】	2015-02-04T08:22:13+09:00	19820059		https://nicovideo.cdn.nimg.jp/thumbnails/25493849/25493849	116415	512	74	160	218	VOCALOID	初音ミク	ミクオリジナル曲	有機酸	悩めるAの事情	VOCALOID殿堂入り	初音ミク名曲リンク				
sm39472647	悲しみたいのだろうか / saikawa feat.可不	2021-10-14T00:11:00+09:00	35308315		https://nicovideo.cdn.nimg.jp/thumbnails/39472647/39472647.35715126	46717	458	618	250	195	ボカコレ2021秋ルーキー	ボカコレ2021秋TOP100	アルセチカ	saikawa	可不オリジナル曲	悲しみたいのだろうか	可不	VOCALOID	CeVIO_AI	CeVIO新曲リンク	CeVIOオリジナル曲
nm11195743	【GUMI】 想イ出カケラ 【オリジナル曲】	2010-06-26T23:44:27+09:00	4694033		https://nicovideo.cdn.nimg.jp/thumbnails/11195743/11195743	158744	6351	79	2623	270	音楽	VOCALOID	ダルビッシュP	hakus	Silent_Symphonia	想イ出カケラ	5150_収録曲	VOCAROCK	Keisuke.N	Wiiリモコン	GUMIオリジナル曲
sm35773990	愛してはいけない　うたった 【島爺／SymaG】	2019-10-05T19:07:02+09:00	23420636		https://nicovideo.cdn.nimg.jp/thumbnails/35773990/35773990.80537186	199749	1229	127	291	240	歌ってみた	愛してはいけない	島爺	SymaG	ボカロオリジナルを歌ってみた	引き出しの多い爺ちゃん	愛してはいけない(コウ)	爺んとくる	歌ってみた殿堂入り	癒しまじい	ご隠居、タグロックそこであってます
sm43433418	愛のない人 / 初音ミク	2024-02-23T00:00:00+09:00	120564422		https://nicovideo.cdn.nimg.jp/thumbnails/43433418/43433418.53369652	6955	199	422	122	130	ボカコレ2024冬top100ランキング参加曲	VOCALOID	初音ミク	歌踊コレok	ポストミック	ミクオリジナル曲	オルタナティブミック				
sm18849255	【GUMI】 愛の兵器 【オリジナル】	2012-09-10T19:59:24+09:00	2566558		https://nicovideo.cdn.nimg.jp/thumbnails/18849255/18849255	74144	3117	16	1072	225	VOCALOID	otetsu	riria009	かぷりこ	愛の兵器	GUMI	GUMIオリジナル曲				
sm34368888	愛の容器／鏡音リン・みきとP	2018-12-25T20:00:00+09:00	276638		https://nicovideo.cdn.nimg.jp/thumbnails/34368888/34368888.80914	88840	896	93	862	293	VOCALOID	みきとP	愛の容器	リンオリジナル曲	鏡音リン	友達募集P	歌うPシリーズ	VOCALOIDと歌ってみた	檀上大空	鏡音誕生祭2018	鬱くしい
sm44212903	愛の砂時計 / せきこみごはん feat. 初音ミク	2024-10-14T18:00:00+09:00	96245004		https://nicovideo.cdn.nimg.jp/thumbnails/44212903/44212903.95540406	21936	310	535	134	156	VOCALOID	せきこみごはん	初音ミク	vocaloid新曲リンク	音楽	クリプトンオールスターズ	灰咲雨音	ボカロp自作アニメーションmvリンク	愛の砂時計	ミクオリジナル曲	
sm40357220	「感情は成仏しない」IQYU feat. 可不	2022-04-23T00:00:00+09:00	88787899		https://nicovideo.cdn.nimg.jp/thumbnails/40357220/40357220.92242110	26418	305	482	234	150	ボカコレ2022春top100参加作品	音楽的同位体可不(kafu)	可不オリジナル曲	cevioオリジナル曲	VOCALOID	神多洋	IQYU	コールスローイ	感情は成仏しない	可不	既存楽曲復活祭
sm32460402	【MV】懐中銀河 / 初音ミク	2017-12-22T20:45:13+09:00	8559678		https://nicovideo.cdn.nimg.jp/thumbnails/32460402/32460402	81346	1000	246	356	325	VOCALOID	yukkedoluce	くろのくろ	細井健太	初音ミク	懐中銀河	ミクオリジナル曲	星のうた	もっと評価されるべき	VOCALOID宇宙派	青少年科学館
sm40345391	[MMD刀剣乱舞]我が儘讃歌(極乱・光・伽　改)衣装色替え黒	2022-04-20T18:49:03+09:00	65898086		https://nicovideo.cdn.nimg.jp/thumbnails/40345391/40345391.73226117	4093	70	113	38	156	MMD刀剣乱舞	我が儘讃歌	Kei式燭台切光忠(刀剣乱舞)	大倶利伽羅(刀剣乱舞)	政宗組	乱藤四郎・極(刀剣乱舞)	刀剣乱舞で我が儘讃歌	MMD	刀剣乱舞で我が儘賛歌	乱藤四郎(刀剣乱舞)	燭台切光忠(刀剣乱舞)
sm30572213	【IA】 拝啓、僕の声は届いていますか 【n.k】	2017-02-05T19:00:00+09:00	38366207		https://nicovideo.cdn.nimg.jp/thumbnails/30572213/30572213	25557	563	15	392	266	VOCALOID	IA	n.k	拝啓、僕の声は届いていますか	mikey	IAオリジナル曲	黎(クロイ)	IA_-ARIA_ON_THE_PLANETES-			
sm10325060	【鏡音レン】探偵むしめか゛ね ～ さらば怪人256面相【オリジナル曲】	2010-04-08T21:06:42+09:00	259018		https://nicovideo.cdn.nimg.jp/thumbnails/10325060/10325060	185670	7599	58	7160	307	VOCALOID	鏡音レン	ぶっちぎりP	EXIT_TUNES_PRESENTS_Supernova2	あがたのみち	探偵むしめか゛ね	VOCALOID殿堂入り	レンオリジナル曲	VOCALOID迷宮入り	GUMI	
sm29931090	【結月ゆかり】  描いてゆこう  【オリジナル曲】	2016-10-29T20:02:05+09:00	62108479		https://nicovideo.cdn.nimg.jp/thumbnails/29931090/29931090	5289	107	3	38	292	VOCALOID	結月ゆかり	ゆかりオリジナル曲	結月ゆかりオリジナル曲	かわいいゆかりうた	けーえぬP	ボカランED曲				
sm36903498	【MV】携帯恋話／まふまふ	2020-05-22T18:00:00+09:00	18874531		https://nicovideo.cdn.nimg.jp/thumbnails/36903498/36903498.59394012	1732935	15738	3859	10512	256	歌ってみた	携帯恋話	まふまふ	茶々ごま	MONO-Devoid	セルフカバー	音楽				
sm29653437	【声真似】ニコニコ動画摩天楼【手描き&amp;MMD】	2016-09-15T21:00:00+09:00	4651753		https://nicovideo.cdn.nimg.jp/thumbnails/29653437/29653437	2137096	47309	2555	108726	1097	歌ってみた	声真似	手描き	MMD	ニコニコ動画摩天楼	詰め込んでみた					
sm44894862	散財讃歌 feat. 重音テトSV	2025-04-21T19:05:00+09:00	116017965		https://nicovideo.cdn.nimg.jp/thumbnails/44894862/44894862.24183064	109720	762	2069	398	140	VOCALOID	重音テト	重音テトsv	synthesizervオリジナル曲	テトオリジナル曲	SynthesizerV	この歌詞私のことだ…	ご利用は計画的に	散財讃歌	VOCALOID殿堂入り	SynthesizerV殿堂入り
sm44640824	【氷山キヨテル】数学そうはならんやろの歌【公式デモソング】	2025-02-13T12:00:00+09:00	47333202		https://nicovideo.cdn.nimg.jp/thumbnails/44640824/44640824.55302188	12792	242	596	295	303	VOCALOID	氷山キヨテル	氷山キヨテルオリジナル曲	SynthesizerV	synthesizervオリジナル曲	数学	先生何やってんすかシリーズ	VOCALOIDデモソング	キヨテルオリジナル曲	氷山キヨテル(SynthV)	マスティ
sm5238525	新世紀エヴァンゲリオン ～ゼーレ諜報員の実力～	2008-11-14T04:09:11+09:00	91422		https://nicovideo.cdn.nimg.jp/thumbnails/5238525/5238525	1951459	40775	275	17088	129	踊ってみた	人類ポカン計画	新世紀エヴァンゲリオン	残酷な天使のテーゼ	シンクロ率400%	ゼーレ諜報員の実力	全てはゼーレのシナリオ通り				
sm7512797	新世界ヱヴァンゲリヲン 新劇場版：Q　関西限定映像 Part1	2009-07-02T16:24:22+09:00	3385035		https://nicovideo.cdn.nimg.jp/thumbnails/7512797/7512797	1522279	34747	302	131102	683	アニメ	エヴァンゲリオン	関西弁標準語化計画	タメゾウ	新世界エヴァンゲリオン	インターネット老人会	ニコニコ重要文化財	どうでもいい動画	ホットペッパー感	ムスカおるて	トウジ以外全員トウジ
sm25715181	【初音ミク】 新・山ノ手メリーゴーランド（N428系） 【n.k】	2015-03-05T18:30:00+09:00	38366207		https://nicovideo.cdn.nimg.jp/thumbnails/25715181/25715181	70094	1281	30	755	250	VOCALOID	初音ミク	n.k	ミクオリジナル曲	VOCALOID鉄道シリーズ	新・山ノ手メリーゴーランド（N428系）	後ろの存在感	おれらのうた	コメント＜マイリスト		
sm33612742	【MMD刀剣乱舞】日常茶飯事	2018-07-31T10:46:02+09:00	8338193		https://nicovideo.cdn.nimg.jp/thumbnails/33612742/33612742	43049	1863	118	218	90	その他	MMD刀剣乱舞	鶯丸(刀剣乱舞)	鶴丸国永(刀剣乱舞)	カテキン供給動画	うぐみがケキョい					
sm6326585	【初音ミク】『星空に願いを込めて ～Good Night～』をS-YXG50で再現してみた	2009-03-04T18:10:26+09:00	2142328		https://nicovideo.cdn.nimg.jp/thumbnails/6326585/6326585	5376	148	3	97	301	音楽	初音ミク	星空に願いを込めて_Good_Night	tomoP	ミクオリジナル曲	ふんわり星空	大音量推奨	星のうた	夜のうた	S-YXG50	
sm6326585	【初音ミク】『星空に願いを込めて ～Good Night～』をS-YXG50で再現してみた	2009-03-04T18:10:26+09:00	2142328		https://nicovideo.cdn.nimg.jp/thumbnails/6326585/6326585	5376	148	3	97	301	音楽	初音ミク	星空に願いを込めて_Good_Night	tomoP	ミクオリジナル曲	ふんわり星空	大音量推奨	星のうた	夜のうた	S-YXG50	
sm30277005	【結月ゆかり凛V4】星空ロープウェイ【銀河方面P@神野貴志】	2016-12-22T23:31:31+09:00	15348821		https://nicovideo.cdn.nimg.jp/thumbnails/30277005/30277005.5824	33570	569	8	309	216	VOCALOID	ゆかりオリジナル曲	銀河方面P	結月ゆかり誕生祭2016	結月ゆかり	キャラミんStudio	結月ゆかりオリジナル曲	星空ロープウェイ	AHSとVM生使用可	結月ゆかり名曲リンク	歌踊コレOK
sm19471223	重音テトオリジナル曲　星詠みエンドラヴァー	2012-11-30T16:18:27+09:00	16121784		https://nicovideo.cdn.nimg.jp/thumbnails/19471223/19471223	140209	4320	130	1658	235	VOCALOID	重音テト	亜沙	小山乃舞世	UTAU	重音テトオリジナル曲	星詠みエンドラヴァー	UTAUオリジナル曲	テトオリジナル曲	CD吉原ラメント〜UTAU盤〜収録曲	UTAU殿堂入り
sm28425745	【初音ミク】 春の雫 【オリジナル】	2016-03-15T19:00:00+09:00	35275687		https://nicovideo.cdn.nimg.jp/thumbnails/28425745/28425745	21625	496	28	367	245	VOCALOID	初音ミク	ミクオリジナル曲	ねじ式(火曜日P)	爽やかなミクうた	春の雫	VOCAROCK	切ないミクうた	VOCALOID春曲	もっと評価されるべき	
sm36123756	春はバケモノ / 初音ミク	2019-12-23T19:00:03+09:00	53610183		https://nicovideo.cdn.nimg.jp/thumbnails/36123756/36123756.97725797	82160	618	432	199	178	VOCALOID	ななきそなきそ	薬屋	初音ミク	ミクオリジナル曲	VOCALOIDオリジナル曲	春はバケモノ	もっと評価されるべき	なきそ		
sm13173001	「春花秋橙 」【初音ミクオリジナルPV】	2010-12-30T19:25:28+09:00	7550057		https://nicovideo.cdn.nimg.jp/thumbnails/13173001/13173001	85827	3404	25	1840	236	VOCALOID	KulfiQ	春花秋橙	とれパン	ひなのすけ	初音ミク	爽やかなミクうた	JOYSOUND配信中	ミクオリジナル曲	季節感に定評のあるうｐ主	VOCALOID学生化計画
sm34961288	春風に殺される／Fukase・flower	2019-04-13T20:00:00+09:00	83201101		https://nicovideo.cdn.nimg.jp/thumbnails/34961288/34961288.49291	56916	512	153	171	189	VOCALOID	Fukaseオリジナル曲	v_flower	VOCALOIDFukase	v_flowerオリジナル曲	春風に殺される	Δ	マイリス巡回推奨	もっと評価されるべき	神調教	Fukase＆flowerリンク
sm2519176	【初音ミクオリジナル曲】時の歯車【蒼のＢ面】	2008-03-05T03:51:15+09:00	2030093		https://nicovideo.cdn.nimg.jp/thumbnails/2519176/2519176	48639	1258	10	1623	274	音楽	初音ミク	VOCALOID	ミクオリジナル曲	蒼P	VOCALOID-PV	クールなミクうた	時の歯車	ミクトランス		
sm32861826	MV - 曖昧劣等感 / *Luna feat.GUMI	2018-03-10T19:00:00+09:00	25646141		https://nicovideo.cdn.nimg.jp/thumbnails/32861826/32861826	57244	538	69	189	240	VOCALOID	VOCALOID新曲リンク	曖昧劣等感(*Luna)	GUMIオリジナル曲	*Luna	はるお	びび	Kaito（動画師）	GUMI	のら(絵師)	
sm24252416	【進撃のMMD】104期生で僕のついた最後の嘘	2014-08-16T18:33:07+09:00	38686394		https://nicovideo.cdn.nimg.jp/thumbnails/24252416/24252416	21587	883	26	355	147	その他	MikuMikuDance	進撃のMMD	104期生	もっと進撃されるべき	ベルトルト・フーバー	ジャン・キルシュタイン	マルコ・ボット	進撃の巨人MMD-PV	進撃104期生ファンの聖地	泣ける進撃の巨人シリーズ
sm35267315	【神威がくぽ KAITO 鏡音レン】「月夜の乙女」オリジナル曲【MV】	2019-06-15T19:00:00+09:00	2393707		https://nicovideo.cdn.nimg.jp/thumbnails/35267315/35267315.65969634	54455	767	222	368	225	VOCALOID	SCL_Project	神威がくぽ	KAITO	鏡音レン	VanaN’Ice	投稿者コメント	VOCALOIDオリジナル曲	切ないぼかうた	月夜の乙女	VOCALOID月曲
sm1876850	月花ノ姫歌 【初音ミクオリジナル】	2007-12-26T22:50:01+09:00	972877		https://nicovideo.cdn.nimg.jp/thumbnails/1876850/1876850	261216	6257	81	4164	204	音楽	ミクオリジナル曲	ちえＰ	秦野さん版sm2213162	長細くないPV！！！sm2375870	VOCALOID和風曲	JOYSOUND配信中	月花ノ姫歌	VOCALOID殿堂入り	VOCALOID	初音ミク
sm33396405	有象無象も踊る夢/初音ミク	2018-06-21T20:00:00+09:00	72432239		https://nicovideo.cdn.nimg.jp/thumbnails/33396405/33396405	94795	862	223	266	219	VOCALOID	初音ミクオリジナル曲	初音ミク	ミクオリジナル曲	Choisauce	VOCAROCK	有象無象も踊る夢	もっと評価されるべき	獅子志司	うp主誕生祭2018	VOCALOID殿堂入り直前
sm28976278	朦朧レイン	2016-06-03T19:03:13+09:00	37661986		https://nicovideo.cdn.nimg.jp/thumbnails/28976278/28976278	13782	324	14	184	303	VOCALOID	初音ミクDark	forute	ピアノミク	ポストミック	ふろく	VOCALOID梅雨入り	もっと評価されるべき	朦朧レイン	ミクオリジナル曲	
sm4327767	【初音ミク】 本当の自分 【オリジナル05】	2008-08-18T06:04:26+09:00	358047		https://nicovideo.cdn.nimg.jp/thumbnails/4327767/4327767	121001	4297	55	6771	298	初音ミク	にいとP	JOYSOUND配信中	本当の自分	ミクオリジナル曲	切ないミクうた	VOCALOID殿堂入り	ピアノミク	VOCALOID	ボカロバラード	
sm35685990	【初音ミク】本当は演奏家たちとともに【FRENZ2019】	2019-09-15T21:30:00+09:00	1778106		https://nicovideo.cdn.nimg.jp/thumbnails/35685990/35685990.80147348	22719	246	332	86	272	VOCALOID	初音ミク	VOCAROCK	ミクオリジナル曲	imie	ばらっげ	FRENZ_2019	黒鷹	VOCALOIDと歌ってみた	vocaloidイメージソング	ききいるミクうた
sm34598976	来世は他人がいい／Fukase・flower	2019-02-08T22:23:02+09:00	83201101		https://nicovideo.cdn.nimg.jp/thumbnails/34598976/34598976.60825	60364	604	197	199	236	VOCALOID	Fukaseオリジナル曲	v_flower	Δ	VOCALOIDFukase	v_flowerオリジナル曲	神調教	来世は他人がいい	もっと評価されるべき	マイリス巡回推奨	Fukase＆flowerリンク
sm9023529	【初音ミク】某〇×△□より【オリジナル曲】	2009-12-07T02:24:07+09:00	1668185		https://nicovideo.cdn.nimg.jp/thumbnails/9023529/9023529	203632	5149	154	2897	284	VOCALOID	初音ミク	ミクオリジナル曲	saiB	某〇×△□より	VOCALOID殿堂入り	不吉な再生時間				
sm44254722	【Ado】 桜日和とタイムマシン with 初音ミク	2024-10-26T21:00:00+09:00	39170211		https://nicovideo.cdn.nimg.jp/thumbnails/44254722/44254722.38680430	128696	569	1558	737	330	Ado	初音ミク	まふまふ	VOCALOID	VOCALOIDと歌ってみた	Mitchie_M	桜日和とタイムマシン	VOCALOID桜曲	VOCALOID春曲	VOCALOID殿堂入り	DAM&JOY配信中
sm6592477	初音ミク「桜舞う　今」【オリジナル曲】	2009-03-30T14:14:07+09:00	2476652		https://nicovideo.cdn.nimg.jp/thumbnails/6592477/6592477	182817	6187	55	10495	323	音楽	samfree	vocaloid	初音ミク	桜舞う_今	歪みねぇな	vocaloid殿堂入り	初音ミク名曲リンク	ミクオリジナル曲	vocaloid桜曲	
sm25718937	【洛天依オリジナル曲】権御天下（bilibili新年祭2015）	2015-03-05T19:32:47+09:00	27149450		https://nicovideo.cdn.nimg.jp/thumbnails/25718937/25718937	55506	459	27	2419	253	VOCALOID	洛天依	洛天依オリジナル曲	海外組VOCALOID	三国志	孫権	権御天下	VOCALOID外国語曲リンク	海外PのVOCALOID	中国語で歌う三国志シリーズ	vocaloid中華曲
sm8799919	【初音ミク】欲求不満マーチ【オリジナル曲】	2009-11-14T04:14:45+09:00	9235675		https://nicovideo.cdn.nimg.jp/thumbnails/8799919/8799919	127587	3638	908	1391	223	VOCALOID	21世紀P	夜宵	私はただ唄を届けたいし	ミクオリジナル曲	クールなミクうた	欲求不満マーチ	VOCALOID殿堂入り	VOCALOIDイメージソング	初音ミク	
sm15273615	【初音ミク】「正夢デエト」【オリジナル】	2011-08-11T01:40:21+09:00	865371		https://nicovideo.cdn.nimg.jp/thumbnails/15273615/15273615	237651	5212	288	3223	198	VOCALOID	電ポルP	ミクオリジナル曲	正夢デエト	初音ミク	koyori	VOCAROCK	爽やかなミクうた	過去ログ：2011/8/24	VOCALOID殿堂入り	DAM&JOY配信中
sm28470678	死ぬまで生きていよう / 重音テト	2016-03-21T21:30:00+09:00	28681600		https://nicovideo.cdn.nimg.jp/thumbnails/28470678/28470678	65319	1182	98	481	172	VOCALOID	UTAU	重音テト	UTAUオリジナル曲	テトオリジナル曲	薄塩指数	死ぬまで生きていよう(薄塩指数)	おれらのうた	マイリス巡回推奨	ポガティブ	UTAU名曲リンク
sm49819	きみ死ね-完全版-	2007-03-19T23:41:11+09:00	22564		https://nicovideo.cdn.nimg.jp/thumbnails/49819/49819	2961816	53453	1710	65333	280	きみのためなら死ねる	ゲーム	(ﾟ∀ﾟ)ﾗｳﾞｨ!!	探していたあの曲	トリプルミリオン予備軍	ゲーム音楽	音楽	きみ死ね	ﾇﾇﾈﾈﾇﾇﾈﾉ	ズンズンズンズン	
sm12908050	【実況＆プレイ】 死んではいけない古の王国 【スマブラ】	2010-12-01T19:00:22+09:00	16343170		https://nicovideo.cdn.nimg.jp/thumbnails/12908050/12908050	640337	5112	18	32044	1093	ゲーム	pyou吉	実況プレイ動画	裏切りの夕焼け	スマブラ	板東英二ポケモン	実況界のドン小西	ジャングルでやれ	dieジェスト	空間固定型ポケモンコインコイン	ジャングルの掟
sm23857726	死神のギター / ぽてんしゃる0 feat.IA ROCKS+IA	2014-06-25T20:00:00+09:00	5223846		https://nicovideo.cdn.nimg.jp/thumbnails/23857726/23857726	219629	4002	99	1361	273	VOCALOID	ぽてんしゃる0	死神のギター	VOCAROCK	IAオリジナル曲	VOCALOID殿堂入り	IA_-ARIA_ON_THE_PLANETES-	VOCALOID-PV	IA_SUPER_BEST収録曲	IA_ROCKS	サビの疾走感
sm38272000	【結月ゆかり＆結月ゆかり 麗】残酷と純粋【オリジナル】	2021-02-14T20:00:00+09:00	35275687		https://nicovideo.cdn.nimg.jp/thumbnails/38272000/38272000.40990837	55777	666	769	245	231	VOCALOID	結月ゆかり_麗	vocaloidオリジナル曲	ゆかりオリジナル曲	ねじ式(火曜日p)	檀上大空	CeVIOオリジナル曲	CeVIO_AI	CeVIO_AI_結月ゆかり_麗	VOCAROCK	結月ゆかり名曲リンク
sm35608791	I wanna be the Minazuki -水無月の通り雨-【撃破】	2019-08-29T19:58:04+09:00	14991951		https://nicovideo.cdn.nimg.jp/thumbnails/35608791/35608791.65408651	270	1	0	0	112	ゲーム	耐久	ピューン	アイワナ	水無月の通り雨						
sm16931227	【第8回MMD杯本選】水色と宇宙船【初音ミク PV】	2012-02-10T21:07:11+09:00	6795814		https://nicovideo.cdn.nimg.jp/thumbnails/16931227/16931227	350582	21713	58	7690	193	VOCALOID	第8回MMD杯本選	MikuMikuDance	nexus	MMD杯8本-dot	水色と宇宙船	@まさたかP	初音ミク	MMD傑作選	MMD	Lat式ミク
sm18726752	【初音ミク】永遠に幸せになる方法、見つけました。【オリジナル】	2012-08-27T13:23:41+09:00	531122		https://nicovideo.cdn.nimg.jp/thumbnails/18726752/18726752	2124543	41735	835	92669	311	VOCALOID	初音ミク	うたたP	永遠に幸せになる方法、見つけました。	うたたPチャンネル	幸福シリーズ	wogura	ミクオリジナル曲	VOCALOID幻想狂気曲リンク	VOCALOID伝説入り	初音ミク名曲リンク
sm20725500	【ナイス】永遠に続く五線譜【ボカロカバー】	2013-04-29T06:22:13+09:00	5156695		https://nicovideo.cdn.nimg.jp/thumbnails/20725500/20725500	1192	7	4	3	240	VOCALOID	がくっぽいど	KAITO	永遠に続く五線譜	神威がくぽ	VOCALOID→VOCALOIDカバー	ユニット「ナイス」	永久に続く五線譜			
sm29740158	汚れたきれいな / 初音ミク	2016-09-29T19:20:00+09:00	34638589		https://nicovideo.cdn.nimg.jp/thumbnails/29740158/29740158	31287	589	75	241	282	VOCALOID	初音ミク	なぎさ（ボカロP）	あしや杏子	VOCAROCK	オルタナティブミック	ミクオリジナル曲	汚れたきれいな	ポストミック		
so40804032	法のアナル / 音街ウナと歌愛ユキと初音ミク	2022-07-28T18:00:00+09:00		2648319	https://nicovideo.cdn.nimg.jp/thumbnails/40804032/40804032.768548	68352	584	2616	2712	157	VOCALOID	音街ウナ	歌愛ユキ	初音ミク	無色透名祭	vocaloidネタ曲リンク	ネタ曲投稿祭無色透名祭出張組	真面目に最後まで見ろ	法のアナル	有色版sm40851391	ティーダのチンポ気持ちよすぎだろ!
sm42785524	【キエン】泥の中の花【UTAUカバー】	2023-09-20T11:49:02+09:00	129716140		https://nicovideo.cdn.nimg.jp/thumbnails/42785524/42785524.13014831	109	2	4	0	240	UTAU	泥の中の花	キエン(UTAU)	ust配布	VOCALOID→UTAUカバー曲						
sm17308540	浮かれた大学生は死ね／歌、開発コードmiki	2012-03-20T20:05:08+09:00	20568982		https://nicovideo.cdn.nimg.jp/thumbnails/17308540/17308540	350625	7655	203	5412	211	VOCALOID	石風呂	浮かれた大学生は死ね	四畳半神話大系	開発コードmiki	VOCALOID殿堂入り	mikiオリジナル曲	DAM&JOY配信中	伝説のmikiマスター	我ら妄想族	
sm28268242	【初音ミク】浮く書店【オリジナルMV】	2016-02-24T19:00:00+09:00	40605619		https://nicovideo.cdn.nimg.jp/thumbnails/28268242/28268242	16118	290	13	126	177	VOCALOID	初音ミク	ミクオリジナル曲	クロワッサンシカゴ	染町	浮く書店	ポストミック	VOCALOID空想童話曲リンク	VOCALOID図書館入り	マスロック	VOCALOID変拍子曲
sm34955503	『海底図書館』  feat.紲星あかり	2019-04-12T20:00:00+09:00	6991358		https://nicovideo.cdn.nimg.jp/thumbnails/34955503/34955503.2783	13273	309	69	81	276	VOCALOID	紲星あかり	P4works.	Poi	あかりオリジナル曲	ごろく	ボカロバラード	VOCALOID深海入り	めとりー	VOCALOID図書館入り	ききいるぼかうた
sm31839634	MV - 消えた夏の夢 / *Luna feat.初音ミク	2017-08-31T19:00:00+09:00	25646141		https://nicovideo.cdn.nimg.jp/thumbnails/31839634/31839634	82430	708	92	278	307	VOCALOID	*Luna	初音ミク	消えた夏の夢	ミクオリジナル曲	びび	はるお	kaito(動画師)	VOCALOID夏曲	初音ミク誕生祭2017	future_bass
sm29472761	MAYU「涙しかきこえない」【オリジナルMMD-MV】	2016-08-18T21:10:57+09:00	2635030		https://nicovideo.cdn.nimg.jp/thumbnails/29472761/29472761	25216	458	33	239	315	VOCALOID	MAYU(VOCALOID)	MAYUオリジナル曲	ボカトロニカ	MikuMikuDance	SEDO	涙しかきこえない	(๑'ᴗ'๑)の人	MMD-PV	TrueBeauty	伝説のMAYUマスター
sm16852656	【初音ミク】淑女ベリィの作り方。【オリジナル曲】	2012-02-02T00:12:18+09:00	145381		https://nicovideo.cdn.nimg.jp/thumbnails/16852656/16852656	326554	7228	206	5700	222	VOCALOID	マチゲリータP	ミクオリジナル曲	みょーん	淑女ベリィの作り方。	初音ミク	VOCALOID殿堂入り	DAM&JOY配信中	サムネバイバイ	VOCALOID幻想狂気曲リンク	
sm23976072	GUMI　MV　『深青』	2014-07-11T19:00:00+09:00	16222594		https://nicovideo.cdn.nimg.jp/thumbnails/23976072/23976072	81757	1832	41	1062	201	VOCALOID	GUMI	深青	ライオネル山崎	しろかね	エポック	黙ってマイリス	JOYSOUND配信中	GUMIオリジナル曲	VOCALOID深海入り	GUMI名曲リンク
sm37150035	滲む世界 / ねじ式 feat.初音ミク	2020-07-07T20:00:00+09:00	35275687		https://nicovideo.cdn.nimg.jp/thumbnails/37150035/37150035.20022781	18847	412	78	174	214	VOCALOID	ねじ式(火曜日p)	檀上大空	初音ミクオリジナル曲	初音ミク	ミクオリジナル曲	滲む世界	かわいいミクうた	爽やかなミクうた	ボカロバラード	
sm40836795	濁るイノセント - 足立レイ	2022-07-28T22:14:02+09:00	121685054		https://nicovideo.cdn.nimg.jp/thumbnails/40836795/40836795.8384228	117781	582	1170	274	215	足立レイ	VOCALOID	足立レイオリジナル曲	utauオリジナル曲	ボカロP自作アニメーションMVリンク	UTAU	濁るイノセント	ピクド	さらに評価されるべき	UTAU殿堂入り	
sm37297428	【結月ゆかり】灰に潜れ【オリジナル】	2020-08-04T19:00:00+09:00	35275687		https://nicovideo.cdn.nimg.jp/thumbnails/37297428/37297428.48874533	123648	1140	1323	1430	217	VOCALOID	結月ゆかり	ねじ式(火曜日p)	結月ゆかりオリジナル曲	檀上大空	灰に潜れ	お洒落なゆかりうた	ゆかりオリジナル曲	VOCALOID殿堂入り		
sm13009803	【オリジナル曲】灰被りの姉	2010-12-12T20:18:15+09:00	1476248		https://nicovideo.cdn.nimg.jp/thumbnails/13009803/13009803	21198	330	8	225	180	VOCALOID	青磁（即興電Ｐ）	ラーメンタイマー	巡音ルカ	ルカオリジナル曲	灰被りの姉	VOCALOID幻想狂気曲リンク	物語音楽	架空言語	VOCALOID空想童話曲リンク	VOCALOIDシンデレラ曲
sm27267183	初音ミク　MV　『炎傷』	2015-09-30T20:00:00+09:00	16222594		https://nicovideo.cdn.nimg.jp/thumbnails/27267183/27267183	40103	752	17	274	201	VOCALOID	初音ミク	炎傷	ミクオリジナル曲	ふえると	エポック	ばけつ	VOCAROCK	hachi	VOCALOID-PV	
sm43563603	無名のクオリア/maro(マロ)	2024-03-23T13:01:02+09:00	131390409		https://nicovideo.cdn.nimg.jp/thumbnails/43563603/43563603.5773295	146	4	34	152	252	歌ってみた	歌コレ2024春ルーキー									
sm19627717	【初音ミク】於江宇伊阿呆の諸行は無常【オリジナル曲】	2012-12-20T23:04:39+09:00	9261236		https://nicovideo.cdn.nimg.jp/thumbnails/19627717/19627717	199756	4181	215	2738	360	VOCALOID	初音ミク	ショミ	VOCALOID殿堂入り	ミクオリジナル曲	於江宇伊阿呆の諸行は無常	最後まで聴くべき	プログロイド	般P		
sm7197256	【戯言シリーズ】無題ドキュメント【手描き】	2009-05-30T16:12:36+09:00	4113649		https://nicovideo.cdn.nimg.jp/thumbnails/7197256/7197256	171292	8633	42	7568	402	アニメ	戯言シリーズ	縁が「合ったら」、また会おう	驚異的な中毒性	手描きMAD殿堂入り	無題ドキュメント	涙腺崩壊	西尾維新	おまけも本編	祝・アニメ化	
sm35080073	狂えない僕らは / Flower	2019-05-07T20:00:00+09:00	88629616		https://nicovideo.cdn.nimg.jp/thumbnails/35080073/35080073.74292	53815	737	106	114	206	VOCALOID	くじら	さぶろう	坂月さかな	VOCALOIDオリジナル曲	狂えない僕らは	V_flower	v_flowerオリジナル曲	VocaR&B	お洒落な花うた	くじら(ボカロP)
sm32804071	猫の街 / 心華 - 青屋夏生	2018-02-27T18:00:00+09:00	96970		https://nicovideo.cdn.nimg.jp/thumbnails/32804071/32804071	36692	491	96	360	277	VOCALOID	心華オリジナル曲	心華	VocaR&B	VOCALOID実写PV	お洒落なボカうた	青屋夏生	VOCALOIDにゃんこ入り	日本語心華	猫の街(青屋夏生)	ミックホップ
sm32161973	【APヘタリアMMD】猿マネ椅子取りゲーム【日中心】	2017-10-26T13:54:07+09:00	36855087		https://nicovideo.cdn.nimg.jp/thumbnails/32161973/32161973	8670	162	41	132	275	AxisPowersヘタリア	APヘタリアMMD	APヘタリア日本リンク	APヘタリア枢連リンク	APヘタリア連合リンク	APヘタリア枢軸リンク	史実寄りAPヘタリア				
sm33693389	現世ストライキ / flower	2018-08-17T20:00:00+09:00	63367816		https://nicovideo.cdn.nimg.jp/thumbnails/33693389/33693389	54802	560	56	197	179	VOCALOID	VOCALOIDオリジナル曲	v_flower	v_flowerオリジナル曲	ぬくぬくにぎりめし	SEVENTHLINKS	現世ストライキ	はるお	VOCAROCK	驚異的な中毒性	もっと評価されるべき
sm15149257	【初音ミク】甘き死の柩【オリジナル曲】	2011-07-29T06:35:49+09:00	145381		https://nicovideo.cdn.nimg.jp/thumbnails/15149257/15149257	139246	4107	46	3657	247	VOCALOID	マチゲリータP	ミクオリジナル曲	マチゲったメルヘン	甘き死の柩	初音ミク	VOCALOID幻想狂気曲リンク	VOCALOID殿堂入り	VOCALOID空想童話曲リンク		
sm11421618	【歌愛ユキ】生きてます【オリジナル曲】	2010-07-17T22:52:58+09:00	8574729		https://nicovideo.cdn.nimg.jp/thumbnails/11421618/11421618	64677	2037	63	1195	318	VOCALOID	歌愛ユキ	ユキオリジナル曲	No-H	生きてます	歌哀ユキ	歌愛ユキ三大鬱曲				
sm37193452	生きてゆくのに心は　うたった【島爺／SymaG】	2020-07-15T19:16:02+09:00	23420636		https://nicovideo.cdn.nimg.jp/thumbnails/37193452/37193452.40267865	157753	1092	216	368	232	歌ってみた	生きてゆくのに心は	島爺	SymaG	Δ	すさま爺	爺んとくる	マイリス巡回推奨	作者巡回済み		
sm31359375	【本編第1回目】よゐこのマイクラでサバイバル生活 Minecraftマイクラ実況	2017-06-08T15:30:22+09:00	40854141		https://nicovideo.cdn.nimg.jp/thumbnails/31359375/31359375	2378384	20514	460	32493	1195	ゲーム	実況プレイ動画	マインクラフト	マイクラ	Minecraft	Minecraftシリーズpart1リンク	伝説の始まり	ニンテンドースイッチ	Nintendo_Switch	任天堂	エンターテイメント
sm5527307	【ＳＩＲＥＮ】『絵本』生贄の羊 【替え歌】	2008-12-13T00:55:38+09:00	2124370		https://nicovideo.cdn.nimg.jp/thumbnails/5527307/5527307	2656	32	3	56	189	SIREN	サイレンMAD	さいれんのうた	歌い手募集	手描きサイレン	歌詞秀逸	歌ってみた				
sm30290484	甲斐甲斐しい言葉の闇に_ft.初音ミク	2016-12-24T23:59:00+09:00	27261916		https://nicovideo.cdn.nimg.jp/thumbnails/30290484/30290484	88920	755	135	419	290	VOCALOID	ただのCo	初音ミク	ミクオリジナル曲	甲斐甲斐しい言葉の闇に	MikuPOP	驚異的な中毒性	もっと評価されるべき	復活希望		
sm21322001	【GUMIPower 】番傘【オリジナル曲PV付き】	2013-07-10T18:00:11+09:00	18398957		https://nicovideo.cdn.nimg.jp/thumbnails/21322001/21322001	137769	4611	63	3841	184	VOCALOID	GUMI	アリエP	ぎぶそん	mao	GUMIオリジナル曲	VOCALOID殿堂入り	yasu(mixer)	VOCALOID和風曲	vocaloid夏曲	番傘(アリエp)
sm4523743	【神威がくぽ】　疾風　－修正版－　【がくっぽいどオリジナル】	2008-09-05T06:51:20+09:00	529223		https://nicovideo.cdn.nimg.jp/thumbnails/4523743/4523743	411085	14201	145	7569	288	がくっぽいど	がくぽオリジナル曲	のりP	VOCALOID	神威がくぽ						
sm28440466	[piano]病名コイワズライ[Honeyworks]	2016-03-17T18:55:51+09:00	48985786		https://nicovideo.cdn.nimg.jp/thumbnails/28440466/28440466	2398	32	0	139	259	音楽	Honeyworks	病名コイワズライ	piano							
sm29470967	白夏 feat. 鏡音リン＆鏡音レン【オリジナル】	2016-08-18T18:18:00+09:00	1051615		https://nicovideo.cdn.nimg.jp/thumbnails/29470967/29470967	63837	801	12	763	227	VOCALOID	鏡音リン	鏡音レン	VOCALOID-PV	VOCALOID夏曲	リンオリジナル曲	レンオリジナル曲	白夏	公式巡回済み	Play_of_Color	鏡音オリジナル曲
sm21293261	【IA】真夏と少年の天ノ川戦争【オリジナル】	2013-07-06T23:58:58+09:00	32260190		https://nicovideo.cdn.nimg.jp/thumbnails/21293261/21293261	1062123	5220	1650	6230	401	VOCALOID	Orangestar	蜜柑星P	真夏と少年の天ノ川戦争	IA_-ARIA_ON_THE_PLANETES-	IAオリジナル曲	VOCALOID夏曲	『未完成エイトビーツ』収録曲	VOCALOID伝説入り	DAM&JOY配信中	うっせーロリコン！
sm21605926	【初音ミク】真夏のレターレインボー【オリジナル曲＆PV】	2013-08-16T18:00:00+09:00	6795814		https://nicovideo.cdn.nimg.jp/thumbnails/21605926/21605926	92687	3633	67	1079	240	VOCALOID	MOSAIC.TUNE	@まさたかP	初音ミク	nana(Sevencolors)	真夏のレターレインボー	MOSAIC.WAV	Lat式ミク	ミクオリジナル曲	MMD-PV	vocaloid殿堂入り直前
sm33385805	【GUMI】瞬間劇的ニンゲン革命【Mizu】	2018-06-18T20:00:00+09:00	53941052		https://nicovideo.cdn.nimg.jp/thumbnails/33385805/33385805	78952	838	52	707	213	Mizu	しとお	ke-sanβ	ARTRYNE	GUMIオリジナル曲	VOCALOID	Chiptune×VOCALOIDリンク	VOCAROCK	GUMI	瞬間劇的ニンゲン革命	
sm23800789	【初音ミク】 短夜流離 【オリジナル曲】	2014-06-17T20:02:47+09:00	1480332		https://nicovideo.cdn.nimg.jp/thumbnails/23800789/23800789	20997	703	18	185	323	VOCALOID	におP	短夜流離	初音ミク	ミクオリジナル曲	ボカロバラード	VOCALOID実写PV	切ないミクうた	VOCALOID夏曲	ききいるミクうた	
sm14715145	【VY2オリジナル曲】硝子ノ華【和風ロック】	2011-06-11T21:01:32+09:00	145381		https://nicovideo.cdn.nimg.jp/thumbnails/14715145/14715145	189396	5730	86	4696	277	VOCALOID	マチゲリータP	カキィィィン	VY2オリジナル曲	(+･｀ω･)	硝子ノ華	vocaloid和風曲	さらに評価されるべき	VOCALOID殿堂入り	神調教	VY2
sm20901933	MikuMikuDance 5周年を　みんなで　祝ってやる！！	2013-05-19T10:14:37+09:00	826230		https://nicovideo.cdn.nimg.jp/thumbnails/20901933/20901933	472565	19525	144	6761	194	作ってみた	MikuMikuDance	Birthday_Song_for_ミク	MMDオールスター	ミクとゆかいな仲間たち	Mitchie_M	MikuMikuDance殿堂入り	VOCALOID/UTAU-MMD	一時停止推奨	納得の感動	
sm25928475	【GUMI】神に捧ぐ不機嫌の花束【オリジナルMV】	2015-04-02T20:00:00+09:00	9540020		https://nicovideo.cdn.nimg.jp/thumbnails/25928475/25928475	189271	2612	121	1265	195	VOCALOID	GUMI	神に捧ぐ不機嫌の花束	ちんたら	すこっち	Kor	GUMIオリジナル曲	VOCAJAZZ	VOCALOID殿堂入り	お洒落なGUMIうた	クールなGUMIうた
sm3246160	【初音ミク】私のマスターど素人【オリジナル】	2008-05-09T17:33:09+09:00	6297548		https://nicovideo.cdn.nimg.jp/thumbnails/3246160/3246160	81785	2766	27	3465	127	音楽	初音ミク	ミクオリジナル曲	VOCALOID	かちゅぜちゅぴー（P）	私のマスターど素人	幼音ミク	ぼかろ幼稚園	VOCALOIDイメージソング	かわいいミクうた	ＶＯＣＡＬＯＩＤ幼稚園入り
sm3445140	空（full ver.） / ウタP feat.鏡音レン	2008-05-26T01:18:05+09:00	202651		https://nicovideo.cdn.nimg.jp/thumbnails/3445140/3445140	63608	2245	19	1328	302	音楽	ウタP	鏡音レン	VOCALOID	レンオリジナル曲	VOCALOID民族調曲	空(ウタP)	JOYSOUND配信中	ききいるレンうた	鏡音レン名曲リンク	もっと評価されるべき
sm30058614	【鏡音リンレン】空威張りビヘイビア【オリジナルMV/ワンオポ】	2016-11-22T16:00:00+09:00	13893300		https://nicovideo.cdn.nimg.jp/thumbnails/30058614/30058614	63005	684	53	326	178	VOCALOID	鏡音リン	鏡音レン	ワンダフル☆オポチュニティ！	じーざすP	言ノ葉Project	鏡音オリジナル曲	VOCALOID-PV	納得の感動	さらに評価されるべき	空威張りビヘイビア
sm14552035	【初音ミクAppend】空音サイレンサ【オリジナル曲/MV】	2011-05-25T04:25:41+09:00	111429		https://nicovideo.cdn.nimg.jp/thumbnails/14552035/14552035	268913	6451	226	2407	250	VOCALOID	ねこぼーろ	空音サイレンサ	ミクトロニカ	初音ミクAppend	ミクオリジナル曲	VOCALOID殿堂入り	初音ミク名曲リンク	切ないミクうた	初音ミク	みなもすち
sm36703037	窓の無い部屋 / Task	2020-04-19T21:00:00+09:00	8540796		https://nicovideo.cdn.nimg.jp/thumbnails/36703037/36703037.60492017	28002	506	83	120	120	VOCALOID	GUMI	Task	STAR15	GUMIオリジナル曲	窓の無い部屋	VOCALOIDと歌ってみた	Chiptune×VOCALOIDリンク			
sm34394597	『笑門来福』- IA × ONE -	2018-12-29T19:05:00+09:00	14930313		https://nicovideo.cdn.nimg.jp/thumbnails/34394597/34394597.49191	50922	486	91	238	205	VOCALOID	IA_-ARIA_ON_THE_PLANETES-	ONE_-ARIA_ON_THE_PLANETES-	ちいたな	VOCALOIDオリジナル曲	ツチヤサキ	CeVIOオリジナル曲	ふにゃ	CeVIO	VOCALOID和風曲	笑門来福
sm19842832	【年始筆おろし合唱企画】くるみ☆ぽんちお【大盛り合唱】	2013-01-16T21:00:00+09:00	9105841		https://nicovideo.cdn.nimg.jp/thumbnails/19842832/19842832	383546	4230	225	8666	215	歌ってみた	合唱シリーズ	大盛りシリーズ	くるみ☆ぽんちお	仮面が無ければ即死だった・・・	混ぜすぎカオス	アウトに限りなく近いアウト	ここに建てた病院とSEX!	ネタが多すぎてタグに困る動画	合唱シリーズ殿堂入り	サムネブラックホール
sm14466435	【GUMI】筋肉痛駆け落ちの滑稽な結末【オリジナル曲】	2011-05-16T00:02:01+09:00	372592		https://nicovideo.cdn.nimg.jp/thumbnails/14466435/14466435	402997	11774	91	28974	385	VOCALOID	家の裏でマンボウが死んでるP	マンボウの姉	LIMyT	筋肉痛駆け落ちの滑稽な結末	VOCALOID殿堂入り	DAM&JOY配信中	GUMIオリジナル曲	GUMI	加害妄想	謎の感動
sm36870420	篝火のように / 初音ミク	2020-05-16T19:00:00+09:00	1604442		https://nicovideo.cdn.nimg.jp/thumbnails/36870420/36870420.76062257	30464	554	190	222	317	VOCALOID	初音ミク	ミクオリジナル曲	芳田	神調教	篝火のように	魂実装済み	ききいるミクうた	ボカロバラード	与花	もっと伸びるべき
sm14662096	【アイドルマスター】糸電話　天海春香	2011-06-05T22:31:48+09:00	4872397		https://nicovideo.cdn.nimg.jp/thumbnails/14662096/14662096	22141	1333	2	351	378	アイドルマスター	少年P	トカチP	DSP	im@sストーリー系PV	糸電話	iM@SコラボPV	泣けるアイマス	天海春香	天野月子	哀春香
sm10256644	アイドルマスター 春香 「紅の花」	2010-04-03T00:00:23+09:00	518143		https://nicovideo.cdn.nimg.jp/thumbnails/10256644/10256644	164750	16002	15	3296	156	アイドルマスター	KenjoP	4月3日は春香の誕生祭	ニコニコオーパーツ	天海春香	ニコマス良作タグ	自然なのが不自然	※MMD登場前の動画です			
sm8187836	紅十字 feat. 神威がくぽ【オリジナル・PV付】	2009-09-10T15:40:25+09:00	9465183		https://nicovideo.cdn.nimg.jp/thumbnails/8187836/8187836	10134	506	5	296	262	音楽	VOCALOID	がくっぽいど	EM	-まこと-	VOCALOID和風曲	神調教	神威がくぽ	がくぽオリジナル曲	がくぽ名曲リンク	VOCALOID民族調曲
sm20377927	初音ミク オリジナル曲　『 紅色ボーダーライン 』	2013-03-19T20:00:00+09:00	76265		https://nicovideo.cdn.nimg.jp/thumbnails/20377927/20377927	80863	2765	47	1351	284	VOCALOID	Heavenz	RAHWIA	ke-sanβ	紅色ボーダーライン	初音ミク	ミクオリジナル曲	VOCALOID桜曲	もっと評価されるべき	元気が出るミクうた	VOCALOID卒業曲集
so40803949	純愛の哲学 / 可不	2022-07-28T18:00:00+09:00		2648319	https://nicovideo.cdn.nimg.jp/thumbnails/40803949/40803949.52885688	37071	709	1164	378	274	VOCALOID	可不	可不オリジナル曲	無色透名祭	ポエトリーリーディング	POEMLOID	CeVIO	CeVIOオリジナル曲	CeVIO_AI	本人投稿→sm40983659	純愛の哲学
so28038501	この素晴らしい世界に祝福を！　第1話「この自称女神と異世界転生を！」	2016-01-23T12:00:00+09:00		2617611	https://nicovideo.cdn.nimg.jp/thumbnails/28038501/28038501	2237264	8552	1153	107079	1420	アニメ	この素晴らしい世界に祝福を！	壮大に何も始まらない	なろう系	はいてない	宮崎ピーマン	第一話無料作品				
sm30243654	【オリジナルPV】紺々恋慕【vo.結月ゆかり】	2016-12-17T19:00:00+09:00	31695079		https://nicovideo.cdn.nimg.jp/thumbnails/30243654/30243654	79209	1150	82	791	163	VOCALOID	紺々恋慕	結月ゆかり	黒澤まどか	しぃら(絵師)	九二四れい	弟の姉	VOCALOID和風曲	ゆかりオリジナル曲	狐	かわいいゆかりうた
sm11653731	【初音ミク】終わり行く世界と、最後の僕ら。【オリジナルPV】	2010-08-06T20:16:16+09:00	6308119		https://nicovideo.cdn.nimg.jp/thumbnails/11653731/11653731	274946	11628	129	6734	247	VOCALOID	初音ミク	相馬	びんせん	終わり行く世界と、最後の僕ら。	VOCALOID殿堂入り	もう、ダメP	初音ミク名曲リンク	世界崩壊曲リンク	ミクオリジナル曲	VOCAROCK
sm38092342	終焉≠カタルシス / 鏡音リン	2021-01-09T17:00:00+09:00	20097010		https://nicovideo.cdn.nimg.jp/thumbnails/38092342/38092342.12567983	35355	343	275	582	191	VOCALOID	鏡音リン	終焉≠カタルシス	リンオリジナル曲	VOCALOID-PV	鏡音リンオリジナル曲	ろひ	ナツメ神楽	もっと評価されるべき	既存楽曲復活祭	
sm18172311	【IA】完全犯罪ラブレター【終焉ノ栞プロジェクト】	2012-06-23T18:13:30+09:00	13279836		https://nicovideo.cdn.nimg.jp/thumbnails/18172311/18172311	1366146	27462	498	41700	250	VOCALOID	150P	IA_-ARIA_ON_THE_PLANETES-	完全犯罪ラブレター（150P）	IAオリジナル曲	VOCALOID伝説入り	終焉ノ栞プロジェクト	こみね	さいね	C太	IA名曲リンク
sm26307842	【ONE】 絶対創造フューチャー 【n.k】	2015-05-22T19:00:00+09:00	38366207		https://nicovideo.cdn.nimg.jp/thumbnails/26307842/26307842	62458	1102	35	676	267	VOCALOID	n.k	ONE	ONEオリジナル曲	CeVIO	絶対創造フューチャー	ゆらな	火種	ONE_-ARIA_ON_THE_PLANETES-	CeVIOROCK	VOCALOIDデモソング
sm23293651	【結月ゆかり】縁環の理的に私が一番だと言う歌です！【オリジナル】	2014-04-14T04:17:00+09:00	19076540		https://nicovideo.cdn.nimg.jp/thumbnails/23293651/23293651	239568	4414	245	5361	187	VOCALOID	結月ゆかり	AHSとVM生使用可	VOCALOID電波ソング	ゆかり廃専用動画	VOCALOID殿堂入り	訓練されすぎたコメント欄	結月ゆかり迷曲リンク	どこに出しても恥ずかしい立派なゆかり廃	縁環の理的に私が一番だと言う歌です！	ゆかりオリジナル曲
sm23293651	【結月ゆかり】縁環の理的に私が一番だと言う歌です！【オリジナル】	2014-04-14T04:17:00+09:00	19076540		https://nicovideo.cdn.nimg.jp/thumbnails/23293651/23293651	239568	4414	245	5361	187	VOCALOID	結月ゆかり	AHSとVM生使用可	VOCALOID電波ソング	ゆかり廃専用動画	VOCALOID殿堂入り	訓練されすぎたコメント欄	結月ゆかり迷曲リンク	どこに出しても恥ずかしい立派なゆかり廃	縁環の理的に私が一番だと言う歌です！	ゆかりオリジナル曲
sm23293651	【結月ゆかり】縁環の理的に私が一番だと言う歌です！【オリジナル】	2014-04-14T04:17:00+09:00	19076540		https://nicovideo.cdn.nimg.jp/thumbnails/23293651/23293651	239568	4414	245	5361	187	VOCALOID	結月ゆかり	AHSとVM生使用可	VOCALOID電波ソング	ゆかり廃専用動画	VOCALOID殿堂入り	訓練されすぎたコメント欄	結月ゆかり迷曲リンク	どこに出しても恥ずかしい立派なゆかり廃	縁環の理的に私が一番だと言う歌です！	ゆかりオリジナル曲
sm23293651	【結月ゆかり】縁環の理的に私が一番だと言う歌です！【オリジナル】	2014-04-14T04:17:00+09:00	19076540		https://nicovideo.cdn.nimg.jp/thumbnails/23293651/23293651	239568	4414	245	5361	187	VOCALOID	結月ゆかり	AHSとVM生使用可	VOCALOID電波ソング	ゆかり廃専用動画	VOCALOID殿堂入り	訓練されすぎたコメント欄	結月ゆかり迷曲リンク	どこに出しても恥ずかしい立派なゆかり廃	縁環の理的に私が一番だと言う歌です！	ゆかりオリジナル曲
sm19632750	【初音ミク＆GUMI】聖夜撲滅超絶推奨団【オリジナル】	2012-12-21T18:18:34+09:00	809431		https://nicovideo.cdn.nimg.jp/thumbnails/19632750/19632750	105575	3969	93	3678	259	VOCALOID	初音ミク	GUMI	聖夜撲滅超絶推奨団(ちゅうとろP)	rak	hinataP	VOCALOIDクリスマス曲	ちゅうとろＰ	VOCALOID殿堂入り	ボカロメタル	samfree
sm36566224	舌打ち禁止壺男なので穴開けられそうな台パンで連打する樋口楓【Getting Over it】	2020-03-25T02:14:02+09:00	3613178		https://nicovideo.cdn.nimg.jp/thumbnails/36566224/36566224.80664597	111729	819	96	1356	213	バーチャル	にじさんじ	樋口楓	getting_over_it	ゲーム	バーチャルYouTuber	台パン	GTAやっちゃいけない理由	vtuber	怖いでろーんリンク	仮面ライダー響鬼
sm11234505	【鏡音リン・レン】般若の面　-Mask of hannya-【オリジナル・PV】	2010-06-30T19:00:16+09:00	234179		https://nicovideo.cdn.nimg.jp/thumbnails/11234505/11234505	215311	8287	52	6022	297	VOCALOID	鏡音リン	鏡音レン	EXIT_TUNES_PRESENTS_Supernova3	般若の面	VOCALOID和風曲	VOCALOID殿堂入り	鏡音オリジナル曲	VOCALOID幻想狂気曲リンク	JOYSOUND配信中	卑屈Ｐ
sm36305176	花戦争/虻瀬	2020-02-01T19:59:02+09:00	85609604		https://nicovideo.cdn.nimg.jp/thumbnails/36305176/36305176.25264971	168306	813	701	500	286	VOCALOID	初音ミク	VOCALOIDオリジナル曲	ミクオリジナル曲	初音ミクオリジナル曲	虻瀬	花戦争	VOCALOID殿堂入り	ボカロP自作アニメーションMVリンク		
sm43317129	私は、私達は - Guiano/ Covered by 花燈 -Hanaakari-	2024-01-26T19:33:02+09:00	130749098		https://nicovideo.cdn.nimg.jp/thumbnails/43317129/43317129.31844493	36	1	3	0	241	歌ってみた	私は、私達は	Guiano								
sm28255984	花瓶に触れた／flower	2016-02-23T20:00:00+09:00	14203891		https://nicovideo.cdn.nimg.jp/thumbnails/28255984/28255984	2282448	15709	2852	3988	222	VOCALOID	バルーン	アボガド６	花瓶に触れた	v_flower	v_flowerオリジナル曲	VOCALOID伝説入り	DAM&JOY配信中	v_flower名曲リンク		
sm21827205	花色日和／初音ミク	2013-09-14T19:29:13+09:00	34861388		https://nicovideo.cdn.nimg.jp/thumbnails/21827205/21827205	146315	5040	53	2109	201	VOCALOID	初音ミク	VOCALOID和風曲	花色日和	ミクオリジナル曲	初音ミク名曲リンク	なつめ千秋	驚異的な中毒性	DAM&JOY配信中	NZ（絵師）	VOCALOID殿堂入り
sm31940830	葵ちゃんはチョコミントアイスエイヤッ↑(/＞_＜)/	2017-09-17T12:45:10+09:00	50090448		https://nicovideo.cdn.nimg.jp/thumbnails/31940830/31940830	238472	4690	890	682	61	音楽	チョコミントアイスエイヤッ↑(/>_<)/	VOICEROID+_琴葉_茜・葵	歌うボイスロイド	KotonoSync	琴葉葵	葵廃専用動画	チョコミン党	チョコミント曲リンク	VOICEROID殿堂入り	夢にみた緑
sm42397037	藍の反証／心華	2023-06-25T00:20:00+09:00	83201101		https://nicovideo.cdn.nimg.jp/thumbnails/42397037/42397037.91103752	26056	321	587	132	246	VOCALOID	VOCALOID新曲リンク	v_flowerオリジナル曲	心華オリジナル曲	v_flower	心華	神神化身	心華&flowerリンク	ボカロエレクトロ	ききいるぼかうた	クラブで使えるボカロ曲リンク
sm38193037	ど～ぱみん - 「蚕の冠」feat.flower	2021-01-29T20:06:02+09:00	79410618		https://nicovideo.cdn.nimg.jp/thumbnails/38193037/38193037.9457648	49175	466	435	291	191	VOCALOID	自作曲	v_flowerオリジナル曲	vocaloidオリジナル曲	v_flower	鮫島ぬりえ	ど～ぱみん	蚕の冠	クラブで使えるボカロ曲リンク		
sm7621212	【がくっぽいど】蜃気楼のジャンナ【オリジナル】	2009-07-13T10:54:31+09:00	4648175		https://nicovideo.cdn.nimg.jp/thumbnails/7621212/7621212	178807	5534	120	5799	244	音楽	蜃気楼のジャンナ	ちーむ炙りトロ丼	がくっぽいどコンテスト	がくぽオリジナル曲	神威がくぽ	がくっぽいど	VOCALOID民族調曲	歌う18禁	VOCALOID殿堂入り	VOCALOID
sm3222021	『初音ミク』 螺旋迷宮～Spiral labyrinth～ 『オリジナル』	2008-05-06T22:56:36+09:00	449061		https://nicovideo.cdn.nimg.jp/thumbnails/3222021/3222021	261447	5855	85	3798	216	音楽	初音ミク	VOCALOID	黒うさP	螺旋迷宮	VOCALOID殿堂入り	ミクオリジナル曲	DAM&JOY配信中	森之宮先生	機動歌姫ヴォーカリオン	VOCALOID迷宮入り
sm45356809	街の残像 / 可不 ×あばらや	2025-08-31T16:30:00+09:00	124934058		https://nicovideo.cdn.nimg.jp/thumbnails/45356809/45356809.4886385	32114	577	1179	363	240	音楽	CeVIO	可不	CeVIOオリジナル曲	VOCALOID	可不オリジナル曲	あばらや	VOCALOIDと歌ってみた	街の残像	月咲	kakuly/かくりー
sm26208928	【ポケモンORAS】レート3桁になったらなんでもします【表面張力編】	2015-05-08T17:45:47+09:00	6231425		https://nicovideo.cdn.nimg.jp/thumbnails/26208928/26208928	210147	692	14	4816	1338	ゲーム	ポケモンORAS対戦リンク	ポケモンORAS	レートの闇	視聴者参戦	虫の提供	やさい	とさい読み低レート	とさい		
sm5805302	【初音ミク】袖触れ合うも他生の縁【オリジナルリメイク】	2009-01-10T22:01:38+09:00	7852128		https://nicovideo.cdn.nimg.jp/thumbnails/5805302/5805302.25803940	279664	8404	183	1777	200	VOCALOID	初音ミク	ミクオリジナル曲	磯P	riria009	袖触れ合うも他生の縁	初音ミク名曲リンク	VOCALOID殿堂入り	DAM&JOY配信中	VOCAROCK	
sm6996297	【初音ミク】裸だったら何が悪い～sing go～【オリジナル】	2009-05-09T18:42:46+09:00	624824		https://nicovideo.cdn.nimg.jp/thumbnails/6996297/6996297	165950	3784	28	6774	132	音楽	初音ミク	VOCALOID	おにゅうP	ミクオリジナル曲	VOCALOID殿堂入り	初音ミク名曲リンク	裸だったら何が悪い～sing_go～	サムネ一本釣り	仕事を選べないミク	
sm40099663	覚醒しちゃいなよ / 可不	2022-02-26T19:00:00+09:00	11450042		https://nicovideo.cdn.nimg.jp/thumbnails/40099663/40099663.12215258	49083	592	747	407	150	VOCALOID	cevio_ai	可不	可不オリジナル曲	西沢さんP	覚醒しちゃいなよ	CeVIOオリジナル曲	べて(絵師)	CeVIOROCK		
sm39473238	言の葉の綾 / ユリイ・カノン feat.可不	2021-10-13T20:05:00+09:00	53435803		https://nicovideo.cdn.nimg.jp/thumbnails/39473238/39473238.53390849	95448	684	945	600	163	VOCALOID	cevio_ai	可不	ユリイ・カノン	可不オリジナル曲	CeVIOオリジナル曲	Palf	東の空まで会いにきて	言の葉の綾		
sm27793253	【鏡音レンリン】誓燈のマルシェ【オリジナルMV/ワンオポ】	2015-12-15T19:00:00+09:00	13893300		https://nicovideo.cdn.nimg.jp/thumbnails/27793253/27793253	35326	474	27	415	260	VOCALOID	鏡音レン	鏡音リン	ワンダフル☆オポチュニティ！	じーざすP	お菊	神調教	鏡音オリジナル曲	誓燈のマルシェ		
sm28857156	【RIA】「讓我為你唱」【試唱】	2016-05-16T12:54:13+09:00	11376118		https://nicovideo.cdn.nimg.jp/thumbnails/28857156/28857156	173	2	0	1	230	歌ってみた										
sm23933884	【鏡音リン・鏡音レン】貯水槽の亡霊【オリジナル曲PV】	2014-07-05T19:59:25+09:00	366367		https://nicovideo.cdn.nimg.jp/thumbnails/23933884/23933884	100616	2264	77	651	178	VOCALOID	リンオリジナル曲	貯水槽の亡霊	テヅカ	VOCAROCK	あをこ	鏡音リン	kaichi	VOCALOID水槽入り	VOCALOID殿堂入り	
sm39042921	軒先通り魔性 / KAITO V3 - すこやか大聖堂	2021-07-17T19:00:00+09:00	115941476		https://nicovideo.cdn.nimg.jp/thumbnails/39042921/39042921.8847281	52265	408	597	1198	184	VOCALOID	VOCALOIDオリジナル曲	KAITOオリジナル曲	KAITO	KAITO_V3	色気のあるkaito(絶滅危惧種)	すこやか大聖堂	VOCAJAZZ	KAITO名曲リンク	神調教	お洒落なKAITOうた
sm5925264	エヴァンゲリヲンを本気で踊ってみた【元祖転生】	2009-01-24T01:09:47+09:00	1649358		https://nicovideo.cdn.nimg.jp/thumbnails/5925264/5925264	5361916	169051	1273	118289	254	踊ってみた	無駄に洗練された無駄のない無駄な動き	魂のルフラン	残酷な天使のテーゼ	エヴァンゲリオン						
so18806539	【GUMI、Lily、神威がくぽ】迷走ラプソディ【ボカロPは誰だ!?】	2012-09-06T20:00:00+09:00		190	https://nicovideo.cdn.nimg.jp/thumbnails/18806539/18806539	260733	8460	60	8928	273	VOCALOID	GUMI	Lily	神威がくぽ	迷走ラプソディ	VOCALOIDオリジナル曲	VOCALOID殿堂入り	鈴ノ助			
so18806539	【GUMI、Lily、神威がくぽ】迷走ラプソディ【ボカロPは誰だ!?】	2012-09-06T20:00:00+09:00		190	https://nicovideo.cdn.nimg.jp/thumbnails/18806539/18806539	260733	8460	60	8928	273	VOCALOID	GUMI	Lily	神威がくぽ	迷走ラプソディ	VOCALOIDオリジナル曲	VOCALOID殿堂入り	鈴ノ助			
sm7068774	【初音ミク】逃避的道化師【オリジナル曲】	2009-05-17T11:07:53+09:00	1668185		https://nicovideo.cdn.nimg.jp/thumbnails/7068774/7068774	79533	1558	34	1263	192	音楽	初音ミク	VOCALOID	ミクオリジナル曲	saiB	逃避的道化師	VOCAROCK	ボカロピエロ曲リンク	フルーチェ		
sm4218005	【鏡音リン＆初音ミク】　逆さまレインボー　【オリジナル・PV付】	2008-08-08T03:35:49+09:00	5352709		https://nicovideo.cdn.nimg.jp/thumbnails/4218005/4218005	450189	12987	441	33809	303	音楽	鏡音リン	初音ミク	すんｚりヴぇｒP	vocaloid	逆さまレインボー	ミク×リンリンク	VOCALOID雨上がり	VOCALOIDオリジナル曲	Project_mirai2収録曲	VOCALOID殿堂入り
sm4218005	【鏡音リン＆初音ミク】　逆さまレインボー　【オリジナル・PV付】	2008-08-08T03:35:49+09:00	5352709		https://nicovideo.cdn.nimg.jp/thumbnails/4218005/4218005	450189	12987	441	33809	303	音楽	鏡音リン	初音ミク	すんｚりヴぇｒP	vocaloid	逆さまレインボー	ミク×リンリンク	VOCALOID雨上がり	VOCALOIDオリジナル曲	Project_mirai2収録曲	VOCALOID殿堂入り
sm12595936	【KAITO】逆罪行進曲～怪～【PV付オリジナル曲】	2010-10-30T22:40:29+09:00	145381		https://nicovideo.cdn.nimg.jp/thumbnails/12595936/12595936	327734	7057	192	5776	280	VOCALOID	マチゲリータP	KAITOオリジナル曲	ふじ汰	Mizmaru	逆罪行進曲～怪～	KAITO	VOCALOID幻想狂気曲リンク	VOCALOID小説派生曲	VOCALOID殿堂入り	人間失格
sm20024094	【GUMI】　逢魔ヶドロップ　【オリジナルPV】	2013-02-07T19:25:38+09:00	5272155		https://nicovideo.cdn.nimg.jp/thumbnails/20024094/20024094	131601	2651	67	1171	258	VOCALOID	てにをは	宮端巳代治	七星	GUMI	逢魔ヶドロップ	GUMIオリジナル曲	タブーワーズ・ハイスクール	謎の中毒性	VOCALOID殿堂入り	
sm19688071	【替え歌】「ニート〜仕事をさがせ〜」原曲：ジョジョ〜その血の運命〜	2012-12-27T21:37:21+09:00	2095367		https://nicovideo.cdn.nimg.jp/thumbnails/19688071/19688071.1488104	957352	26629	265	18356	263	歌ってみた	替え歌	Lay（レイ）	ジョジョ〜その血の運命〜	ジョジョの奇妙な冒険（アニメ）	おれらのうた	神作詞	ニート～仕事をさがせ～	ニート	まさかのフル	アニソンを歌ってみた
sm24111639	【初音ミクV3】道草トリップ【オリジナル】	2014-07-29T19:00:00+09:00	35275687		https://nicovideo.cdn.nimg.jp/thumbnails/24111639/24111639	45344	1316	28	515	289	VOCALOID	初音ミク	ミクオリジナル曲	ねじ式(火曜日P)	道草トリップ	endlesscat(絵師）	初音ミクV3	爽やかなミクうた	JOYSOUND配信中	もっともっと評価されるべき	
sm10917536	【初音ミク】 遥カ業ニ、過去カ未来ニ。 【オリジナル】	2010-06-01T15:52:14+09:00	527591		https://nicovideo.cdn.nimg.jp/thumbnails/10917536/10917536	78427	3442	35	1757	146	VOCALOID	遥カ業ニ、過去カ未来ニ。	Tom（酒言実行P）	初音ミクAppend	初音ミク	ミクオリジナル曲	カニカニ	もっと評価されるべき			
sm32738883	『避雷針』 / 欅坂46	2018-02-14T21:19:50+09:00	10769676		https://nicovideo.cdn.nimg.jp/thumbnails/32738883/32738883	236483	1615	75	2450	246	音楽	欅坂46	避雷針								
sm36691731	重力ファクトリー / A:me feat. 初音ミク	2020-04-17T19:00:00+09:00	88980139		https://nicovideo.cdn.nimg.jp/thumbnails/36691731/36691731.73403958	24345	340	92	129	277	VOCALOID	初音ミク	ミクオリジナル曲	vocaloidオリジナル曲	A:me	重力ファクトリー	VOCAROCK	まひお	栞音	もっと評価されるべき	ボカロ超投稿祭
sm17656208	釘バットギャングの日常～下北編～／歌、IA	2012-04-27T02:15:39+09:00	20568982		https://nicovideo.cdn.nimg.jp/thumbnails/17656208/17656208	156852	4146	120	3247	251	VOCALOID	石風呂	釘バットギャングの日常～下北編～	少女戦争ｌARMS	IA_-ARIA_ON_THE_PLANETES-	安定の誤字	喋るタイプのバット	IAオリジナル曲	VOCALOID殿堂入り	少女バット	
sm12730927	【鏡音リン】銀の少女 -  awaking mix - 【150Pオリジナル】	2010-11-13T02:34:29+09:00	13279836		https://nicovideo.cdn.nimg.jp/thumbnails/12730927/12730927	127679	5409	49	3757	311	VOCALOID	150P	JOYSOUND配信中	銀の少女-awaking_mix-	鏡音リン	リンオリジナル曲	VOCALOID殿堂入り				
sm21483617	重音テトオリジナル曲　鏡の中のメモリーズ	2013-08-01T20:00:00+09:00	718457		https://nicovideo.cdn.nimg.jp/thumbnails/21483617/21483617	68776	2175	46	901	287	VOCALOID	UTAU	テトオリジナル曲	重音テト	亜沙	UTAUオリジナル曲	しぐれうい	ke-sanβ	cillia	鏡の中のメモリーズ	CD吉原ラメント〜UTAU盤〜収録曲
sm9206487	【鏡音リン･レン】鏡音八八花合戦【歌舞伎パンク・PV付き】	2009-12-27T00:00:51+09:00	2658890		https://nicovideo.cdn.nimg.jp/thumbnails/9206487/9206487	887423	26917	375	8053	148	VOCALOID	鏡音リン	鏡音レン	モジャP	鏡音誕生祭2009	VOCALOID和風曲	鏡音八八花合戦	鏡音オリジナル曲	VOCAPUNK	VOCALOID殿堂入り	
sm4775243	鏡音レンオリジナル曲　「鏡音レンの暴走（LONG VERSION）」	2008-09-29T04:17:42+09:00	1091989		https://nicovideo.cdn.nimg.jp/thumbnails/4775243/4775243	2149120	44907	3333	105266	287	cosMo(暴走P)	鏡音レン	VOCALOID	DAM配信中	鏡音レンの暴走	VOCALOID伝説入り	レンの将来が不安になる動画	レンオリジナル曲	VOCALOID電波ソング	レン廃の聖地	VOCALOIDイメージソング
sm22940714	【初音ミク】長音厨肺活量テスト【オリジナルPV】	2014-02-22T00:49:14+09:00	28259263		https://nicovideo.cdn.nimg.jp/thumbnails/22940714/22940714	414634	2931	359	24861	63	VOCALOID	初音ミク	ミクオリジナル曲	長音厨肺活量テスト	木村わいP	VOCALOID殿堂入り	歌ってみろ	人間卒業試験	木村わいpのテストシリーズ	手の込んだ手抜き	手の込んだ自殺
sm32112298	閃光リザレクション / ぽてんしゃる0 feat.GUMI+IA	2017-10-17T20:00:00+09:00	5223846		https://nicovideo.cdn.nimg.jp/thumbnails/32112298/32112298	66839	1003	44	515	263	VOCALOID	ぽてんしゃる0	閃光リザレクション	GUMIオリジナル曲	IAオリジナル曲	VOCAROCK	IA_-ARIA_ON_THE_PLANETES-	GUMI	GUMI&IAリンク	もっと評価されるべき	
sm45430185	間違いだらけのきみを見せて / 初音ミク	2025-09-26T19:00:00+09:00	865371		https://nicovideo.cdn.nimg.jp/thumbnails/45430185/45430185.16162439	40318	549	1134	250	146	音楽	VOCALOID	初音ミク	ミクオリジナル曲	電ポルP	koyori	間違いだらけのきみを見せて	VOCAROCK	VOCALOID新曲リンク		
sm25808292	闇夜のダンス / ぽてんしゃる0 feat.GUMI+IA	2015-03-17T20:00:00+09:00	5223846		https://nicovideo.cdn.nimg.jp/thumbnails/25808292/25808292	150635	1967	62	814	232	VOCALOID	ぽてんしゃる0	闇夜のダンス	VOCAROCK	GUMIオリジナル曲	IAオリジナル曲	爆音推奨	IA_-ARIA_ON_THE_PLANETES-	VOCALOID殿堂入り	GUMI&IAリンク	サビの中毒性
sm44636148	陶酔オーケストラ　feat.初音ミク	2025-02-22T00:00:00+09:00	16809442		https://nicovideo.cdn.nimg.jp/thumbnails/44636148/44636148.51322838	10565	265	560	256	178	VOCALOID	初音ミク	きむた	ボカコレ2025冬TOP100ランキング参加曲	歌踊コレOK	VOCAJAZZ	ミクオリジナル曲				
sm39602030	隕石が落ちてきた	2021-11-09T22:34:02+09:00	121685054		https://nicovideo.cdn.nimg.jp/thumbnails/39602030/39602030.48362085	130318	750	1728	244	117	UTAU	足立レイ	VOCALOID	ピクド	UTAU処女作	隕石が落ちてきた	VOCALOID宇宙派	足立レイオリジナル曲	世界崩壊曲リンク	UTAUオリジナル曲	UTAU殿堂入り
sm23058140	【初音ミク】 雨なめちゃダメ 【オリジナル】	2014-03-10T19:00:00+09:00	26688082		https://nicovideo.cdn.nimg.jp/thumbnails/23058140/23058140	30397	572	35	165	171	VOCALOID	音楽	初音ミク	ミクオリジナル曲	瀬名航	雨なめちゃダメ	VOCALOID梅雨入り	爽やかなミクうた	初音ミク名曲リンク	MikuPOP	歌踊コレok
nm7255305	【初音ミク】雨のプリズム Full Ver.【オリジナル曲】電波ソングのつもり	2009-06-05T19:47:52+09:00	4454282		https://nicovideo.cdn.nimg.jp/thumbnails/7255305/7255305	47563	1461	18	2278	192	くくどどP	初音ミク	ミクオリジナル曲	VOCALOID	音楽	VOCALOID電波ソング	VOCALOID梅雨入り				
sm39941754	電気パレードの舞踏会 / 初音ミク	2022-01-28T20:00:00+09:00	54491385		https://nicovideo.cdn.nimg.jp/thumbnails/39941754/39941754.12760157	46141	406	541	231	219	VOCALOID	初音ミク	ミクオリジナル曲	ネギシャワーP	MikuPOP	つちのこ	夜のうた	お洒落なミクうた	良調教	VOCALOID新曲リンク	
so42899245	電脳学級会で会いましょう / 初音ミク, 鏡音リン, MEIKO, 巡音ルカ	2023-11-02T22:00:00+09:00		2648319	https://nicovideo.cdn.nimg.jp/thumbnails/42899245/42899245.99725667	157151	1301	3560	793	195	音楽	VOCALOID	無色透名祭Ⅱ	無色透名祭Ⅱ参加曲	初音ミク	鏡音リン	MEIKO	巡音ルカ	VOCALOID殿堂入り	無色透名祭殿堂入り	VOCALOIDオリジナル曲
sm43422148	『すずきつづみと青い解体新書の謎』タイトル～デモ画面～	2024-02-23T02:23:00+09:00	509719		https://nicovideo.cdn.nimg.jp/thumbnails/43422148/43422148.84879406	3427	47	410	172	123	すずきつづみ誕生祭2024	ソフトウェアトーク劇場	タカハシ(cevio)	すずきつづみ	さとうささら	voiceroid劇場	存在しない記憶	エンターテイメント	cevio劇場	第四回すずきつづみ投稿祭	靑い解体新書
sm18382851	【鏡音リン・レン】青春ハローワーク【オリジナルPV】	2012-07-18T19:47:01+09:00	8049125		https://nicovideo.cdn.nimg.jp/thumbnails/18382851/18382851	122567	4447	50	6903	303	VOCALOID	鏡音リン	鏡音レン	囚人P	涼	オワタP	青春ハローワーク	鏡音オリジナル曲	VOCALOID殿堂入り	KAITO	KAITO&鏡音リンク
sm7597329	【めぐぽ（40㍍）】青空ライン【オリジナル曲】	2009-07-11T02:15:27+09:00	3343223		https://nicovideo.cdn.nimg.jp/thumbnails/7597329/7597329	261698	6157	45	3866	265	VOCALOID-PV	GUMIオリジナル曲	ペプしそ	青空ライン	40㍍P	爽やかなGUMIうた	VOCALOID殿堂入り	スタイリッシュ交通違反	GUMI	VOCALOID	12STARS
so40968849	青色絵具 / 日野森志歩 / 日野森雫 × 初音ミク	2022-08-24T20:30:00+09:00		2646600	https://nicovideo.cdn.nimg.jp/thumbnails/40968849/40968849.18371376	377856	2602	2337	121	210	プロセカ公式	その他	VOCALOIDと歌ってみた	カップヌードルのセカイ	青色絵具	くじら(ボカロP)	初音ミク	陰諧	プロセカ殿堂入り	日野森姉妹	omu
sm25482576	革命性：オウサマ伝染病／スズムfeat.鏡音レン	2015-02-02T19:00:00+09:00	8904219		https://nicovideo.cdn.nimg.jp/thumbnails/25482576/25482576	511403	6221	251	3495	198	VOCALOID	革命性：オウサマ伝染病（スズム）	スズム	鏡音レン	さいね（絵師）	レンオリジナル曲	VOCALOID殿堂入り	鏡音レン名曲リンク			
sm23574635	【初音ミク】音程厨ピッチテスト【オリジナルPV】	2014-05-17T20:16:05+09:00	28259263		https://nicovideo.cdn.nimg.jp/thumbnails/23574635/23574635	318591	2040	253	5928	89	VOCALOID	初音ミク	ミクオリジナル曲	木村わいP	音程厨ピッチテスト	歌ってみろ	VOCALOID殿堂入り	木村わいpのテストシリーズ	人間卒業試験		
sm3124580	【鏡音レン】 頑張ろうよ 【オリジナル曲】	2008-04-28T04:55:29+09:00	1446360		https://nicovideo.cdn.nimg.jp/thumbnails/3124580/3124580	236134	7926	76	11187	282	音楽	鏡音レン	VOCALOID	レンオリジナル曲	トラボルタP	頑張ろうよ	VOCALOID殿堂入り	涙腺崩壊	Prism／鏡音リン・レンfeat.下田麻美収録曲	鏡音レン名曲リンク	DAM&JOY配信中
sm22916225	【結月ゆかり】顔だらけの本【オリジナル】	2014-02-18T19:00:00+09:00	35275687		https://nicovideo.cdn.nimg.jp/thumbnails/22916225/22916225	74172	1514	46	624	253	VOCALOID	結月ゆかり	ゆかりオリジナル曲	ねじ式（火曜日P）	ミズキヨ	Facebook	VOCAROCK	クールなゆかりうた	社会派vocaloid	Twitter	vocaloidオリジナル曲
sm43161749	馬鹿になろうぜ！／重音テト	2023-12-18T17:44:02+09:00	130820492		https://nicovideo.cdn.nimg.jp/thumbnails/43161749/43161749.86848090	36962	195	600	297	137	重音テト	UTAU	utau新曲リンク	utauオリジナル曲	vocaloid	テトオリジナル曲	馬鹿になろうぜ！	utauネタ曲リンク	ネタが多すぎてタグに困る動画	もっと評価されるべき	
sm28589225	【初音ミク】骨の髄まで愛してる【オリジナル】	2016-04-07T18:22:14+09:00	3489219		https://nicovideo.cdn.nimg.jp/thumbnails/28589225/28589225	75108	503	145	306	178	VOCALOID	初音ミク	ミクオリジナル曲	syudou	骨の髄まで愛してる						
sm25082246	【鏡音リンレン】鬼KYOKAN【オリジナル/ワンオポ】	2014-12-10T20:20:00+09:00	13893300		https://nicovideo.cdn.nimg.jp/thumbnails/25082246/25082246	648193	8927	475	4131	210	VOCALOID	鏡音リン	鏡音レン	ワンダフル☆オポチュニティ！	じーざすP	鬼KYOKAN	鏡音リン・レン名曲リンク	鏡音オリジナル曲	VOCALOID殿堂入り	△○□×	お菊
sm25082246	【鏡音リンレン】鬼KYOKAN【オリジナル/ワンオポ】	2014-12-10T20:20:00+09:00	13893300		https://nicovideo.cdn.nimg.jp/thumbnails/25082246/25082246	648193	8927	475	4131	210	VOCALOID	鏡音リン	鏡音レン	ワンダフル☆オポチュニティ！	じーざすP	鬼KYOKAN	鏡音リン・レン名曲リンク	鏡音オリジナル曲	VOCALOID殿堂入り	△○□×	お菊
sm36702866	鬼を狩るもの【人力刀剣乱舞】	2020-04-19T04:55:02+09:00	46955067		https://nicovideo.cdn.nimg.jp/thumbnails/36702866/36702866.93359869	1168	11	2	8	99	人力刀剣乱舞	刀剣乱舞	燭台切光忠(刀剣乱舞)	へし切長谷部(刀剣乱舞)	器物破損コンビ						
sm19098494	魔法電車とキライちゃん／歌、IAとmiki	2012-10-12T20:00:00+09:00	20568982		https://nicovideo.cdn.nimg.jp/thumbnails/19098494/19098494	146700	3860	84	1837	240	VOCALOID	魔法電車とキライちゃん	開発コードmiki	VOCAROCK	石風呂	IA_-ARIA_ON_THE_PLANETES-	伝説のmikiマスター	VOCALOIDデュエット曲	VOCALOID殿堂入り	VOCALOID鉄道シリーズ	
sm26645178	【MMD刀剣乱舞】鶴丸センセーション	2015-07-06T02:10:41+09:00	33455187		https://nicovideo.cdn.nimg.jp/thumbnails/26645178/26645178	184534	7291	94	1823	191	その他	MMD刀剣乱舞	MikuMikuDance	鶴丸国永（刀剣乱舞）	刀剣乱舞	鶴丸センセーション	刀剣乱舞殿堂入り	元気が出る動画	儚げ詐欺	さぽ式鶴丸国永	
sm4891988	体が小さくなった時のために腕時計型麻酔銃作ってみた	2008-10-11T07:33:07+09:00	4800165		https://nicovideo.cdn.nimg.jp/thumbnails/4891988/4891988	1620250	7306	219	27497	113	アニメ	ニコニコ技術部	本人巡回済み	三(麻酔〉o(^_^)o→	もしもの時の備えに定評のあるうp主	腕時計型麻酔銃	名探偵コナン				
sm11723488	黄燐の炎【鏡音リンオリジナル曲】	2010-08-12T13:20:07+09:00	643618		https://nicovideo.cdn.nimg.jp/thumbnails/11723488/11723488	253140	4482	108	16735	284	VOCALOID	悪ノP	情熱P	どうあがいても絶望	最初から暗いMAX	鏡音リン	鬱曲	黄燐の炎	リンオリジナル曲	VOCALOID殿堂入り	ラストはガレリアン頼み
sm11723488	黄燐の炎【鏡音リンオリジナル曲】	2010-08-12T13:20:07+09:00	643618		https://nicovideo.cdn.nimg.jp/thumbnails/11723488/11723488	253140	4482	108	16735	284	VOCALOID	悪ノP	情熱P	どうあがいても絶望	最初から暗いMAX	鏡音リン	鬱曲	黄燐の炎	リンオリジナル曲	VOCALOID殿堂入り	ラストはガレリアン頼み
so23335421	ご注文はうさぎですか？　第1羽「ひと目で、尋常でないもふもふだと見抜いたよ」	2014-04-16T12:00:00+09:00		2591203	https://nicovideo.cdn.nimg.jp/thumbnails/23335421/23335421	11854674	145811	5099	2220212	1417	アニメ	ご注文はうさぎですか？	佐倉綾音	水瀬いのり	種田梨沙						
sm2341885	初音ミクオリジナル曲　「０」	2008-02-16T10:54:51+09:00	1091989		https://nicovideo.cdn.nimg.jp/thumbnails/2341885/2341885	524237	10885	258	11465	216	音楽	ミクオリジナル曲	cosMo（暴走P）	0-ZERO-	VOCALOID	初音ミク	「消失」ストーリー	VOCALOIDイメージソング	VOCALOID殿堂入り		
sm14878945	[鏡音リン] アップステアズ / TOKOTOKO（西沢さんP）	2011-06-29T19:36:25+09:00	11450042		https://nicovideo.cdn.nimg.jp/thumbnails/14878945/14878945	118733	4036	48	1744	224	VOCALOID	西沢さんP	かごめP	7＠	べて（絵師）	アップステアズ	鏡音リン	リンオリジナル曲	鏡音リン名曲リンク	VOCALOID殿堂入り	VOCALOID学生化計画
sm44685859	アイスクリームマジック / 雪乃イト feat. POPY	2025-02-22T20:00:00+09:00	119841573		https://nicovideo.cdn.nimg.jp/thumbnails/44685859/44685859.42218398	56662	738	1798	820	169	VOCALOID	音楽	ボカコレ2025冬ルーキー参加曲	歌踊コレok	synthesizervオリジナル曲	雪乃イト	夢ノ結唱	POPY（SynthV）	かわいいぼかうた	VOCALOID夏曲	アイスクリームマジック
sm21897749	【IA】アイルの偶発的事情【オリジナルMV】	2013-09-27T17:00:00+09:00	33541085		https://nicovideo.cdn.nimg.jp/thumbnails/21897749/21897749	198695	4026	120	1602	206	VOCALOID	IA	666	Mr.Yamaguchi	へびつかい	もやし(★｀･ω･)ゞ	アイルの偶発的事情	IA_-ARIA_ON_THE_PLANETES-	DAM＆JOY配信中	IAオリジナル曲	VOCALOID殿堂入り
sm11455035	【鏡音レン】アウト オブ エデン【オリジナル】	2010-07-20T20:01:33+09:00	2763091		https://nicovideo.cdn.nimg.jp/thumbnails/11455035/11455035	562748	17785	353	13395	321	VOCALOID	アウトオブエデン	K's_Sound_Project	鏡音レン	レンオリジナル曲	鏡音レン名曲リンク	DAM&JOY配信中	VOCALOID殿堂入り	秋赤音	イケレン	
sm41675756	アオザクラ / ねじ式 feat. さとうささら＆すずきつづみ	2023-01-22T19:00:00+09:00	35275687		https://nicovideo.cdn.nimg.jp/thumbnails/41675756/41675756.38775257	66528	822	1239	298	231	VOCALOID	CeVIO	cevio新曲リンク	さとうささらオリジナル曲	すずきつづみオリジナル曲	ねじ式(火曜日p)	さとうささら	すずきつづみ	cevioオリジナル曲	アオザクラ	VOCALOID百合曲
sm11217750	【初音ミク(40㍍)】 空中アクアリウム 【オリジナル】	2010-06-28T22:56:56+09:00	3343223		https://nicovideo.cdn.nimg.jp/thumbnails/11217750/11217750	697730	20303	255	9457	264	VOCALOID	初音ミク	ミクオリジナル曲	40㍍P	空中アクアリウム	VOCALOID殿堂入り	爽やかなミクうた	初音ミク名曲リンク	DAM&JOY配信中	40mP	VOCALOID水槽入り
sm16429826	【ＩＡ】ヘッドフォンアクター【オリジナルＰＶ】	2011-12-15T07:00:31+09:00	15872264		https://nicovideo.cdn.nimg.jp/thumbnails/16429826/16429826	3914498	67045	2506	91229	216	VOCALOID	じん（自然の敵P）	しづ	ヘッドフォンアクター	IA_-ARIA_ON_THE_PLANETES-	IAオリジナル曲	カゲロウプロジェクト	VOCALOID伝説入り	VOCALOIDデモソング	DAM&JOY配信中	IA名曲リンク
sm16440414	【IA β版】アスノヒカリ【オリジナル曲】	2011-12-16T18:56:09+09:00	137814		https://nicovideo.cdn.nimg.jp/thumbnails/16440414/16440414	86770	3260	40	1481	314	VOCALOID	音楽	Taishi	期待の新人	期待の新人P	Nhato	IA_-ARIA_ON_THE_PLANETES-	IAオリジナル曲	アスノヒカリ	VOCALOIDデモソング	VOCALOID処女作
sm29615598	【鏡音リンレン】アトランティスのフタリ【オリジナルMV】	2016-09-09T19:16:16+09:00	4632758		https://nicovideo.cdn.nimg.jp/thumbnails/29615598/29615598	12986	238	9	137	302	VOCALOID	Dios/シグナルP	鏡音リン	鏡音レン	VOCALOIDオリジナル曲	アトランティスのフタリ	鏡音オリジナル曲	鏡音リン・レン名曲リンク			
sm31378678	「アベリアに代わる何かを」 IA	2017-06-11T19:00:18+09:00	33424222		https://nicovideo.cdn.nimg.jp/thumbnails/31378678/31378678	187019	1782	436	498	236	VOCALOID	IA_-ARIA_ON_THE_PLANETES-	IAオリジナル曲	マスイ	アベリアに代わる何かを	VOCAROCK	良調教	VOCALOID殿堂入り	VOCALOID夏曲	IA_SUPER_BEST収録曲	ia名曲リンク
sm18274034	【作業用BGM】坂道のアポロン	2012-07-05T23:04:54+09:00	1034611		https://nicovideo.cdn.nimg.jp/thumbnails/18274034/18274034	131374	4999	7	1094	3402	音楽	作業用BGM	坂道のアポロン	菅野よう子	松永貴志	Jazz	渡辺等	今堀恒雄	本田雅人	美の壺	
sm39216088	アメフリ団地 ／ 雨の介 feat.flower	2021-08-21T15:09:02+09:00	606242		https://nicovideo.cdn.nimg.jp/thumbnails/39216088/39216088.4642439	77941	635	763	164	226	VOCALOID	vocarock	v_flower	v_flowerオリジナル曲	アメフリ団地	雨の介	ニト。	もっと評価されるべき	VOCALOID夏曲	青春	驚異的な中毒性
sm34871888	アルカホリック・ランデヴー /  Flower	2019-04-01T20:00:00+09:00	88629616		https://nicovideo.cdn.nimg.jp/thumbnails/34871888/34871888.48332	64791	703	166	135	224	VOCALOID	くじら	さぶろう	カシワイ	VOCALOIDオリジナル曲	flower	VOCALOID処女作	アルカホリック・ランデヴー	v_flower	コウ画質	くじら(ボカロP)
sm23216742	アニメ「ミノート」~アルカリ星人登場編~	2014-03-30T22:36:07+09:00	11027272		https://nicovideo.cdn.nimg.jp/thumbnails/23216742/23216742	193	0	0	3	408	アニメ	オリジナル	パロディー	ミノート	窓枠	自主製作アニメ	おでん	リジェクト	声マネ	パンダ	JK
sm36295319	『アンサイトリー』- IA -	2020-01-31T19:00:00+09:00	14930313		https://nicovideo.cdn.nimg.jp/thumbnails/36295319/36295319.97662479	25130	406	58	469	216	VOCALOID	ちいたな	IA_-ARIA_ON_THE_PLANETES-	IAオリジナル曲	アンサイトリー	クールなIAうた					
sm40176833	アンタイジアイディアル / 鏡音リン + 結月ゆかり	2022-03-15T19:00:00+09:00	95870895		https://nicovideo.cdn.nimg.jp/thumbnails/40176833/40176833.56982122	45388	397	623	177	307	VOCALOID	鏡音リン	結月ゆかり	VOCALOIDオリジナル曲	ごめんなさいが言えなくて	また切ない世界を生きる	おの桃子	今野（動画師）	ボカロクラシカ	chiptune×vocaloidリンク	アンタイジアイディアル
sm35139810	アンダードッグマーチ / 鏡音リン	2019-05-18T20:00:00+09:00	22591607		https://nicovideo.cdn.nimg.jp/thumbnails/35139810/35139810.88227861	38410	414	67	200	250	VOCALOID	午後ティー	鏡音リン	リンオリジナル曲	VOCAROCK	黙ってマイリス	アンダードッグマーチ	信頼のマイリス率	VOCALOIDオリジナル曲	未生物X	
sm20855427	【MV】HΨ=世界創造=EΨ / 黒猫アンティーク feat.IA,GUMI	2013-05-13T19:04:10+09:00	1091989		https://nicovideo.cdn.nimg.jp/thumbnails/20855427/20855427	127585	3043	76	1704	340	VOCALOID	GUMI	IA_-ARIA_ON_THE_PLANETES-	HΨ=世界創造=EΨ	黒猫アンティーク	SOUND_VOLTEX収録曲	VOCALOIDオリジナル曲	BeatStream収録曲	架空言語	VOCALOID殿堂入り	GUMI&IAリンク
sm32801250	稲葉曇『ロストアンブレラ』Vo. 歌愛ユキ	2018-02-27T20:00:00+09:00	42833430		https://nicovideo.cdn.nimg.jp/thumbnails/32801250/32801250.44542291	2095649	11512	14148	3866	202	VOCALOID	歌愛ユキ	稲葉曇	ぬくぬくにぎりめし	ロストアンブレラ	ユキオリジナル曲	DAM&JOY配信中	VOCALOID伝説入り	歌愛ユキ名曲リンク	伝説のユキマスター	さっ
sm10283209	坂本真綾 スタジオライブスペシャル「少年アリス アンプラグド」	2010-04-05T02:01:34+09:00	16125483		https://nicovideo.cdn.nimg.jp/thumbnails/10283209/10283209	45672	1864	19	1167	3289	ラジオ	坂本真綾	菅野よう子	今堀恒雄	渡辺等	三沢またろう	桑野聖	少年アリス			
sm32273060	【アニメーションMV】イデアの少年 / 初音ミク	2017-11-15T20:00:00+09:00	8559678		https://nicovideo.cdn.nimg.jp/thumbnails/32273060/32273060	131786	1097	285	662	309	VOCALOID	初音ミク	yukkedoluce	なじょ	hie	イデアの少年	ミクオリジナル曲	黒髪ストロングp	涙腺崩壊	VOCALOID殿堂入り	DAM配信中
sm39481606	【初音ミク】イドフロイデ【オリジナル】	2021-10-15T19:00:00+09:00	17747959		https://nicovideo.cdn.nimg.jp/thumbnails/39481606/39481606.31861057	53341	423	660	225	284	VOCALOID	初音ミク	ボカコレ2021秋top100	絶海	水無月	VOCALOIDオリジナル曲	ミクオリジナル曲	イドフロイデ	ニコニコDAILY_TOPICS	既存楽曲復活祭	
sm5371295	【ＦＦ】ファイナルファンタジーバトルをギターで弾いてみた part2	2008-11-27T13:13:11+09:00	5242115		https://nicovideo.cdn.nimg.jp/thumbnails/5371295/5371295	2761403	62351	338	111333	1053	演奏してみた	バーバリー君島	ギター								
sm34821640	【ウォルピス社】イミテーション・メサイアを歌ってみました【提供】	2019-03-22T19:30:00+09:00	16834193		https://nicovideo.cdn.nimg.jp/thumbnails/34821640/34821640.93542	520303	1941	226	2225	254	歌ってみた	イミテーション・メサイア	ウォルピスカーター	しんたろ	高音出したい系男子	株主愛の勝利	たやい	hihiC#			
sm34821640	【ウォルピス社】イミテーション・メサイアを歌ってみました【提供】	2019-03-22T19:30:00+09:00	16834193		https://nicovideo.cdn.nimg.jp/thumbnails/34821640/34821640.93542	520303	1941	226	2225	254	歌ってみた	イミテーション・メサイア	ウォルピスカーター	しんたろ	高音出したい系男子	株主愛の勝利	たやい	hihiC#			
sm32188335	イワシがつちからはえてくるんだ	2017-10-31T00:06:28+09:00	31641503		https://nicovideo.cdn.nimg.jp/thumbnails/32188335/32188335	310744	2322	1446	1067	170	音楽	イワシがつちからはえてくるんだ	ころんば	重音テト	草声ネム	CACTLOID	ころんば4号	ネウマフ	Pumpking	未ていなんだ	投稿者≠作者
sm29531179	インスピレーション	2016-08-27T14:15:18+09:00	1352584		https://nicovideo.cdn.nimg.jp/thumbnails/29531179/29531179	54196	579	16	368	257	ハロプロ	Juice=Juice	宮崎由加	金澤朋子	高木紗友希	宮本佳林	植村あかり	LIVE=LIVE			
sm9892873	ウズメカグラ / twinkle&amp;ウタP feat.開発コードmiki	2010-03-03T00:04:14+09:00	202651		https://nicovideo.cdn.nimg.jp/thumbnails/9892873/9892873	41058	1406	28	761	232	VOCALOID	開発コードmiki	twinkle	ウタP	VOCALOID和風曲	古事記	ウズメカグラ	mikiオリジナル曲	もっと評価されるべき	VOCALOID神宮入り	VOCALOID-EUROBEAT
sm39164354	エアコン直った	2021-08-11T20:00:00+09:00	36338873		https://nicovideo.cdn.nimg.jp/thumbnails/39164354/39164354.87892370	67693	453	1625	1031	70	VOCALOID	初音ミク	vocaloid新曲リンク	vocaloidオリジナル曲	初音ミクオリジナル曲	ミクオリジナル曲	VOCALOIDネタ曲リンク	かわいいミクうた	癒し	予測可能回避不可能	ゴセックガヴォット
sm36556462	APRIL STARS(エイプリル・スターズ)／中森明菜	2020-03-23T00:32:02+09:00	65060350		https://nicovideo.cdn.nimg.jp/thumbnails/36556462/36556462.27302238	170	0	0	0	313	うたスキ動画	中森明菜	エイプリルスターズ	歌ってみた							
sm40028136	エゴノミー / feat.KAFU	2022-02-12T16:00:00+09:00	122363571		https://nicovideo.cdn.nimg.jp/thumbnails/40028136/40028136.58878559	168547	908	1393	1166	131	KAFU	可不	可不オリジナル曲	VOCALOID	ボカロ	エゴノミー	ぴえん系ソングリンク	CeVIO殿堂入り	ت		
sm18078714	【miki】 エスペランサ 【PV憑きオリジナル】	2012-06-12T19:57:26+09:00	5235953		https://nicovideo.cdn.nimg.jp/thumbnails/18078714/18078714	24052	1301	2	573	185	VOCALOID	mikiオリジナル曲	開発コードmiki	夢光P	ぢゅ@メラゾーマP	フランシスカシリーズ	エスペランサ（メラゾーマP）	物語音楽	もっと評価されるべき		
sm33886969	【ウォルピス社】エピローグを歌ってみました【提供】	2018-09-20T19:30:00+09:00	16834193		https://nicovideo.cdn.nimg.jp/thumbnails/33886969/33886969	768703	3352	360	1792	293	歌ってみた	エピローグ(*Luna)	ウォルピスカーター	SILVANA	ウォルピス社提供	高音出したい系男子	最後まで聴くべき	サビの破壊力	選曲に定評のあるうp主	かっこよすぎてどないしょ馬鈴薯	ボカロオリジナルを歌ってみた
sm21046327	「エマージェンシー清水さん」【鏡音リンオリジナルMV】	2013-06-05T23:01:34+09:00	7550057		https://nicovideo.cdn.nimg.jp/thumbnails/21046327/21046327	66300	2188	9	919	208	VOCALOID	KulfiQ	hinataP	eruri	鏡音リン	リンオリジナル曲	エマージェンシー清水さん	VOCALOID-PV	432	清水ホイホイ	
sm35435973	【オリジナル曲MV】オーバーリピート【IA】	2019-07-25T19:00:00+09:00	88589059		https://nicovideo.cdn.nimg.jp/thumbnails/35435973/35435973.37942148	22210	356	125	556	226	VOCALOID	Relu	オーバーリピート	すずか爆弾	ぱもぎゅ	rfdn（らふどん）	IAオリジナル曲	IA_-ARIA_ON_THE_PLANETES-			
sm8089993	【鏡音リン】炉心融解【オリジナル】	2009-08-30T22:49:13+09:00	562367		https://nicovideo.cdn.nimg.jp/thumbnails/8089993/8089993	10636937	341457	18156	361346	336	炉心融解	VOCALOID	鏡音リン	iroha(sasaki)	kuma(alfled)	なぎみそ	リンオリジナル曲	VOCALOID神話入り	VOCAROCK	鏡音リン名曲リンク	DAM&JOY配信中
sm35290237	flower 『オレンジに明日はない』MV/ルワン	2019-06-21T19:00:00+09:00	47824608		https://nicovideo.cdn.nimg.jp/thumbnails/35290237/35290237.35336793	54330	520	157	120	205	VOCALOID	ルワン	v_flower	v_flowerオリジナル曲	オレンジに明日はない	ﾊﾇﾙ	VOCALOIDオリジナル曲	もっと評価されるべき	黙ってマイリス		
sm13992938	only my railgunの正しい読み方？オンリーミーライルグンに決まってるだろ	2011-03-28T23:44:24+09:00	13522012		https://nicovideo.cdn.nimg.jp/thumbnails/13992938/13992938	873923	8636	156	28179	256	歌ってみた	作者はウケると思ってたシリーズ	only_my_railgun	ふに(妹)							
sm27778613	【COF】カーテンコールは鳴り止まないっ！ 【オリジナルPV】	2015-12-12T18:00:00+09:00	28385		https://nicovideo.cdn.nimg.jp/thumbnails/27778613/27778613	525934	8370	326	10429	276	歌ってみた	Circle_of_friends	カーテンコールは鳴り止まないっ！	天月-あまつき-	伊東歌詞太郎	はしやん	un:c	コニー(歌い手)	音楽		
so40729185	カウントガール / 初音ミク	2022-07-28T18:00:00+09:00		2648319	https://nicovideo.cdn.nimg.jp/thumbnails/40729185/40729185.60826541	91789	1132	2447	861	180	VOCALOID	ミクオリジナル曲	初音ミク	ラーメンタイマー	無色透名祭	イヤホン推奨	ききいるミクうた	お洒落なミクうた	カウントガール	本人投稿sm42236648	
sm20349366	カキツバタオルケストラ///魔法少女コンピ	2013-03-16T17:27:07+09:00	29342762		https://nicovideo.cdn.nimg.jp/thumbnails/20349366/20349366	119559	3114	113	600	180	VOCALOID	えむめろ	*染	魔法少女コンピ参加作品	藍乃	春ニカ祭2013	カキツバタオルケストラ	滲音かこい	UTAUと歌ってみた	UTAU殿堂入り	UTAU
sm31571703	カグヤの灯篭 / flower	2017-07-15T19:00:00+09:00	22711505		https://nicovideo.cdn.nimg.jp/thumbnails/31571703/31571703	287874	1366	107	392	252	VOCALOID	コウ(ボカロP)	kuroe	カグヤの灯篭	v_flower	v_flowerオリジナル曲	VOCALOID和風曲	絶望接種	v_flower名曲リンク	VOCALOID殿堂入り	
sm24149828	【初音ミク】カシオペア【オリジナル曲PV】	2014-08-04T19:00:00+09:00	12775027		https://nicovideo.cdn.nimg.jp/thumbnails/24149828/24149828	40727	968	55	340	196	VOCALOID	初音ミク	ミクオリジナル曲	すしP	はとこ	カシオペア（すしP）	星のうた	切ないミクうた	ききいるミクうた	もっともっと評価されるべき	
sm23792290	【鉛姫シリーズ】カドワナルカ綺想／nyanyannya feat.鏡音リン	2014-06-16T20:00:00+09:00	787823		https://nicovideo.cdn.nimg.jp/thumbnails/23792290/23792290	89587	1398	69	496	283	VOCALOID	鏡音リン	リンオリジナル曲	nyanyannya	予感子	ボカロバラード	カドワナルカ綺想	ききいるリンうた	DAM配信中	ぼかりす	鉛姫シリーズ
sm39083369	カニ カニ カニ。	2021-07-25T18:32:02+09:00	54191697		https://nicovideo.cdn.nimg.jp/thumbnails/39083369/39083369.38719482	334865	2793	5330	1840	171	歌うボイスロイド	琴葉茜	琴葉葵	音楽	VOICEROID	茜・葵オリジナル曲	琴葉姉妹ファンのシーサイド	VOICEROID殿堂入り	VOCALOID	ボカロP自作アニメーションMVリンク	VOCALOID蟹曲リンク
sm16801489	【IAさんが】カフェラッテ【オリジナル曲を歌ってくれたよ！】	2012-01-27T10:13:33+09:00	289718		https://nicovideo.cdn.nimg.jp/thumbnails/16801489/16801489	61612	2241	38	940	281	VOCALOID	VOCALOID-PV	IA_-ARIA_ON_THE_PLANETES-	IAオリジナル曲	ぼいど	void(IOSYS)	カフェラッテ(void)	MikuPOP	かわいいIAうた		
sm22159891	【GUMI】カボチャヘッズミゼラブル【オリジナル曲】	2013-10-31T23:58:48+09:00	4027531		https://nicovideo.cdn.nimg.jp/thumbnails/22159891/22159891	44532	1372	23	679	303	VOCALOID	GUMI	YM	陽悦	カボチャヘッズミゼラブル	VOCALOIDハロウィン曲	GUMIオリジナル曲	GUMI_Whisper	V3GUMI	切ないGUMIうた	
sm7655922	【初音ミク】 カラクリアゲハ 【オリジナル曲PV付】	2009-07-17T05:39:07+09:00	149873		https://nicovideo.cdn.nimg.jp/thumbnails/7655922/7655922	348659	11341	123	6416	234	音楽	初音ミク	ミクオリジナル曲	カラアゲ	三重の人	骨盤P	VOCALOID殿堂入り	カラクリアゲハ	DAM&JOY配信中	VOCAROCK	VOCALOID
sm20090172	【第10回MMD杯本選】　東方の　かわいい！！　shake it!　【MMD-LIVE】	2013-02-15T21:00:00+09:00	17073066		https://nicovideo.cdn.nimg.jp/thumbnails/20090172/20090172	2345734	54964	408	27350	239	東方	第10回MMD杯本選	MMD杯10本-魔法（物理）	shake_it！	MMD杯受賞作品	ミリオン動画	ザクアリが俺のジャスティス	アリス・マーガトロイド			
sm13173175	【初音ミク】ガール☆ミーツ☆ボーイ【オリジナル】	2010-12-30T19:44:15+09:00	989911		https://nicovideo.cdn.nimg.jp/thumbnails/13173175/13173175	111555	2823	48	899	205	VOCALOID	daniwellP	ガール☆ミーツ☆ボーイ	謎の中毒性	かわいいミクうた	ミクオリジナル曲	息継ぎ禁止	初音ミク	歌ってみろ	VOCALOID殿堂入り	MikuPOP
sm38344968	ガールズメイクライ / 初音ミク+Sohbana	2021-02-28T18:00:00+09:00	75236176		https://nicovideo.cdn.nimg.jp/thumbnails/38344968/38344968.33202977	69050	444	577	162	259	VOCALOID	Sohbana	初音ミク	ミクオリジナル曲	ガールズメイクライ	めり	もっと評価されるべき	クールなミクうた	マイリス巡回推奨	VOCAROCK	花隈千冬→sm44036687
so14436608	【sasakure.UK】ガラクタ姫とアポストロフ feat. 初音ミク【Music Video】	2011-05-13T17:00:00+09:00		171	https://nicovideo.cdn.nimg.jp/thumbnails/14436608/14436608	796758	26258	278	15391	318	VOCALOID	sasakure.UK	ガラクタ相談室	初音ミク	オリジナル曲	ガラクタ姫とアポストロフ	初音ミク名曲リンク	「ヒトとキジン」シリーズ	ミクオリジナル曲	DAM＆JOY配信中	VOCALOID殿堂入り
sm24759187	【初音ミク】キュウビ御霊会ミステリヰ　～転結～【オリジナル曲】	2014-10-24T17:53:12+09:00	5272155		https://nicovideo.cdn.nimg.jp/thumbnails/24759187/24759187	165248	2049	90	1101	305	VOCALOID	初音ミク	てにをは	七星	ロウ	妖怪少年探偵團	ミクオリジナル曲	キュウビ御霊会ミステリヰ	VOCALOID殿堂入り	声優の本気	
sm25400320	【初音ミク】 キセキフラグ 【オリジナル曲】	2015-01-22T19:00:00+09:00	5235953		https://nicovideo.cdn.nimg.jp/thumbnails/25400320/25400320	16965	843	10	464	252	VOCALOID	ぢゅ＠メラゾーマP	ゆぅち	ミクオリジナル曲	初音ミク	キセキフラグ	ピアノミク	ミックンベース			
sm28225709	【実況】きせつをまなぼう！	2016-02-15T07:00:00+09:00	6101511		https://nicovideo.cdn.nimg.jp/thumbnails/28225709/28225709	126904	2794	175	7865	411	最終兵器俺達	実況プレイ単発リンク	実況プレイ動画	It's_Spring_Again	Steam	ゲーム	ヒラ	神回	ツッコミ不在の恐怖	人類滅亡シリーズ	病み病み動画
sm18545819	【初音ミク】キネティック偏愛倶楽部【オリジナル】	2012-08-06T20:05:38+09:00	1561183		https://nicovideo.cdn.nimg.jp/thumbnails/18545819/18545819	185161	6274	107	3232	171	VOCALOID	PolyphonicBranch	BUZZ（絵師）	hie	初音ミク	キネティック偏愛倶楽部	VOCALOID殿堂入り	初音ミク名曲リンク	ミクオリジナル曲	大正浪漫	VOCALOID大正浪漫
sm20793358	【初音ミク】キマジメ少女のアカルイ未来計画【オリジナルMV付き】	2013-05-06T18:04:00+09:00	31321523		https://nicovideo.cdn.nimg.jp/thumbnails/20793358/20793358	108339	2836	38	1872	264	VOCALOID	キマジメ少女のアカルイ未来計画	tilt	ちゃつぼ	ドラムンベース	ドラムステップ	初音ミク	ミクオリジナル曲	VOCALOID殿堂入り	初音ミク名曲リンク	DAM&JOY配信中
sm39478105	キミが手を握ってくれるのなら / 成宮 亮feat.初音ミク	2021-10-14T18:00:00+09:00	61246710		https://nicovideo.cdn.nimg.jp/thumbnails/39478105/39478105.86008002	51333	666	833	1823	218	ボカコレ2021秋ルーキー	VOCALOID	ボカロオリジナル曲	初音ミク	成宮亮	たま	ミクオリジナル曲	ボカコレ2021秋top100	kain(歌い手)	キミが手を握ってくれるのなら	既存楽曲復活祭
sm21028340	【初音ミク】キミとボク、まわるセカイ。【オリジナル曲PV】	2013-06-03T17:00:00+09:00	101303		https://nicovideo.cdn.nimg.jp/thumbnails/21028340/21028340	189781	7709	150	3363	356	VOCALOID	19's_Sound_Factory	たま(絵師)	まらしぃ	井草聖二	ティッシュ姫	VOCALOID殿堂入り	キミとボク、まわるセカイ。	初音ミク	ミクオリジナル曲	vocaloidイメージソング
sm32338304	【初音ミク】キミを失って (Part.Ⅰ)【ミクオリジナル曲】	2017-11-28T21:05:00+09:00	45838074		https://nicovideo.cdn.nimg.jp/thumbnails/32338304/32338304	454208	3066	670	3583	291	VOCALOID	初音ミク	ミクオリジナル曲	ボカロバラード	VOCALOID殿堂入り	初音ミクオリジナル曲	ボカロオリジナル曲	恋するミクうた	VocaR&B	切ないミクうた	ボカロピアノ
sm18530650	【初音ミク】キミトセカイ【MMD-PV】	2012-08-04T23:49:54+09:00	876644		https://nicovideo.cdn.nimg.jp/thumbnails/18530650/18530650	78105	3628	41	807	226	VOCALOID	初音ミク	ブラザーP	MikuMikuDance	Paolino	キミトセカイ	Lat式ミク	MMD-PV	ききいるミクうた	信頼のマイリス率	
sm14191199	【初音ミク】キミノカケラ【オリジナル曲】	2011-04-18T00:34:58+09:00	12425988		https://nicovideo.cdn.nimg.jp/thumbnails/14191199/14191199	204210	8710	88	2494	265	VOCALOID	(∵)キョトンP	サ骨	初音ミク	どうして最初からこうならなかった	VOCALOID殿堂入り	クラブで使えるボカロ曲リンク	キミノカケラ（(∵)キョトンP）	ミクオリジナル曲	P名呼ばれてない	dam&joy配信中
sm7619967	【初音ミク】 キミノコエ 【オリジナル】	2009-07-13T05:09:26+09:00	73508		https://nicovideo.cdn.nimg.jp/thumbnails/7619967/7619967	147806	5580	32	2339	277	Yoshihi	JIN	箱田えこ	ウサコ	キミノコエ	JOYSOUND配信中	VOCALOID殿堂入り	ミクオリジナル曲	初音ミク名曲リンク	VOCALOID	初音ミク
sm8796241	【初音ミク】　「キミノセカイ」　【オリジナル】	2009-11-13T20:03:19+09:00	865371		https://nicovideo.cdn.nimg.jp/thumbnails/8796241/8796241	116434	2427	89	1462	313	VOCALOID	電ポルP	ミクオリジナル曲	初音ミク	ききいるミクうた	キミノセカイ	koyori	VOCAROCK	切ないミクうた	VOCALOID殿堂入り	ボカロックバラード
sm31245579	キンギョヒメ / 初音ミク	2017-05-20T20:00:00+09:00	6991358		https://nicovideo.cdn.nimg.jp/thumbnails/31245579/31245579	24387	479	27	213	333	VOCALOID	初音ミク	ミクオリジナル曲	Poi	ききいるミクうた	キンギョヒメ	ごろく	めとりー	ユゥ	もっと評価されるべき	
sm29561375	【初音ミク】ギター少年はかくも躍る【おっおっおー】	2016-09-02T19:00:00+09:00	45370583		https://nicovideo.cdn.nimg.jp/thumbnails/29561375/29561375	55749	836	30	564	189	VOCALOID	初音ミク	おむ	UME	ギター少年はかくも躍る	ミクオリジナル曲	VOCAROCK	神調教	初音ミク名曲リンク	驚異的な中毒性	黙ってマイリス
sm43307695	クィンアント / KAITO V3 - すこやか大聖堂	2024-02-23T00:00:00+09:00	115941476		https://nicovideo.cdn.nimg.jp/thumbnails/43307695/43307695.88417936	36659	458	1002	341	180	VOCALOID	KAITO	KAITOオリジナル曲	VOCALOIDオリジナル曲	ボカコレ2024冬TOP100ランキング参加曲	KAITO_V3	神調教	すこやか大聖堂	トークロイド	切ないKAITOうた	KAITO名曲リンク
sm23404002	【初音ミク】ミルククラウン・オン・ソーネチカ【オリジナル】	2014-04-25T21:00:00+09:00	19096296		https://nicovideo.cdn.nimg.jp/thumbnails/23404002/23404002	2352923	24504	5610	10914	216	VOCALOID	初音ミク	ユジー	房野聖	柊南	ミルククラウン・オン・ソーネチカ	ミクオリジナル曲	ピアノミク	VOCALOID伝説入り	初音ミク名曲リンク	DAM&JOY配信中
sm33876740	【初音ミク】『 クリエイション・ジャーニー 』【オリジナル曲】	2018-09-18T20:00:00+09:00	76265		https://nicovideo.cdn.nimg.jp/thumbnails/33876740/33876740	39756	989	95	461	275	VOCALOID	Heavenz	chibi	クリエイション・ジャーニー	初音ミク	ミクオリジナル曲	おかえりなさい	VOCALOIDイメージソング	もっと評価されるべき	初音ミクと世界地図収録曲	
sm34111718	クルエルダンスナイト/GUMI - SG	2018-11-02T17:00:00+09:00	85900282		https://nicovideo.cdn.nimg.jp/thumbnails/34111718/34111718.65044	10722	223	0	105	193	VOCALOID	オリジナル	SOUNDGALAXY	GUMI	Megpoid	VOCALOIDオリジナル曲	GUMIオリジナル曲				
sm33454910	グッバイ人生 / 名無（Namu）feat.鏡音リン	2018-07-01T21:00:00+09:00	76193062		https://nicovideo.cdn.nimg.jp/thumbnails/33454910/33454910	60342	526	92	520	180	VOCALOID	グッバイ人生	名無（Namu）	VOCAROCK	鏡音リン	リンオリジナル曲	もっと評価されるべき	ラーメンタイマー	ke-sanβ	くま	kyura
sm13397912	鏡音リン / グッバイトデー	2011-01-24T21:54:04+09:00	6025804		https://nicovideo.cdn.nimg.jp/thumbnails/13397912/13397912.50553328	61814	3353	15	1712	263	VOCALOID	ライブP	鳥越タクミ	リンオリジナル曲	鏡音リン	VOCAROCK	グッバイトデー	黙ってマイリス	もっともっと評価されるべき		
sm34603378	『グラスモンド』- ONE -	2019-02-09T18:30:00+09:00	14930313		https://nicovideo.cdn.nimg.jp/thumbnails/34603378/34603378.88524	41060	377	74	263	167	VOCALOID	ちいたな	ツチヤサキ	ONE_-ARIA_ON_THE_PLANETES-	CeVIO	CeVIOオリジナル曲	グラスモンド	CeVIO冬曲	ONEオリジナル曲	CeVIO雪曲	
sm30004399	【弦巻マキ】グレート・エレキ・ファイヤー【オリジナルPV】	2016-11-08T15:24:33+09:00	1031566		https://nicovideo.cdn.nimg.jp/thumbnails/30004399/30004399	70737	1383	115	242	228	VOCALOID	弦巻マキ	AHS生使用可	ボカロメタル	VOCAROCK	VOICEROID	グレート・エレキ・ファイヤー	歌うボイスロイド	人生の応援歌	元気が出る曲	VOCALOIDイメージソング
sm14725385	【亞北ネル】ケモノの唄【オリジナル】	2011-06-12T19:16:05+09:00	11432695		https://nicovideo.cdn.nimg.jp/thumbnails/14725385/14725385	95070	1988	155	2605	280	VOCALOID	亞北ネル	夜烏P	ケモノの唄	ネルオリジナル曲	黎(クロイ)	JOYSOUND配信中	もっともっと評価されるべき	VOCAROCK	ロックな生き方	
sm13459389	鏡音リン / コールドハンド	2011-01-31T18:15:53+09:00	6025804		https://nicovideo.cdn.nimg.jp/thumbnails/13459389/13459389.47424521	104361	3888	66	1711	305	VOCALOID	ライブP	胡太郎	リンオリジナル曲	コールドハンド	鏡音リン	大人リン	ボカロバラード	鏡音リン名曲リンク	VOCALOID殿堂入り	VocaR&B
sm35100431	ココロライン / flower	2019-05-10T20:00:00+09:00	25469486		https://nicovideo.cdn.nimg.jp/thumbnails/35100431/35100431.47029667	17817	288	23	128	210	VOCALOID	v_flower	ぺむ	さかな	くえんさん	ココロライン	VOCALOIDオリジナル曲	v_flowerオリジナル曲	もっと評価されるべき		
sm3113259	【初音ミク】  コノハナサクヤ　【オリジナル】	2008-04-27T07:19:39+09:00	629675		https://nicovideo.cdn.nimg.jp/thumbnails/3113259/3113259	69701	2645	23	1946	302	初音ミク	VOCALOID	ミクオリジナル曲	UPNUSY	VOCALOID桜曲	VOCALOID和風曲	コノハナサクヤ	投稿者コメント	初音ミク名曲リンク	黙ってマイリス	
sm1908098	【初音ミク】コンビニ【オリジナル曲】	2007-12-30T23:38:27+09:00	3857447		https://nicovideo.cdn.nimg.jp/thumbnails/1908098/1908098	1844155	41360	1655	68776	265	音楽	cokesi_Processor	初音ミク	ミクオリジナル曲	職人が起こした奇跡	VOCALOID	コンビニ	VOCALOID伝説入り	初音ミク名曲リンク	その恋、温めますか?	
sm20975872	コンビニよって帰ろうよ／歌、あきこロイドちゃん	2013-05-28T18:02:00+09:00	20568982		https://nicovideo.cdn.nimg.jp/thumbnails/20975872/20975872	162245	4063	132	1788	212	VOCALOID	石風呂	あきこロイドちゃん	コンビニよって帰ろうよ	ただし、ローソンに限る	幸福ペンギン	キライちゃん	あきこロイドちゃんオリジナル曲	JOYSOUND配信中	安定の誤字	VOCALOID殿堂入り
sm34634490	【SLH】ゴッドオブマリーを踊ってみた【オリジナル振付】	2019-02-15T17:00:00+09:00	5970910		https://nicovideo.cdn.nimg.jp/thumbnails/34634490/34634490.69289	144406	2157	218	2590	176	踊ってみた	ゴッドオブマリー	SLH	Johnny.	重力仕事しろ	まさ(ボカロP)	脅威のシンクロ率	驚異的な中毒性	踊ってみろ	踊ってみた殿堂入り	
sm37483917	【初音ミク】ゴーストモーション　あめのむらくもP	2020-09-07T19:01:02+09:00	75455139		https://nicovideo.cdn.nimg.jp/thumbnails/37483917/37483917.18685430	43874	428	374	223	205	VOCALOID	初音ミク	ゴーストモーション	あめのむらくもP	ミクオリジナル曲	MikuPOP	VOCAROCK				
sm14610404	アイマス２　きゅんっ！ヴァンパイアガール　やよいソロ ゴシックver.	2011-05-31T13:54:34+09:00	16380474		https://nicovideo.cdn.nimg.jp/thumbnails/14610404/14610404	313437	5032	43	4012	133	ゲーム	きゅんっ！ヴァンパイアガール	やよい	ζ*'ヮ')ζ＜はーん	やよいゾーン	アイドルマスター	アイドルマスター2	哲学	なるほど、わからん		
sm41561354	【MMDツイステ】サイドワインダー	2022-12-26T21:14:02+09:00	3269234		https://nicovideo.cdn.nimg.jp/thumbnails/41561354/41561354.76395909	107357	2725	3490	863	258	ハイセンスの塊	mmdツイステ	サバナクロー寮生の聖地	レオナ・キングスカラー	ラギー・ブッチ	ジャック・ハウル	MMD	ユニーク魔法「神」	もっと評価されるべき	劇場版ツイステッドワンダーランド第二章	涙腺がオーバーブロット
sm19427906	初音ミクDark 　『 サイレント・マジョリティ 』　オリジナル曲	2012-11-24T19:00:32+09:00	76265		https://nicovideo.cdn.nimg.jp/thumbnails/19427906/19427906	172576	6739	101	1533	271	VOCALOID	Heavenz	えむめろ	サイレント・マジョリティ	すみす(絵師)	初音ミク	ミクオリジナル曲	VOCALOID殿堂入り	初音ミク名曲リンク	DAM&JOY配信中	VOCALOID_Professional_2013_feat.初音ミク
sm35689981	サカサマアストロノーツ.feat初音ミク	2019-09-16T20:00:00+09:00	39203785		https://nicovideo.cdn.nimg.jp/thumbnails/35689981/35689981.32755044	29160	313	71	89	205	VOCALOID	VOCALOIDオリジナル曲	初音ミク	ミクオリジナル曲	音楽	るりまる	和三盆	もっと評価されるべき	お洒落なミクうた	VOCALOID梅雨入り	サカサマアストロノーツ
sm40666976	サドンデス ビーナス / ねじ式 feat.結月ゆかり	2022-06-24T19:00:00+09:00	35275687		https://nicovideo.cdn.nimg.jp/thumbnails/40666976/40666976.69450782	29247	470	583	197	217	VOCALOID	結月ゆかりオリジナル曲	結月ゆかり	ねじ式(火曜日p)	檀上大空	クールなゆかりうた	サドンデス_ビーナス	ゆかりオリジナル曲	お洒落なゆかりうた	MAKIU	
sm42573198	サヨナラ街道 ／ 雨の介 feat.flower	2023-08-05T00:00:00+09:00	606242		https://nicovideo.cdn.nimg.jp/thumbnails/42573198/42573198.30593013	60840	787	1665	534	168	VOCALOID	v_flower	v_flowerオリジナル曲	ボカコレ2023夏TOP100ランキング参加曲	歌踊コレOK	雨の介	ogi-	サヨナラ街道(雨の介)			
sm25779342	【初音ミク】サヨナラザクラ【オリジナル曲PV】	2015-03-13T20:17:10+09:00	45293615		https://nicovideo.cdn.nimg.jp/thumbnails/25779342/25779342	48096	1114	46	780	334	VOCALOID	初音ミク	サヨナラザクラ	ミクオリジナル曲	ボカロバラード	卒業ソング	VOCALOID春曲	DAM配信中	ハヤブサ(Falconnect)	VOCALOID卒業曲集	VOCALOID桜曲
sm34668262	さよならテンダー / 初音ミク	2019-02-21T19:00:00+09:00	865371		https://nicovideo.cdn.nimg.jp/thumbnails/34668262/34668262.57564	409580	3020	918	930	262	VOCALOID	初音ミク	電ポルP	koyori	さよならテンダー	レトロなボカうた	VOCALOID殿堂入り	初音ミク名曲リンク	DAM&JOY配信中	ミクオリジナル曲	最後まで聞くべき
sm3269472	鏡音リンさんに歌っていただいた　「サルベージ」（オリジナル）	2008-05-11T07:32:31+09:00	681315		https://nicovideo.cdn.nimg.jp/thumbnails/3269472/3269472	183006	6782	39	9081	274	音楽	鏡音リン	シバションP	リンオリジナル曲	VOCALOID	サルベージ	DAM&JOY配信中	イケリン	VOCALOID殿堂入り	さらに評価されるべき	３:３６
nm8378431	【鏡音リン】サン・パライーソへの道【オリジナル】	2009-09-30T02:03:03+09:00	4947587		https://nicovideo.cdn.nimg.jp/thumbnails/8378431/8378431	28738	1273	24	888	310	音楽	ニコニコムービーメーカー	田中和夫	山本ニュー	いまいゆP	おんだこな	飯時	VOCALOID	ブルースロック	リンオリジナル曲	鏡音リン
sm14898881	【みーちゃん・赤飯】ちゃー飯がサンセットラブスーサイドを歌いました	2011-07-02T00:14:33+09:00	543776		https://nicovideo.cdn.nimg.jp/thumbnails/14898881/14898881	405334	11136	52	15346	202	歌ってみた	みーちゃん	赤飯	サンセットラブスーサイド	マチゲリータP	ちゃー飯	ななちゃん	しづ	集団自殺	日本の人口が心配になる動画	歌ってみた殿堂入り
sm3800247	ヤンデレの妹に死ぬほど愛されてシャットダウンできないWindows	2008-06-29T03:39:34+09:00	891875		https://nicovideo.cdn.nimg.jp/thumbnails/3800247/3800247	537986	3704	363	68125	480	科学	ヤンデレＣＤと会話させるシリーズ	人外と会話するシリーズ	Windows	シャットダウンできないWindows	キーボードクラッシャー					
sm33588378	シャドウタッグ／初音ミク	2018-07-26T21:37:02+09:00	59407897		https://nicovideo.cdn.nimg.jp/thumbnails/33588378/33588378	30187	429	2	108	206	VOCALOID	初音ミク	ミクオリジナル曲	シャドウタッグ／ばっどがい	ばっどがい	VOCAROCK	走るミク	アニメーション			
sm33500749	∴煮ル果実「シュールマン」with IA	2018-07-10T18:10:00+09:00	32646403		https://nicovideo.cdn.nimg.jp/thumbnails/33500749/33500749	127732	524	472	190	219	VOCALOID	IA_-ARIA_ON_THE_PLANETES-	IAオリジナル曲	煮ル果実	♯302	シュールマン	ꐕ	VOCAROCK	爽やかなIAうた	VOCALOID殿堂入り	
sm41943114	シークレット・アイリス / KAITO &amp; 初音ミク	2023-03-19T00:00:00+09:00	54491385		https://nicovideo.cdn.nimg.jp/thumbnails/41943114/41943114.2997042	76089	943	1962	2415	216	VOCALOID	初音ミク	KAITO	ネギシャワーP	からながれ	ボカコレ2023春TOP100ランキング参加曲	KAITO&ミクリンク	お洒落なぼかうた	VOCALOIDデュエット曲	ミクノポップ	からながれ朱雀
sm38384704	シーサイドラプソディ / irucaice feat. 初音ミク	2021-03-09T19:39:00+09:00	25451746		https://nicovideo.cdn.nimg.jp/thumbnails/38384704/38384704.74459294	31457	328	321	174	282	音楽	vocaloid	初音ミク	ミクオリジナル曲	ミクノポップ	3月9日はミクの日	ミクの日2021	いるかアイス	植苗チイロ	シーサイドラプソディ	MikuPop
sm27210332	【ゆめにっき】パドルポニっ子シアター	2015-09-22T17:06:40+09:00	1231982		https://nicovideo.cdn.nimg.jp/thumbnails/27210332/27210332	607702	11190	827	3263	151	ゲーム	ゆめにっき	野生のプロ	手描きゆめにっき	謎の中毒性	BattleBlockTheater	明るいゆめにっき	センチメンタル小室マイケル坂本ダダ先生	ゆめにっき非プレイ動画リンク	牛蒡	吹いたら負け
sm36110696	シンジュク・ジャック/虻瀬とみなもとZephilgantohn	2019-12-20T21:08:02+09:00	85609604		https://nicovideo.cdn.nimg.jp/thumbnails/36110696/36110696.80342944	28295	152	74	169	308	VOCALOID	初音ミク	VOCALOIDオリジナル曲	ミクオリジナル曲	虻瀬	初音ミクオリジナル曲					
sm36300170	シンダーシティの終わり方 / 末代雨季。feat.初音ミク	2020-01-31T19:00:00+09:00	82304403		https://nicovideo.cdn.nimg.jp/thumbnails/36300170/36300170.77150801	40168	821	91	202	195	VOCALOID	初音ミク	ミクオリジナル曲	末代雨季。	シンダーシティの終わり方	vocaloid新曲リンク	クールなミクうた	VOCALOID-PV	vocaloidオリジナル曲	末代まで毎月投稿してやる。	
sm33007599	シンメトリーポッター	2018-04-06T03:40:04+09:00	62129311		https://nicovideo.cdn.nimg.jp/thumbnails/33007599/33007599	206305	28907	55	557	44	音割れポッター	魔法使いデンターくん	まず名乗れよ眼鏡	エンターテイメント	音割れシリーズ	癒し	meme	テルミット	ポッター爆誕	耳年齢テスト	シンメトリー
sm36505235	flower 『ジャイアントキリング』MV/ルワン	2020-03-13T20:00:00+09:00	47824608		https://nicovideo.cdn.nimg.jp/thumbnails/36505235/36505235.31106648	62861	826	182	223	190	VOCALOID	ルワン	v_flower	v_flowerオリジナル曲	こむぎこ2000	ジャイアントキリング	ジャイアントキリング（ルワン）	VOCALOID視覚芸術展	VOCALOID名PVリンク	VOCAROCK	
sm20036897	【結月ゆかり】 ジオワタ＼(＾0＾)／ 【ほぼ日P】	2013-02-09T03:33:10+09:00	3236137		https://nicovideo.cdn.nimg.jp/thumbnails/20036897/20036897	256292	11374	28	12301	209	VOCALOID	ほぼ日P	結月ゆかり	ジオワタ	ゆかりオリジナル曲	VOCALOID殿堂入り					
sm14622095	【鏡音リンAppend】スウィイトポイズンファクトリィ【オリジナル曲】	2011-06-01T21:07:59+09:00	145381		https://nicovideo.cdn.nimg.jp/thumbnails/14622095/14622095	175412	4455	37	5315	283	VOCALOID	マチゲリータP	リンオリジナル曲	おなかすいた	鏡音リンAppend	VOCALOID幻想狂気曲リンク	鏡音リン	スウィイトポイズンファクトリィ	VOCALOID殿堂入り	VOCALOID工場入り	
sm3998852	【KAITO】スサノヲ【オリジナル】	2008-07-18T19:24:08+09:00	961129		https://nicovideo.cdn.nimg.jp/thumbnails/3998852/3998852	154476	4100	88	6647	249	音楽	VOCALOID神宮入り	イントロP	KAITO	スサノヲ	JOYSOUND配信中	島根の本気	VOCALOID殿堂入り	素戔嗚尊	KAITOオリジナル曲	VOCALOID
sm44674761	スタディルーム / 歌愛ユキ + 重音テトSV	2025-02-22T00:00:00+09:00	87742751		https://nicovideo.cdn.nimg.jp/thumbnails/44674761/44674761.94651289	14147	346	728	140	165	VOCALOID	歌愛ユキ	重音テト	重音テトsv	vocaloidオリジナル曲	ボカコレ2025冬TOP100ランキング参加曲	SynthesizerV	音楽	SynthesizerVオリジナル曲	歌踊コレOK	ノイ(ボカロP)
sm31845642	ストラテリウム / ねこぼーろfeat.初音ミク	2017-09-01T00:32:13+09:00	111429		https://nicovideo.cdn.nimg.jp/thumbnails/31845642/31845642	295042	3656	599	1888	226	VOCALOID	初音ミク	初音ミクオリジナル曲	ねこぼーろ	ミクオリジナル曲	みなもすち	ストラテリウム	切ないミクうた	初音ミク誕生祭2017	初音ミク名曲リンク	VOCALOID殿堂入り
sm36281993	『ストレイデア』- ちいたな feat. IA × ONE -	2020-01-27T19:00:00+09:00	14930313		https://nicovideo.cdn.nimg.jp/thumbnails/36281993/36281993.24914047	69467	662	315	402	195	VOCALOID	ちいたな	IA_-ARIA_ON_THE_PLANETES-	ONE_-ARIA_ON_THE_PLANETES-	そつなく	ストレイデア	CeVIO	VOCALOID&CeVIOオリジナル曲			
sm11709886	ニコニコ☆すぷらっしゅ絵描き歌	2010-08-11T09:12:12+09:00	419328		https://nicovideo.cdn.nimg.jp/thumbnails/11709886/11709886	252780	8208	32	19291	740	描いてみた	トレス疑惑	だろめおん	ニコニコ☆すぷらっしゅ	先生、タグロックそこでいいんですか	初音ミクの消失					
sm6854061	スペクトラム SUNRISE	2009-04-25T23:54:54+09:00	446948		https://nicovideo.cdn.nimg.jp/thumbnails/6854061/6854061	54852	869	29	291	292	音楽	Spectrum	新田一郎	兼崎順一	吉田俊之	渡辺直樹	西慎嗣	奥慶一	岡本郭男	今野拓郎	山川啓介
so23748640	ご注文はうさぎですか？　第9羽「青山スランプマウンテン」	2020-08-07T12:00:00+09:00		2591203	https://nicovideo.cdn.nimg.jp/thumbnails/23792389/23792389	536878	62405	56	77920	1420	アニメ	ご注文はうさぎですか？	佐倉綾音	水瀬いのり	種田梨沙	佐藤聡美	内田真礼				
sm18131841	ありふれたせかいせいふく / 初音ミク	2012-06-18T21:36:48+09:00	865591		https://nicovideo.cdn.nimg.jp/thumbnails/18131841/18131841	3717890	49885	4252	25808	204	VOCALOID	ありふれたせかいせいふく	初音ミク	ピノキオピー	エジエレキ	ミクオリジナル曲	Project_Mirai2収録曲	アイマイナちゃん	VOCALOID伝説入り	初音ミク名曲リンク	DAM&JOY配信中
sm20229507	【初音ミク】 セツナサイクル 【オリジナルPV】	2013-03-03T00:43:10+09:00	280102		https://nicovideo.cdn.nimg.jp/thumbnails/20229507/20229507	178887	7242	59	3095	267	VOCALOID	初音ミク	VOCAROCK	yui_wani	しめのソラ	セツナサイクル	VOCALOID殿堂入り	初音ミク名曲リンク	ミクオリジナル曲	DAM&JOY配信中	VOCALOID春曲
sm16913245	【GUMI】センセーショナル【オリジナル曲】	2012-02-08T20:06:07+09:00	4027531		https://nicovideo.cdn.nimg.jp/thumbnails/16913245/16913245	206430	7386	46	4945	220	VOCALOID	GUMI	YM	HND	センセーショナル（YM）	VOCALOID殿堂入り	GUMIオリジナル曲	GUMI_Power	DAM&JOY配信中	驚異的な中毒性	
sm31991391	ゼロで割る／flower	2017-09-25T19:00:00+09:00	45395036		https://nicovideo.cdn.nimg.jp/thumbnails/31991391/31991391	101655	1359	82	386	223	VOCALOID	ミスミ	廣田痛	γしめぢ	ゼロで割る	v_flowerオリジナル曲	JOYSOUND配信中	v_flower	VOCALOID殿堂入り		
nm6086704	【初音ミク】タウリン1000mg High Go!!【オリジナル曲】	2009-02-08T19:58:50+09:00	3328809		https://nicovideo.cdn.nimg.jp/thumbnails/6086704/6086704	176007	6447	60	2891	185	初音ミク	ミクオリジナル曲	10日P	タウリン1000mg_High_go!!	VOCALOID殿堂入り	初音ミク名曲リンク	VOCALOID	DAM＆JOY配信中	おれらのうた	monaca:factory	元気が出るミクうた
sm44350761	ダーリンダーリン / めろくる feat. 夏色花梨	2024-11-23T20:00:00+09:00	122889833		https://nicovideo.cdn.nimg.jp/thumbnails/44350761/44350761.31023731	158928	1026	1985	235	190	音楽	夏色花梨	夏色花梨オリジナル曲	VOCALOID	SynthesizerV	SynthesizerVオリジナル曲	かわいいぼかうた	めろくる	ダーリンダーリン	ダーリンダーリン(めろくる)	SynthesizerV殿堂入り
sm39559770	ダウナーボーイ ／ 可不【オリジナル曲】	2021-10-31T17:09:02+09:00	38508555		https://nicovideo.cdn.nimg.jp/thumbnails/39559770/39559770.31721436	268665	286	358	2410	173	可不オリジナル曲	音楽的同位体可不(kafu)	kafu_オリジナル楽曲	ボカロオリジナル曲	vocaloidオリジナル曲	可不	VOCALOID	CeVIO_AI	ダウナーボーイ	CeVIO殿堂入り	
sm16419681	「ダストテイル」【初音ミクオリジナル】	2011-12-13T23:08:02+09:00	7550057		https://nicovideo.cdn.nimg.jp/thumbnails/16419681/16419681	79259	2720	20	1780	261	VOCALOID	ダストテイル	KulfiQ	初音ミク	Haq(絵師)	VOCAROCK	ミクオリジナル曲	最後まで聴くべき	VOCALO_APPEND収録曲リンク	JOYSOUND配信中	
sm24482819	【結月ゆかり】ダチュラと林檎【オリジナル】	2014-09-16T19:00:00+09:00	35275687		https://nicovideo.cdn.nimg.jp/thumbnails/24482819/24482819	440526	6223	352	1960	246	VOCALOID	結月ゆかり	ねじ式(火曜日P)	ミズキヨ	ダチュラと林檎	DAM&JOY配信中	お洒落なゆかりうた	結月ゆかり名曲リンク	VOCALOID殿堂入り	VOCAJAZZ	ゆかりオリジナル曲
sm33683145	【にじさんじ】ダメダメガチ恋full【家長むぎ・イメージソング】	2018-08-13T17:13:03+09:00	19964		https://nicovideo.cdn.nimg.jp/thumbnails/33683145/33683145	20020	368	19	141	260	音楽	にじさんじ	にじさんじオリジナルソングリンク	vocaloid	初音ミク	家長むぎ	バーチャルYouTuber	バーチャルYouTuber音楽リンク			
sm33926131	MV『チャイナガール』｜IA × ONE	2018-09-27T19:00:00+09:00	14930313		https://nicovideo.cdn.nimg.jp/thumbnails/33926131/33926131	107033	1449	142	811	200	VOCALOID	IA_-ARIA_ON_THE_PLANETES-	ONE_-ARIA_ON_THE_PLANETES-	ちいたな	ツチヤサキ	ふにゃ	IAオリジナル曲	ONEオリジナル曲	VOCALOIDオリジナル曲	チャイナガール	VOCALOID殿堂入り
sm22820161	【GUMI】チョコにとかして【オリジナル曲PV付き】	2014-02-05T19:00:00+09:00	5672028		https://nicovideo.cdn.nimg.jp/thumbnails/22820161/22820161	63030	1634	22	2254	199	VOCALOID	チョコにとかして	タカノン	しめのソラ	GUMIオリジナル曲	GUMI	VOCALOIDバレンタイン曲	VOCALOID学生化計画			
sm9382151	【巡音ルカ】ディスコミュニケーション	2010-01-14T05:10:23+09:00	6437909		https://nicovideo.cdn.nimg.jp/thumbnails/9382151/9382151	305161	12140	134	4243	304	VOCALOID	巡音ルカ	fatmanP	ルカオリジナル曲	ディスコミュニケーション	VOCALOID殿堂入り	JOYSOUND配信中	巡音ルカ名曲リンク	おれらのうた	伝説のルカマスター	
sm30116254	【初音ミク・GUMI】デッドガール【Virgin Noize】	2016-11-26T12:30:00+09:00	577871		https://nicovideo.cdn.nimg.jp/thumbnails/30116254/30116254	56072	617	18	371	291	VOCALOID	GUMI	初音ミク	VOCALOIDデュエット曲	Virgin_Noize	VOCALOEDM	VOCALOIDオリジナル曲	ミク&GUMIリンク			
sm20855202	【GUMI】デッドレッドガールズ／MARUDARUMA	2013-05-13T18:59:53+09:00	22180763		https://nicovideo.cdn.nimg.jp/thumbnails/20855202/20855202	112439	2754	59	1158	193	VOCALOID	GUMI	GUMIオリジナル曲	MARUDARUMA	しの	阿古本	DAM配信中	デッドレッドガールズ	maimai収録曲	友達募集P	VOCALOID殿堂入り
sm33321800	デジャヴ・ラブユー / flower	2018-06-06T20:00:00+09:00	29053926		https://nicovideo.cdn.nimg.jp/thumbnails/33321800/33321800	135631	1179	94	458	259	VOCALOID	しーくん	みつきさなぎ	ため（叫べP）	v_flower	v_flowerオリジナル曲	デジャヴ・ラブユー	VOCALOIDオリジナル曲	VOCALOID殿堂入り	VOCALOID深海入り	
so20737619	【sasakure.UK】トゥイー・ボックスの人形劇場 feat. 初音ミク【Music Video】	2013-05-01T20:00:00+09:00		171	https://nicovideo.cdn.nimg.jp/thumbnails/20737619/20737619	1393062	21835	5989	20469	248	VOCALOID	sasakure.UK	初音ミク	toga	梅干P	トゥイー・ボックスの人形劇場	ミクオリジナル曲	トンデモ未来空奏図	VOCALOIDドット絵PVリンク	VOCALOID伝説入り	VOCALOID戦場入り
sm27070953	トピアリー／初音ミク	2015-09-02T20:00:00+09:00	14203891		https://nicovideo.cdn.nimg.jp/thumbnails/27070953/27070953	402390	2985	380	749	242	VOCALOID	バルーン	アボガド6	トピアリー	初音ミク	ミクオリジナル曲	VOCALOID殿堂入り	初音ミク名曲リンク	安定のバルーン節	動画投稿バトル2015summer	vocaloid梅雨入り
sm4866870	【初音ミク鏡音リンレン】 トラボティック・ワールド 【オリジナル曲】	2008-10-08T19:56:30+09:00	1446360		https://nicovideo.cdn.nimg.jp/thumbnails/4866870/4866870	103679	2003	28	2376	249	音楽	VOCALOID	初音ミク	鏡音リン・レン	トラボルタP	なぎみそ	トラボティック・ワールド	VOCALOIDオリジナル曲	ボカロシンフォニー	年少組	VOCALOID殿堂入り
sm42993052	マウント責めされるかすみ（ポリス・トロピカルサマー）	2023-11-07T08:20:02+09:00	12383135		https://nicovideo.cdn.nimg.jp/thumbnails/42993052/42993052.15485431	1702	18	32	20	311	リョナ	ryona	doa5lr	パンツの見えるゲーム							
sm38907008	『トンデモワンダーズ』feat.初音ミク(+KAITO) / sasakure.‌UK	2021-06-19T21:47:33+09:00	461870		https://nicovideo.cdn.nimg.jp/thumbnails/38907008/38907008.17541518	4102627	21047	25406	10283	196	VOCALOID	初音ミク	KAITO	岸田勇気	echo	APO+	sasakure.UK	プロジェクトセカイ収録曲	トンデモワンダーズ	VOCALOID伝説入り	なぜbmsからこの人を知ってしまったのか
sm41869371	かめりあ - ドクヘビ (feat. 初音ミク) 【ElectroSwing】	2023-03-02T00:34:03+09:00	425677		https://nicovideo.cdn.nimg.jp/thumbnails/41869371/41869371.1163278	370442	1442	2459	334	228	VOCALOID	初音ミク	かめりあ	プロセカnext	#プロセカnext	りゅうら	ミクオリジナル曲	VOCAJAZZ	お洒落なミクうた	ドクヘビ	VOCALOID殿堂入り
sm13306896	【初音ミク】ドミノ倒シ【オリジナル曲PV付】	2011-01-14T22:22:44+09:00	8785358		https://nicovideo.cdn.nimg.jp/thumbnails/13306896/13306896	1202763	31677	614	13532	191	VOCALOID	初音ミク	すこっぷ	まつとり	ドミノ倒シ	VOCALOID伝説入り	DAM&JOY配信中	お洒落なミクうた	VOCAROCK	ヤンデロイド	ミクオリジナル曲
sm25857832	莉嘉とみりあのドラッグストア	2015-03-23T21:21:54+09:00	17249863		https://nicovideo.cdn.nimg.jp/thumbnails/25857832/25857832	135199	2729	55	357	136	シンデレラガールズ(アニメ)	アイドルマスター_シンデレラガールズ	音MAD	電子ドラッグ	音声MAD@アイマス	Humoresque_of_a_Little_Dog	アイドルマスター	赤城みりあ	城ヶ崎莉嘉	作業用	
sm32648371	ドライドライフラワー / 初音ミク	2018-01-27T20:00:10+09:00	32047444		https://nicovideo.cdn.nimg.jp/thumbnails/32648371/32648371	957838	4063	1427	2216	154	VOCALOID	初音ミク	とあ	ミクオリジナル曲	房野聖	ドライドライフラワー	VOCALOID殿堂入り	DAM&JOY配信中	初音ミク名曲リンク	切ないミクうた	VOCALOID伝説入り直前
sm6283078	おふろで遊んでくれない リベンジ！	2009-02-27T20:53:02+09:00	1142345		https://nicovideo.cdn.nimg.jp/thumbnails/6283078/6283078	535727	6492	3	13991	200	動物	ふくたん（ぬこ）	猫	ぬこ	スコティッシュフォールド	既成事実	そうか、ただのラッコか	ラッコ疑惑	シュール	無修正AV（アニマルビデオ）入浴シーン	
sm11728373	【初音ミクオリジナル曲】ナキムシピッポ【ＰＶ】	2010-08-12T21:38:13+09:00	461870		https://nicovideo.cdn.nimg.jp/thumbnails/11728373/11728373	518501	12888	201	6208	288	VOCALOID	初音ミク	VOCALOID殿堂入り	ナキムシピッポ	sasakure.UK	宮沢賢治	ミクオリジナル曲	プロトタイプ_ナナクジャク	VOCALOID小説派生曲	Sta	Chiptune×VOCALOIDリンク
sm2110209	【初音ミク オリジナル】　ネギを食べなさいっ！	2008-01-23T00:12:51+09:00	531122		https://nicovideo.cdn.nimg.jp/thumbnails/2110209/2110209	69149	1188	22	2358	200	音楽	初音ミク	ミクオリジナル曲	うたたP	VOCALOID	VOCALOID食堂入り	ネギを食べなさいっ！	かわいいミクうた	青果売り場で流されるべき	ネギマル☆センセイション	うたたPチャンネル
sm16812983	【初音ミク】ネコミミアーカイブ【オリジナル曲】	2012-01-28T18:22:19+09:00	5540200		https://nicovideo.cdn.nimg.jp/thumbnails/16812983/16812983	1128542	26827	1459	7882	208	VOCALOID	糞田舎P	ネコミミアーカイブ	ミクオリジナル曲	初音ミク	yuna(絵師)	VOCALOIDにゃんこ入り	MONSTERS収録曲	VOCAROCK	VOCALOID伝説入り	友達募集p
sm45328661	ネタが無いよ～ / 重音テト	2025-08-23T21:38:05+09:00	1653063		https://nicovideo.cdn.nimg.jp/thumbnails/45328661/45328661.46595856	136145	1243	6667	2856	172	ボカコレ2025夏TOP100ランキング参加曲	GYARI（ココアシガレットP）	重音テト	VOCALOID	GARI(ネタガナクナッタP)	SynthesizerV	ネタが無いよ～	歌詞に共感した	VOCAJAZZ	テトオリジナル曲	SynthesizerV殿堂入り
sm17427502	【GUMI】 ネムラネーゼ 【オリジナル】	2012-04-01T20:01:19+09:00	2566558		https://nicovideo.cdn.nimg.jp/thumbnails/17427502/17427502	136751	5028	24	2248	220	VOCALOID	otetsu	ネムラネーゼ	riria009	GUMI	GUMIオリジナル曲	クールなGUMIうた	EXET_TONES_PRESENTS_Supemova	VOCALOID殿堂入り	『Seed』収録曲	
sm40334799	【結月ゆかり 麗＆IA AI】ノーブル・ローズ【オリジナル】	2022-04-23T00:00:00+09:00	35275687		https://nicovideo.cdn.nimg.jp/thumbnails/40334799/40334799.38807797	52014	705	1177	348	177	VOCALOID	結月ゆかり	ia_-aria_on_the_planetes-	ねじ式(火曜日p)	檀上大空	ボカコレ2022春TOP100参加作品	CeVIOオリジナル曲	ゆかりオリジナル曲	IAオリジナル曲	ゆかいあ	VOCALOID百合曲
sm15112377	【初音ミク】ハッピーラッキーアンホリデーマンデー【オリジナルPV】	2011-07-25T02:13:11+09:00	13497494		https://nicovideo.cdn.nimg.jp/thumbnails/15112377/15112377	374177	11542	101	12062	233	VOCALOID	あざい	自転車	ハッピーラッキーアンホリデーマンデー	いーらん/3リットルP	クソヤザ	VOCALOID殿堂入り	深刻な液体不足	VOCALOIDブルーマンデー曲	初音ミク	ミクオリジナル曲
sm40345847	ハッピイバースデイ・ブロットパーク / 結月ゆかり	2022-04-22T00:00:00+09:00	95870895		https://nicovideo.cdn.nimg.jp/thumbnails/40345847/40345847.15390952	37600	435	983	252	307	VOCALOID	結月ゆかり	ボカコレ2022春ルーキー参加作品	ボカコレ2022春top100参加作品	また切ない世界を生きる	最後まで見るべき	マイリス巡回推奨	ハッピイバースデイ・ブロットパーク	物語音楽	もっと評価されるべき	ゆかりオリジナル曲
sm6793193	【初音ミク】ハイセンスナンセンス【オリジナル曲】	2009-04-19T14:56:02+09:00	667101		https://nicovideo.cdn.nimg.jp/thumbnails/6793193/6793193	1430503	28291	1399	29162	175	音楽	初音ミク	盛るP	ハイセンスナンセンス	人類には早すぎる動画	VOCALOID	ミクオリジナル曲	VOCALOID伝説入り	感性の反乱β	ミクウェーブ	電子ドラッグ
sm13305655	【初音ミク】ハイドアユートピア【PV付き】	2011-01-14T20:00:35+09:00	1094004		https://nicovideo.cdn.nimg.jp/thumbnails/13305655/13305655	251415	10069	139	6480	285	VOCALOID	ミクオリジナル曲	ハイドアユートピア	整列Ｐ	イママＰ	VOCALOID殿堂入り	ミヤ(絵師)	JOYSOUND配信中	ポップ・レクイエム	初音ミク名曲リンク	初音ミク
sm25210702	【鉛姫シリーズ】ハジマリノイロリターナー／nyanyannya feat.鏡音リン・レン	2014-12-27T00:00:00+09:00	787823		https://nicovideo.cdn.nimg.jp/thumbnails/25210702/25210702	236952	3199	150	945	213	VOCALOID	鏡音リン・レン誕生祭記念動画	鏡音リン	鏡音レン	nyanyannya	予感子	ハジマリノイロリターナー	鏡音リン・レン名曲リンク	VOCALOID殿堂入り	大天才P	鏡音オリジナル曲
sm37667894	【アニメMV】ハロー、メランコリィ / テトミック	2020-10-14T19:01:02+09:00	85389498		https://nicovideo.cdn.nimg.jp/thumbnails/37667894/37667894.20055036	36195	379	491	300	206	VOCALOID	vocaloidオリジナル曲	初音ミクオリジナル曲	重音テトオリジナル曲	vocaloidハロウィン曲	かふぃー(風邪薬排除p)	のんです	ネギドリル	ハロー、メランコリィ	vocaloid百合曲	
sm7365406	【鏡音リン】 ハローノストラ 【オリジナル曲】	2009-06-17T00:03:58+09:00	893644		https://nicovideo.cdn.nimg.jp/thumbnails/7365406/7365406	95668	3073	56	1252	197	鏡音リン	リンオリジナル曲	VOCALOID	キャプミラP	「Greatest_misses」収録曲	リン＆フューチャーナウ	VOCAPUNK	ハローノストラ	もっと大人が聞くべき「初音ミク+α」	レトロなボカうた	VOCALOID殿堂入り直前
sm39761750	ハローマイデイズ! / 初音ミク	2021-12-17T20:00:00+09:00	54491385		https://nicovideo.cdn.nimg.jp/thumbnails/39761750/39761750.4565924	19514	206	334	180	224	VOCALOID	初音ミク	ミクオリジナル曲	ネギシャワーP	藤依しの	MikuPOP	元気が出るミクうた	爽やかなミクうた	良調教	もっと評価されるべき	幸せ空間
sm41190836	【ボカロと歌う】ハロウィン・マスカレイド Vo.可不&amp;Kish.【人間と歌う】	2022-10-07T19:00:00+09:00	122495195		https://nicovideo.cdn.nimg.jp/thumbnails/41190836/41190836.54663416	40067	791	2234	6199	187	ボカコレ2022秋ルーキー参加作品	Kish.	ハロウィン・マスカレイド	可不オリジナル曲	Vocaloid	可不	ボカセカ応募楽曲	VOCALOIDハロウィン曲	VOCALOIDと歌ってみた	カップルチャンネル(2.5次元)	限界突破ｐ
sm22108591	【鏡音リンレン】ハロウィンサーカスショウ【オリジナルPV】	2013-10-24T18:00:00+09:00	20284521		https://nicovideo.cdn.nimg.jp/thumbnails/22108591/22108591	101871	2338	52	2903	275	VOCALOID	QTbomber	姉を見事に使いこなす妹P	よし	Mr.anti-noise	VOCALOIDハロウィン曲	ハロウィンサーカスショウ	VOCALOIDミュージカル	７：２４（姉を見事に使いこなす妹P）	ハロウィン	VOCALOID殿堂入り
sm16032668	【VOCALOID】ハロウィンパティスリトリカトルカ【ハロウィンです】	2011-10-30T22:40:51+09:00	145381		https://nicovideo.cdn.nimg.jp/thumbnails/16032668/16032668	250959	6667	73	5699	251	VOCALOID	マチゲリータP	VOCALOIDオリジナル曲	VOCALOIDハロウィン曲	VOCALOID幻想狂気曲リンク	ハロウィン	VOCALOID殿堂入り	驚異的な中毒性	さらに評価されるべき	神調教	ハロウィンパティスリトリカトルカ
sm20650726	【GUMI】ハロライン【オリジナル曲】	2013-04-20T19:00:00+09:00	20154927		https://nicovideo.cdn.nimg.jp/thumbnails/20650726/20650726	87543	3681	138	2015	211	VOCALOID	たると	ハロライン	GUMI_Power	えむめろ	青春ボカロ収録曲	さとこう	爽やかなGUMIうた	もっと伸びるべき	GUMIオリジナル曲	GUMI
sm39671386	バァチャンの遺産目当て / 巡音ルカV4X	2021-11-27T00:00:00+09:00	6618058		https://nicovideo.cdn.nimg.jp/thumbnails/39671386/39671386.35831870	29671	304	872	395	183	VOCALOID	ネタ曲投稿祭2021秋	巡音ルカv4x	バァチャンの遺産目当て	シャレオツP	ルカオリジナル曲	Virtual_Insanity	茶々尾ひろ賞受賞作	ネタ曲投稿祭受賞作品	巡音ルカ	
sm8359269	【初音ミク】バイビーベイビーサヨウナラ【オリジナル曲】	2009-09-28T05:45:47+09:00	1668185		https://nicovideo.cdn.nimg.jp/thumbnails/8359269/8359269	987895	21112	821	5733	190	音楽	初音ミク	VOCALOID	ミクオリジナル曲	VOCAROCK	バイビーベイビーサヨウナラ	saiB	DAM&JOY配信中	VOCALOID殿堂入り	ボカログランジ	VOCALOID伝説入り直前
sm43423874	バニラモカフラペチーノ / Takh feat.夏色花梨	2024-02-22T19:00:00+09:00	128446334		https://nicovideo.cdn.nimg.jp/thumbnails/43423874/43423874.84174330	25460	489	1059	839	229	ボカコレ2024冬ルーキー参加曲	歌踊コレok	VOCALOID	オリジナル曲	夏色花梨	synthesizerv	SynthesizerVオリジナル曲	夏色花梨オリジナル曲	ボカロ渋谷系	恋するぼかうた	VOCALOID食堂入り
sm24628201	【野球替え歌】オリバファロンド【オリックス・バファローズ】	2014-10-06T02:24:37+09:00	17568292		https://nicovideo.cdn.nimg.jp/thumbnails/24628201/24628201	2693	48	1	75	200	スポーツ	プロ野球	野球替え歌	オリックス	オリックス・バファローズ	ドレミファロンド	野球PV	さらに、ひとつになろー	バファローじゅり	歌ってみた	
sm6194443	【初音ミク】パステルライナー☆【オリジナル曲】	2009-02-18T23:16:57+09:00	96361		https://nicovideo.cdn.nimg.jp/thumbnails/6194443/6194443	86436	2437	39	2543	258	初音ミク	ミクオリジナル曲	ShakeSphere	鮭P	ベースラインの魔術師	パステルライナー☆	VOCALOID鉄道シリーズ	初音ミク名曲リンク	VOCALOID	VOCALOID学生化計画	かわいいミクうた
sm37662284	【紲星あかり＆ONE】パライソ・パライソ【オリジナル】	2020-10-13T20:00:00+09:00	35275687		https://nicovideo.cdn.nimg.jp/thumbnails/37662284/37662284.41528310	59769	660	760	411	204	VOCALOID	vocaloid新曲リンク	ONE_-ARIA_ON_THE_PLANETES-	紲星あかり	cevioオリジナル曲	ねじ式(火曜日p)	ONEオリジナル曲	あかりオリジナル曲	檀上大空	きずおね	VOCALOID百合曲
sm6087108	パラサイト/ M.I.K.U. 　／　巡音ルカ	2009-02-08T22:27:27+09:00	871714		https://nicovideo.cdn.nimg.jp/thumbnails/6087108/6087108	85564	2193	62	1930	277	巡音ルカ	生㌔P	ルカオリジナル曲	VOCALOID視覚芸術展	アンダーグラウンドボカロジャパン	VOCALOID	見んなの歌	感性の反乱β	神威がくぽ	POEMLOID	VOCALOID幻想狂気曲リンク
sm11447631	【KAITO】 パラドキシカル・パラダイム 【オリジナル】	2010-07-19T23:44:16+09:00	2745459		https://nicovideo.cdn.nimg.jp/thumbnails/11447631/11447631	88446	2948	89	1717	400	VOCALOID	KAITO	KAITOオリジナル曲	Ebot	パラドキシカル・パラダイム	三味線×ヴァイオリン	KAITO名曲リンク	螺旋三部作	JOYSOUND配信中	哀愁に定評のあるKAITO	vocaloid-pv
sm38066462	【APヘタリアMMD】パラレリズム恋心 - ダンスモーション	2021-01-03T15:45:00+09:00	53868266		https://nicovideo.cdn.nimg.jp/thumbnails/38066462/38066462.18484408	49702	835	1099	455	222	MMD	APヘタリアMMD	AxisPowersヘタリア	MMDモーショントレース	MMDモーション配布あり	APヘタリア伊太利亜リンク	パラレリズム恋心	ねこたりあ	MMDアクセサリ配布あり	MMD猫	もっと評価されるべき
sm21543032	【初音ミク・鏡音リン】パンチラ見て元気出して！【オリジナル曲】	2013-08-08T16:24:29+09:00	12732922		https://nicovideo.cdn.nimg.jp/thumbnails/21543032/21543032	20109	658	10	724	149	VOCALOID	初音ミク	鏡音リン	ミクオリジナル曲	リンオリジナル曲	VOCALOID新曲リンク	元気が出るボカロ曲	パンチラ見て元気出して！	ボーカエロイド	ミク×リンリンク	新曲リンクタグはロックしないで下さい
sm24961612	【初音ミク】 ピーターパン・シンドローム 【オリジナル！】	2014-11-21T19:57:50+09:00	8851187		https://nicovideo.cdn.nimg.jp/thumbnails/24961612/24961612	107480	2415	81	718	228	VOCALOID	buzzG	CHRIS	Kei_Nakamura	友達募集P	初音ミク	ピーターパン・シンドローム	切ないミクうた	初音ミク名曲リンク	ピーターパンシリーズ	VOCALOID殿堂入り
sm32939875	ピルグリム / flower	2018-03-25T19:00:00+09:00	29053926		https://nicovideo.cdn.nimg.jp/thumbnails/32939875/32939875	95021	837	46	379	232	VOCALOID	しーくん	みつきさなぎ	ため（叫べP）	v_flower	ピルグリム	ピルグリム(しーくん)	VOCAROCK	v_flowerオリジナル曲	もっと評価されるべき	VOCALOID殿堂入り直前
sm3647176	ファーレンハイト　まったり実況プレイ　Part1	2008-06-14T00:59:25+09:00	5732840		https://nicovideo.cdn.nimg.jp/thumbnails/3647176/3647176	272538	1502	3	49660	2002	ゲーム	ファーレンハイト	囲炉裏	実況プレイpart1リンク							
so44573168	ファイアダンス / Vivid BAD SQUAD	2025-01-25T18:30:00+09:00		2646600	https://nicovideo.cdn.nimg.jp/thumbnails/44573168/44573168.80416167	1147408	4906	6689	618	193	プロセカ公式	音楽	プロジェクトセカイ	Vivid_BAD_SQUAD	DECO*27	ギガP	劇場版プロジェクトセカイ	かゆか	ファイアダンス(DECO*27)	プロセカ伝説入り	
so44573168	ファイアダンス / Vivid BAD SQUAD	2025-01-25T18:30:00+09:00		2646600	https://nicovideo.cdn.nimg.jp/thumbnails/44573168/44573168.80416167	1147408	4906	6689	618	193	プロセカ公式	音楽	プロジェクトセカイ	Vivid_BAD_SQUAD	DECO*27	ギガP	劇場版プロジェクトセカイ	かゆか	ファイアダンス(DECO*27)	プロセカ伝説入り	
sm34847000	【MV】Royal Scandal -「ファントムペイン」/ luz	2019-03-25T19:00:00+09:00	8357758		https://nicovideo.cdn.nimg.jp/thumbnails/34847000/34847000.59899	872417	5346	374	1514	225	ニコニコインディーズ	luz(ルス)	奏音69	RAHWIA	ファントムペイン(RoyalScandal)	Royal_Scandal	岸利至	ニコニコインディーズ殿堂入り	音楽		
sm44553348	ど～ぱみん - 「フィッシュアンドTips」feat.初音ミク	2025-01-18T20:05:00+09:00	79410618		https://nicovideo.cdn.nimg.jp/thumbnails/44553348/44553348.33736818	92056	740	1288	158	180	VOCALOID	ミクオリジナル曲	#プロセカNEXT	初音ミク	ど～ぱみん	爆発電波	フィッシュアンドTips	ラーメンタイマー	VOCALOEDM	プロジェクトセカイ収録曲	
so40822718	フィラウティア/初音ミク	2022-07-28T18:00:00+09:00		2648319	https://nicovideo.cdn.nimg.jp/thumbnails/40822718/40822718.93169286	23936	549	1130	360	189	VOCALOID	ミクオリジナル曲	初音ミク	VOCALOIDオリジナル曲	無色透名祭	コンコン	フィラウティア	VOCAJAZZ	本人投稿sm40871818		
so40799392	フェイタルエゴ / 可不	2022-07-28T18:00:00+09:00		2648319	https://nicovideo.cdn.nimg.jp/thumbnails/40799392/40799392.24000330	252141	2079	4219	938	148	VOCALOID	可不オリジナル曲	cevioオリジナル曲	無色透名祭	可不	フェイタルエゴ	ボカムンベース	致命的な自我	CeVIO殿堂入り	無色透名祭殿堂入り	CeVIO変拍子曲
sm3288310	フォーク並びを徹底してほしい【KAITO】【オリジナル】	2008-05-12T03:15:34+09:00	517132		https://nicovideo.cdn.nimg.jp/thumbnails/3288310/3288310	53450	826	36	2169	158	音楽	KAITOオリジナル曲	kihirohitoP	フォーク並びを徹底してほしい	護法少女ソワカちゃん	袋のままで行く	JOYSOUND配信中	KAITO迷曲リンク	KAITO	VOCALOID	ボカロ歌謡曲
sm7808526	【東方ＰＶ】お空のニュークリアフュージョン道場	2009-08-01T18:22:49+09:00	8851818		https://nicovideo.cdn.nimg.jp/thumbnails/7808526/7808526	1270383	18819	423	28110	212	エンターテイメント	東方	ＩＯＳＹＳ	お空のニュークリアフュージョン道場	霊烏路空	番台漆	東方アレンジPVリンク	東方年柄年中	＼（＾ω＾＼）おー！（／＾ω＾）／おー！	東方ヴォーカル	
sm42452105	∴煮ル果実「ブーケガルニ」with Flower	2023-07-14T19:10:00+09:00	32646403		https://nicovideo.cdn.nimg.jp/thumbnails/42452105/42452105.1041058	189619	957	2142	488	176	VOCALOID	v_flower	煮ル果実	はるもつ	v_flowerオリジナル曲	ブーケガルニ	「FRUITÁGE」収録曲	VOCAROCK	VOCALOID殿堂入り	VOCALOID食堂入り	
sm5651671	寺田まもとタイツォンが初音ミクと××× 「ブレイクアウト！」	2008-12-25T04:22:20+09:00	3586840		https://nicovideo.cdn.nimg.jp/thumbnails/5651671/5651671	649371	18633	125	17096	425	タイツォン	くろば＠前方不注意	けったろ	VOCALOID	ブレイクアウト！	VOCALOID殿堂入り	VOCALOIDと歌ってみた	ニコラップ	ミクオリジナル曲	初音ミク	寺田まも
sm5651671	寺田まもとタイツォンが初音ミクと××× 「ブレイクアウト！」	2008-12-25T04:22:20+09:00	3586840		https://nicovideo.cdn.nimg.jp/thumbnails/5651671/5651671	649371	18633	125	17096	425	タイツォン	くろば＠前方不注意	けったろ	VOCALOID	ブレイクアウト！	VOCALOID殿堂入り	VOCALOIDと歌ってみた	ニコラップ	ミクオリジナル曲	初音ミク	寺田まも
sm30842871	プリムラの食べ方／初音ミク	2017-03-17T21:17:12+09:00	50630311		https://nicovideo.cdn.nimg.jp/thumbnails/30842871/30842871	71069	589	90	127	221	VOCALOID	プリムラの食べ方	春野	初音ミク	ミクオリジナル曲	ミクトロニカ	ききいるミクうた	春ニカ祭2017	mits		
sm23227696	初音ミク　オリジナル曲　『プロジェクトインサイダア』	2014-04-01T09:00:00+09:00	32976393		https://nicovideo.cdn.nimg.jp/thumbnails/23227696/23227696	158804	1083	173	873	192	VOCALOID	日陰電工	本物巡回推奨	ミクオリジナル曲	日向電工さんごめんなさいシリーズ	プロジェクトインサイダア	胸に草生やすな	VOCALOID殿堂入り	初音ミク		
sm19679241	ヘイセイカタクリズム	2012-12-26T21:00:00+09:00	10019421		https://nicovideo.cdn.nimg.jp/thumbnails/19679241/19679241	765437	13198	305	19903	195	VOCALOID	しおみづ	Not-116	かいりきベア	ぷす	IA_-ARIA_ON_THE_PLANETES-	IAオリジナル曲	ヘイセイプロジェクト	ヘイセイカタクリズム	VOCALOID殿堂入り	IA名曲リンク
sm38801368	ヘイターガール ／ 初音ミク【オリジナル曲】	2021-05-28T15:24:02+09:00	38508555		https://nicovideo.cdn.nimg.jp/thumbnails/38801368/38801368.52223140	222071	376	405	1349	241	VOCALOID	初音ミク	vocaloid処女作	初音ミクオリジナル曲	うみくん(分類不可)	ボカロ	sakiyama	ミクオリジナル曲	toshihiro	VOCALOID殿堂入り	ヘイターガール
sm40200756	ヘパイストス / flower	2022-03-20T16:00:00+09:00	97110846		https://nicovideo.cdn.nimg.jp/thumbnails/40200756/40200756.64398976	32742	231	358	138	147	VOCALOID	v_flower	藤原ハガネ	まいどみど	v_flowerオリジナル曲	ヘパイストス(藤原ハガネ)	vocaloid新曲リンク	クールな花うた	v4_flower	VOCAROCK	vocaloidオリジナル曲
sm43544440	【#コンパス】ベビーデイズ chinozo【二次創作】	2024-03-19T18:23:02+09:00	94902017		https://nicovideo.cdn.nimg.jp/thumbnails/43544440/43544440.88783889	485	5	9	0	202	chinozo	#コンパス	二次創作								
sm26715344	【きじねこ×Gero】ペテン師ロック【オリジナルMV】	2015-07-16T19:00:00+09:00	190917		https://nicovideo.cdn.nimg.jp/thumbnails/26715344/26715344	373662	6930	169	1669	231	歌ってみた	ペテン師ロック	きじねこ	小峠舞	ぐるーぶ	Gero	NNIオリジナル曲	まごつき	ニコニコインディーズ	ニコニコインディーズ殿堂入り	
sm26715344	【きじねこ×Gero】ペテン師ロック【オリジナルMV】	2015-07-16T19:00:00+09:00	190917		https://nicovideo.cdn.nimg.jp/thumbnails/26715344/26715344	373662	6930	169	1669	231	歌ってみた	ペテン師ロック	きじねこ	小峠舞	ぐるーぶ	Gero	NNIオリジナル曲	まごつき	ニコニコインディーズ	ニコニコインディーズ殿堂入り	
sm43770852	ホ・オポノポノ / めろくる feat. 初音ミク＆巡音ルカ	2024-05-11T19:00:00+09:00	122889833		https://nicovideo.cdn.nimg.jp/thumbnails/43770852/43770852.36158127	28671	233	470	139	165	VOCALOID	初音ミクオリジナル曲	巡音ルカオリジナル曲	めろくる	初音ミク	巡音ルカ	ミク&ルカリンク	ホ・オポノポノ	ミクオリジナル曲	ルカオリジナル曲	#プロセカnext
sm15465903	【初音ミク(とく)】ホシノウタ【オリジナル曲】	2011-08-30T21:16:19+09:00	161775		https://nicovideo.cdn.nimg.jp/thumbnails/15465903/15465903	154170	7119	100	4315	307	VOCALOID	とくP	森井ケンシロウ	初音ミク	ミクオリジナル曲	ホシノウタ（とくP）	VOCALO_TEARS_feat.初音ミク収録曲	初音ミク名曲リンク	VOCALOID殿堂入り	星のうた	
sm23193475	【初音ミク】ホワイトスニーカー・ラブ【オリジナル曲】	2014-03-28T17:06:00+09:00	20345306		https://nicovideo.cdn.nimg.jp/thumbnails/23193475/23193475	113215	4500	69	918	228	投稿者コメント	初音ミク	ミクオリジナル曲	黒田亜津	ホワイトスニーカー・ラブ	かわいいミクうた	VOCALOID	JOYSOUND配信中	VOCALOID殿堂入り	VOCALOID学生化計画	魂実装済み
sm43936204	【Lyric Video】ボックスワンターバ～ン/重音テトSV ver.	2024-08-09T20:00:00+09:00	62291310		https://nicovideo.cdn.nimg.jp/thumbnails/43936204/43936204.35000644	62143	334	941	238	136	重音テトsv	重音テトオリジナル曲	VOCALOID	ボカロオリジナル曲	ぼくわたチャンネル	ぼかえり2024夏	歌踊コレok	ボックスワンターバ～ン	夢の共演	テトオリジナル曲	まさかの公式
sm43424391	ポッピンヒューマノイド／バーミーズ feat. 初音ミク　	2024-02-23T00:00:00+09:00	118720511		https://nicovideo.cdn.nimg.jp/thumbnails/43424391/43424391.17611753	27712	496	972	322	229	VOCALOID	ボカコレ2024冬top100ランキング参加曲	vocaloidと歌ってみた	初音ミク	ミクオリジナル曲	初音ミクオリジナル曲	クラブで使えるボカロ曲リンク	もっと評価されるべき	VOCALOID宇宙派	ポッピンヒューマノイド	イカ
sm17267669	春色ポートレート/しゃむおん	2012-03-16T20:27:18+09:00	11013126		https://nicovideo.cdn.nimg.jp/thumbnails/17267669/17267669	106552	3341	24	3780	298	歌ってみた	しゃむおん	春色ポートレート	halyosy	イクシマ	SOUND_VOLTEX収録曲	ニコニコインディーズ				
sm33333516	ポジティヴ・ハラスメント！！！ - 和田たけあき【Vo.音街ウナ】	2018-06-08T18:00:00+09:00	466979		https://nicovideo.cdn.nimg.jp/thumbnails/33333516/33333516	291527	2350	289	5108	200	VOCALOID	ポジティヴ・ハラスメント！！！	音街ウナ	ドンツーミュージック2	チェリ子	ウナオリジナル曲	ポジ原君	VOCALOID殿堂入り	JOYSOUND配信中	和田たけあき	驚異的な中毒性
sm40721713	【MMD艦これ】浦風で「ポジティブパレード」【競泳Ver】	2022-07-04T20:22:03+09:00	29951763		https://nicovideo.cdn.nimg.jp/thumbnails/40721713/40721713.44270747	3867	45	82	29	196	MMD艦これ	MikuMikuDance	競泳水着	浦風(艦これ)	ポジティブパレード	艦隊これくしょん					
sm18487123	【鏡音リン】ポジポジ【PV付オリジナル】	2012-07-30T22:23:23+09:00	812106		https://nicovideo.cdn.nimg.jp/thumbnails/18487123/18487123	485538	24635	127	42072	317	VOCALOID	鏡音リン	VOCALOID-PV	ザク切りポテトP	よし屋P	ポジP	ポジポジ	風評被害シリーズ	ポジ種ヤバ交尾	ドラゴン田中	例のアレ
so40804257	ポストずんだロックなのだ / ずんだもん	2022-07-28T18:00:00+09:00		2648319	https://nicovideo.cdn.nimg.jp/thumbnails/40804257/40804257.10380090	242090	3158	7000	1835	220	VOCALOID	ずんだもん	VOICEVOX	ずんだもんオリジナル曲	無色透名祭	ポストミック	VOICEVOX殿堂入り	poemloid	ポエトリーリーディング	世界電力	ポストずんだロックなのだ
sm20691503	【初音ミク・GUMI】マジェンタ【オリジナルPV】	2013-04-25T19:00:00+09:00	22711505		https://nicovideo.cdn.nimg.jp/thumbnails/20691503/20691503	345252	6272	157	2798	196	VOCALOID	Diarays	アボガド6	マジェンタ	VOCALOID殿堂入り	DAM&JOY配信中	VOCALOID視覚芸術展	続編:sm28687387	ミク＆GUMIリンク	マジェンタ(diarays)	コウ(ボカロp)
sm33030616	∴煮ル果実「マディ・マーマレード」with Flower	2018-04-10T19:10:00+09:00	32646403		https://nicovideo.cdn.nimg.jp/thumbnails/33030616/33030616	172084	880	490	456	226	VOCALOID	v_flower	v_flowerオリジナル曲	煮ル果実	YReina.	ボカロラップ	マディ・マーマレード	JOYSOUND配信中	VOCALOID殿堂入り	とりあえずなんか書いとけ	
sm19216337	【満福神社×幽閉サテライト】幻想万華鏡「泡沫、哀のまほろば」PV完成版	2012-10-27T19:57:32+09:00	21630757		https://nicovideo.cdn.nimg.jp/thumbnails/19216337/19216337	809827	16044	515	8683	123	東方	満福神社	幽閉サテライト	幻想万華鏡	泡沫、哀のまほろば	アニメ	二次創作	東方永夜抄	ハーフミリオン	コメント<マイリスト	
sm34064358	【IA】マボロシミュレーション【オリジナル】	2018-10-23T20:00:00+09:00	35275687		https://nicovideo.cdn.nimg.jp/thumbnails/34064358/34064358	28955	469	40	342	198	VOCALOID	IA_-ARIA_ON_THE_PLANETES-	IAオリジナル曲	ねじ式(火曜日P)	檀上大空	アルミーダ	マボロシミュレーション	INDICTOR収録曲	M3-2018秋	もっと評価されるべき	
sm23668032	【初音ミク】マヨイガミステリヰ【てにをは】	2014-05-30T18:12:27+09:00	5272155		https://nicovideo.cdn.nimg.jp/thumbnails/23668032/23668032	182158	2550	67	1220	216	VOCALOID	初音ミク	てにをは	七星	ロウ	マヨイガミステリヰ	妖怪少年探偵團	初音ミク名曲リンク	ミクオリジナル曲	VOCALOID殿堂入り	驚異的な中毒性
sm29963907	ミッドナイトに猫は笑う / 初音ミク	2016-11-03T19:00:00+09:00	45395036		https://nicovideo.cdn.nimg.jp/thumbnails/29963907/29963907	156388	2333	151	501	204	VOCALOID	初音ミク	ミスミ	飴屋エマ	ミッドナイトに猫は笑う	JOYSOUND配信中	ミクオリジナル曲	VOCALOIDにゃんこ入り	初音ミク名曲リンク	VOCALOID殿堂入り	驚異的な中毒性
sm37745735	ミッドナイト・スイマー【初音ミク】アニメMV	2020-11-07T18:00:00+09:00	3456164		https://nicovideo.cdn.nimg.jp/thumbnails/37745735/37745735.8114042	173274	530	386	205	246	VOCALOID	55ymtk	vocarock	Haる	初音ミク	ミクオリジナル曲	ミッドナイト・スイマー	のぶ（ギター）	中村リョーマ	VOCALOID殿堂入り	ニコニコDAILY_TOPICS
sm43417518	ミッドナイトパレイド / すしなり feat. 知声	2024-02-22T19:00:00+09:00	125784253		https://nicovideo.cdn.nimg.jp/thumbnails/43417518/43417518.56975025	7699	229	686	435	236	ボカコレ2024冬ルーキー参加曲	歌踊コレOK	VOCALOID	知声	voisona	ボカコレ2024冬	シティポップ	知声オリジナル曲	お洒落なぼかうた	vocalocitypop	夜のうた
sm30166536	ミクミクミクミクミ／キノシタ feat.初音ミク	2016-12-04T19:12:13+09:00	52186396		https://nicovideo.cdn.nimg.jp/thumbnails/30166536/30166536	127861	1703	163	2206	272	VOCALOID	初音ミク	キノシタ	ミクミクミクミクミ	VOCALOID殿堂入り	VOCALOIDイメージソング	かわいいミクうた	ミクオリジナル曲	ボカロp自作アニメーションmvリンク		
sm34489329	flower 『ミザリィ』MV/ルワン	2019-01-18T20:00:00+09:00	47824608		https://nicovideo.cdn.nimg.jp/thumbnails/34489329/34489329.28983	148242	1237	142	293	256	VOCALOID	ルワン	v_flower	金子開発	ミザリィ	v_flowerオリジナル曲	映画「ミザリー」参照	VOCALOID殿堂入り	スティーブン・キング	サイコホラー	
sm27993787	ミラーリング／初音ミク	2016-01-12T20:00:00+09:00	14203891		https://nicovideo.cdn.nimg.jp/thumbnails/27993787/27993787	1511591	5705	537	1996	222	VOCALOID	バルーン	からむし	さくらば	ミラーリング	初音ミク	初音ミクオリジナル	ミクオリジナル曲	VOCALOID伝説入り	初音ミク名曲リンク	DAM&JOY配信中
sm20794266	【初音ミクAppend】ミルクティー【オリジナルPV】	2013-05-06T18:09:55+09:00	3380523		https://nicovideo.cdn.nimg.jp/thumbnails/20794266/20794266	295925	4822	806	4085	293	VOCALOID	ミクオリジナル曲	初音ミクAppend	VOCAROCK	初音ミク	VOCALOID百合曲	VOCALOID殿堂入り	初音ミク名曲リンク	よねしゃっく（ドジっP）	ミルクティー(だだ)	だだ
sm19962362	柱の男ワムウが「BLOODY STREAM」を歌ってくれた	2013-01-31T15:52:32+09:00	8009829		https://nicovideo.cdn.nimg.jp/thumbnails/19962362/19962362	1423147	47697	1525	41717	314	ベルベる☆	その他	ジョジョの奇妙な冒険（アニメ）	ニコニコ声優部	大塚明夫	アフレコしてみた	ワムウ	ジョセフ・ジョースター	戦闘潮流	BLOODY_STREAM	大塚明夫→富沢亜古→朝倉摂→○○財団
sm27554388	【GUMI】 ムゲンノツバサ 【オリジナル曲PV】	2015-11-09T21:00:00+09:00	45293615		https://nicovideo.cdn.nimg.jp/thumbnails/27554388/27554388	51188	1377	29	619	279	VOCALOID	GUMI	ムゲンノツバサ	GUMIオリジナル曲	VOCALOID-PV	桜木蓮	VOCAROCK	ハヤブサ(Falconnect)	もっと評価されるべき	まつらい	爽やかなGUMIうた
sm40621503	メカクシンデレラ / ねじ式 feat.初音ミク＆鏡音リン＆巡音ルカ＆MEIKO	2022-06-14T19:00:00+09:00	35275687		https://nicovideo.cdn.nimg.jp/thumbnails/40621503/40621503.70813990	42256	566	854	517	247	VOCALOID	vocaloid新曲リンク	初音ミクオリジナル曲	鏡音リンオリジナル曲	巡音ルカオリジナル曲	ねじ式(火曜日p)	初音ミク	鏡音リン	MEIKO	巡音ルカ	メカクシンデレラ
sm14813865	【東方手書き劇場】ヨメチル	2011-06-22T06:33:54+09:00	533804		https://nicovideo.cdn.nimg.jp/thumbnails/14813865/14813865	52131	1034	6	1701	254	東方	東方手書き劇場	チルノ愛してる	衝撃のラスト	チルノ	だんご大家族	光源氏	大妖精「ノーカン！ノーカン！」	幻想郷なので父子結婚可能である	もうロリコンでいいや	きれいなクレセント
sm38874555	ど～ぱみん - 「メンティーラ」feat.初音ミク	2021-06-12T20:00:00+09:00	79410618		https://nicovideo.cdn.nimg.jp/thumbnails/38874555/38874555.39892451	60193	478	551	229	227	VOCALOID	初音ミク	vocaloid新曲リンク	vocaloidオリジナル曲	自作曲	爆発電波	ミクオリジナル曲	メンティーラ	ど～ぱみん		
sm32923366	モウマンタイと叫んだら / 結月ゆかり	2018-03-23T19:00:00+09:00	63367816		https://nicovideo.cdn.nimg.jp/thumbnails/32923366/32923366	31852	414	32	103	198	VOCALOID	VOCALOIDオリジナル曲	結月ゆかり	ゆかりオリジナル曲	SEVENTHLINKS	モウマンタイと叫んだら	あけの	はるお	yo-k@	Kew	
sm31556220	【結月ゆかり＆石黒千尋】モミアゲRock！【オリジナル】	2017-07-12T15:30:11+09:00	36347628		https://nicovideo.cdn.nimg.jp/thumbnails/31556220/31556220	90346	576	40	184	207	VOCALOID	結月ゆかり	ゆかりオリジナル曲	石黒千尋	モミアゲRock！	VOCALOIDと歌ってみた	高性能ぼっち				
sm30531878	ヤツメ穴	2017-01-30T02:55:03+09:00	43045867		https://nicovideo.cdn.nimg.jp/thumbnails/30531878/30531878	763735	4694	2825	2391	221	ヤツメ穴	海鮮市場	再うｐ	界隈曲	作者≠うp主	コメント非表示推奨	驚異的な中毒性				
sm44678446	ユーロスターに乗って/歌愛ユキ	2025-02-22T00:00:00+09:00	33492762		https://nicovideo.cdn.nimg.jp/thumbnails/44678446/44678446.34989036	2602	80	146	70	176	音楽	VOCALOID	ボカコレ2025冬TOP100ランキング参加曲	歌愛ユキオリジナル曲	歌愛ユキ						
sm35734050	【結月ゆかり】ユカユカ☆ルナティックナイト【オリジナル】	2019-09-26T21:00:00+09:00	37406362		https://nicovideo.cdn.nimg.jp/thumbnails/35734050/35734050.58523605	17311	374	79	115	279	VOCALOID	結月ゆかり	ゆかりオリジナル曲	ユカユカ☆ルナティックナイト	うかのミコ	遺志を継ぎし者	SAMじゃナイトシリーズ	VOCALOID-EUROBEAT	結月ゆかりオリジナル曲	VM生使用可	KAIナイトシリーズ
sm34308330	MV『ユメガール』｜IA × ONE	2018-12-12T18:30:00+09:00	14930313		https://nicovideo.cdn.nimg.jp/thumbnails/34308330/34308330	46659	470	72	363	241	VOCALOID	IA_-ARIA_ON_THE_PLANETES-	ONE_-ARIA_ON_THE_PLANETES-	ちいたな	VOCALOIDオリジナル曲	史嶋史	CeVIOオリジナル曲	CeVIO	ユメガール	VOCALOID&CeVIOオリジナル曲	
sm13807329	ユメネコ / 初音ミク・GUMI	2011-03-07T23:16:58+09:00	865591		https://nicovideo.cdn.nimg.jp/thumbnails/13807329/13807329	242627	5605	162	3209	250	VOCALOID	EXIT_TUNES_PRESENTS_Supernova5	ユメネコ（ピノキオP）	VOCALOID殿堂入り	DAM&JOY配信中	初音ミク	GUMI	VOCALOIDオリジナル曲	ミク＆GUMIリンク	vocaloidにゃんこ入り	ピノキオピー
sm11786252	ディズニー～オルゴール　1/fのゆらぎ	2010-08-17T22:09:17+09:00	10504606		https://nicovideo.cdn.nimg.jp/thumbnails/11786252/11786252	274526	6504	51	2975	2751	音楽	投稿者コメント	オルゴール	ディズニー	1/fのゆらぎ	α波	睡眠用BGM	ディズニー音楽集	Disney		
sm17074365	【GUMI】ラッパ吹きの少年【オリジナル】	2012-02-25T18:00:50+09:00	8493719		https://nicovideo.cdn.nimg.jp/thumbnails/17074365/17074365	28689	1201	13	1013	214	VOCALOID	GUMI	VOCALOID-PV	VOCALOID3発売記念コンテスト	GUMIオリジナル曲	PIROPARU	衝撃のラスト	最後まで見るべき	ラッパ吹きの少年		
sm6939313	【鏡音リン】ラビリンス【オリジナル曲】	2009-05-04T05:53:19+09:00	4632758		https://nicovideo.cdn.nimg.jp/thumbnails/6939313/6939313	254718	8397	94	5644	274	鏡音リン	リンオリジナル曲	ラビリンス	Dios/シグナルP	VOCALOID	神調教	DAM&JOY配信中	VOCALOID殿堂入り	伝説のRINマスター	田村ヒロ	鏡音リン名曲リンク
sm475941	アイドルマスター　「ラブリー☆えんじぇる!!」　雪歩・やよい	2007-06-19T01:34:04+09:00	97451		https://nicovideo.cdn.nimg.jp/thumbnails/475941/475941	1452960	23824	138	62141	206	yotaP	アイドルマスター	ラブリー☆えんじぇる!!	高槻やよい	萩原雪歩	im@sコラボpv	あべにゅうぷろじぇくと	やよ癒し	100万再生	伊藤誠	快盗天使ツインエンジェル
sm29194168	ラプンツェル / 初音ミクDark	2016-07-06T21:00:13+09:00	26225387		https://nicovideo.cdn.nimg.jp/thumbnails/29194168/29194168	1117579	11119	1394	5597	268	VOCALOID	ナブナ	No.734	あわしま	初音ミク	ラプンツェル(ナブナ)	n-buna	ミクオリジナル曲	VOCALOID伝説入り	初音ミク名曲リンク	DAM＆JOY配信中
sm22875752	【第12回MMD杯本選】毒舌!クリーパー先生 THE MOVIE	2014-02-14T21:00:00+09:00	52497		https://nicovideo.cdn.nimg.jp/thumbnails/22875752/22875752	366884	5070	67	11972	240	ゲーム	ベホイミ作品	毒舌!クリーパー先生	MikuMikuDance	第12回MMD杯本選	MMD杯12本-風	Minecraft	第12回MMD杯【無冠の傑作】リンク	弦巻マキ	MMDマインクラフト	
sm39267116	リアライン / 5u5h1 feat. 音街ウナ	2021-08-31T17:00:00+09:00	12775027		https://nicovideo.cdn.nimg.jp/thumbnails/39267116/39267116.54253583	71565	587	679	143	254	VOCALOID	音街ウナ	ウナオリジナル曲	5u5h1	カス（ドラム）	セルフカバー	VOCALOID夏曲	ゲテモノピロ毛	リアライン	VOCAROCK	当然の疾走感
sm28572555	【IA】 リスキーメイズ 【オリジナルMV】	2016-04-08T20:00:00+09:00	12718229		https://nicovideo.cdn.nimg.jp/thumbnails/28572555/28572555	106328	1958	37	798	227	VOCALOID	投稿者コメント	IA_-ARIA_ON_THE_PLANETES-	MOSAIC.TUNE	VOCALOID新曲リンク	あん	水無月	VOCALOID-PV	リスキーメイズ	クールなぼかうた	
sm28576906	【初音ミク】リリィクラウン【オリジナル】	2016-04-05T20:00:00+09:00	280102		https://nicovideo.cdn.nimg.jp/thumbnails/28576906/28576906	50145	1029	69	397	234	VOCALOID	初音ミク	VOCAROCK	yui_wani	花芽宮るる	ミクオリジナル曲	VOCALOID百合曲	リリィクラウン	百合	百合ソング	
sm16467476	【GUMI】ルサンチマンと虚構の箱庭【オリジナル曲】	2011-12-19T20:00:22+09:00	378996		https://nicovideo.cdn.nimg.jp/thumbnails/16467476/16467476	65958	2742	36	1367	265	VOCALOID	ロリP	GUMI	GUMIオリジナル曲	ルサンチマンと虚構の箱庭	VOCALOID3発売記念コンテスト	JOYSOUND配信中	VOCAROCK	変拍子	もっと評価されるべき	ピアノGUMI
sm5935195	【初音ミク】ルナー・リフレクション【オリジナル】	2009-01-24T21:59:49+09:00	1232796		https://nicovideo.cdn.nimg.jp/thumbnails/5935195/5935195	48018	2150	32	652	257	音楽	Phantasma	ルナー・リフレクション	ミクオリジナル曲	星のうた	ききいるミクうた	初音ミク名曲リンク	マイリス巡回推奨	VOCALOIDおふとん入り	そっと評価されるべき	VOCALOID
sm32715044	レアリゼ / 初音ミク	2018-02-12T21:00:00+09:00	62872884		https://nicovideo.cdn.nimg.jp/thumbnails/32715044/32715044	15209	786	8	101	270	VOCALOID	初音ミク	ミクオリジナル曲	VOCALOIDオリジナル曲	VOCALOIDデジタルロック	Riquet	神調教	驚異的な中毒性	黙ってマイリス	納得の感動	初音ミク名曲リンク
sm35274549	Miku＆cat nap - レイジー・クルーズ	2019-06-17T00:00:00+09:00	16785147		https://nicovideo.cdn.nimg.jp/thumbnails/35274549/35274549.76792128	57960	729	371	315	278	VOCALOID	初音ミク	ミクオリジナル曲	レイジー・クルーズ	cat_nap	VOCALOIDと歌ってみた	VOCALOID実写PV	夜のうた	VocaR&B		
sm5338703	DECO*27 - レインボーダー feat. 初音ミク	2008-11-24T03:04:23+09:00	811012		https://nicovideo.cdn.nimg.jp/thumbnails/5338703/5338703	277458	3833	310	3529	231	初音ミク	ミクオリジナル曲	レインボーダー	DECO*27	VOCALOID	VOCALOID雨上がり	初音ミク名曲リンク	VOCALOID殿堂入り	ロリミク		
sm14875967	【初音ミク】ロマンちっくブレイカー【オリジナル曲】	2011-06-29T08:19:31+09:00	3136073		https://nicovideo.cdn.nimg.jp/thumbnails/14875967/14875967	187190	7049	74	4328	223	VOCALOID	中西	ロマンちっくブレイカー	初音ミク	ピストンP	ミク＆レンリンク	ヤマコ(絵師)	VOCALOID殿堂入り	ミクオリジナル曲	かわいいミクうた	DAM&JOY配信中
sm18375657	初音ミク　オリジナル曲　『ワープアンドワープ』	2012-07-17T22:00:43+09:00	28540911		https://nicovideo.cdn.nimg.jp/thumbnails/18375657/18375657	475406	4485	487	2272	192	VOCALOID	日向電工	ワープアンドワープ	初音ミク	VOCALOID殿堂入り	初音ミク名曲リンク	DAM&JOY配信中	VOCALOID地底派	『ブラックホールディスク』収録曲	VOCALOID宇宙派	
sm35262580	【オリジナル】ワールドエンド・ガールズライク【初音ミク】	2019-06-14T19:01:02+09:00	15078610		https://nicovideo.cdn.nimg.jp/thumbnails/35262580/35262580.81666610	12124	228	54	79	204	VOCALOID	鹿乃	初音ミクオリジナル曲	ワールドエンド・ガールズライク	初音ミク	ミクオリジナル曲	amie	ASCN	翠葉		
sm6020985	【巡音ルカオリジナル曲】ワンダーラスト【PV】	2009-02-02T06:13:36+09:00	461870		https://nicovideo.cdn.nimg.jp/thumbnails/6020985/6020985	2907942	58895	2400	39795	206	VOCALOID	ワンダーラスト	巡音ルカ	sasakure.UK	ルカオリジナル曲	Chiptune×VOCALOIDリンク	「終末」シリーズ	世界崩壊曲リンク	VOCALOID伝説入り	巡音ルカ名曲リンク	DAM&JOY配信中
sm19743048	【GUMI】ワンダホー・ニッポン！【オリジナル曲MV】	2013-01-03T19:07:30+09:00	3429587		https://nicovideo.cdn.nimg.jp/thumbnails/19743048/19743048	561808	6103	437	15834	249	VOCALOID	ワンダホー・ニッポン！	GUMIオリジナル曲	かごめP	takamatt	まこ猫	GUMI	VOCALOID殿堂入り	GUMI名曲リンク		
sm19743048	【GUMI】ワンダホー・ニッポン！【オリジナル曲MV】	2013-01-03T19:07:30+09:00	3429587		https://nicovideo.cdn.nimg.jp/thumbnails/19743048/19743048	561808	6103	437	15834	249	VOCALOID	ワンダホー・ニッポン！	GUMIオリジナル曲	かごめP	takamatt	まこ猫	GUMI	VOCALOID殿堂入り	GUMI名曲リンク		
